"Nombre","Descripcion","Precio_Info","Categoria_URL","Imagen_URL","Archivo_Imagen","SKU_Aleatorio"
"Sin nombre","Sin descripción","Sin precio","https://www.vistaprint.com/promotional-products/food","Sin imagen","No descargada","N/A"
"Sin nombre","Sin descripción","Sin precio","https://www.vistaprint.com/promotional-products/food","Sin imagen","No descargada","N/A"
"Sin nombre","Sin descripción","Sin precio","https://www.vistaprint.com/promotional-products/food","Sin imagen","No descargada","N/A"
"Sin nombre","Sin descripción","Sin precio","https://www.vistaprint.com/promotional-products/food","Sin imagen","No descargada","N/A"
"Sin nombre","Sin descripción","Sin precio","https://www.vistaprint.com/promotional-products/food","https://cms.cloudinary.vpsvc.com/image/upload/c_scale,dpr_auto,f_auto,q_60,w_235/legacy_dam/en-us/S001888050.png","snacks-caramelos-0001.jpg","VP87Z44FN0"
"Sin nombre","Sin descripción","Sin precio","https://www.vistaprint.com/promotional-products/food","Sin imagen","No descargada","N/A"
"Sin nombre","Sin descripción","Sin precio","https://www.vistaprint.com/promotional-products/food","Sin imagen","No descargada","N/A"
"Sin nombre","Sin descripción","Sin precio","https://www.vistaprint.com/promotional-products/food","https://cms.cloudinary.vpsvc.com/image/upload/c_scale,dpr_auto,f_auto,q_60,w_235/legacy_dam/en-us/S001888223.png","snacks-caramelos-0002.jpg","VPEBP3MI78"
"Sin nombre","Sin descripción","Sin precio","https://www.vistaprint.com/promotional-products/food","Sin imagen","No descargada","N/A"
"Sin nombre","Sin descripción","Sin precio","https://www.vistaprint.com/promotional-products/food","Sin imagen","No descargada","N/A"
"Sin nombre","Sin descripción","Sin precio","https://www.vistaprint.com/promotional-products/food","https://cms.cloudinary.vpsvc.com/image/upload/c_scale,dpr_auto,f_auto,q_60,w_235/legacy_dam/en-us/S001888208.png","snacks-caramelos-0003.jpg","VPJPDICHWM"
"Sin nombre","Sin descripción","Sin precio","https://www.vistaprint.com/promotional-products/food","Sin imagen","No descargada","N/A"
"Sin nombre","Sin descripción","Sin precio","https://www.vistaprint.com/promotional-products/food","Sin imagen","No descargada","N/A"
"Sin nombre","Sin descripción","Sin precio","https://www.vistaprint.com/promotional-products/food","https://logo-rendering.large-assortment.vpsvc.com/api/v2/platform-products/vistaprint/en-US/PRD-RPQBP6L5F/sample-image?productVersion=2&requestor=lat-product-page-bff&selectedOptions%5BSubstrate%20Color%5D=%23FDF6E9&size=350","snacks-caramelos-0004.jpg","VPWBG7H151"
"Sin nombre","Sin descripción","Sin precio","https://www.vistaprint.com/promotional-products/food","Sin imagen","No descargada","N/A"
"Sin nombre","Sin descripción","Sin precio","https://www.vistaprint.com/promotional-products/food","Sin imagen","No descargada","N/A"
"Sin nombre","Sin descripción","Sin precio","https://www.vistaprint.com/promotional-products/food","data:image/gif;base64,R0lGODlhAQABAAAAACH5BAEKAAEALAAAAAABAAEAAAICTAEAOw==","snacks-caramelos-0005.jpg","VPZDUG0Q5O"
"Sin nombre","Sin descripción","Sin precio","https://www.vistaprint.com/promotional-products/food","Sin imagen","No descargada","N/A"
"Sin nombre","Sin descripción","Sin precio","https://www.vistaprint.com/promotional-products/food","Sin imagen","No descargada","N/A"
"Sin nombre","Sin descripción","Sin precio","https://www.vistaprint.com/promotional-products/food","Sin imagen","No descargada","N/A"
"Sin nombre","Sin descripción","Sin precio","https://www.vistaprint.com/promotional-products/food","Sin imagen","No descargada","N/A"
"Sin nombre","Sin descripción","Sin precio","https://www.vistaprint.com/promotional-products/food","Sin imagen","No descargada","N/A"
"Sin nombre","Sin descripción","Sin precio","https://www.vistaprint.com/promotional-products/food","Sin imagen","No descargada","N/A"
"Sin nombre","Sin descripción","Sin precio","https://www.vistaprint.com/promotional-products/food","Sin imagen","No descargada","N/A"
"Sin nombre","Sin descripción","Sin precio","https://www.vistaprint.com/promotional-products/food","Sin imagen","No descargada","N/A"
"Sin nombre","Sin descripción","Sin precio","https://www.vistaprint.com/promotional-products/food","Sin imagen","No descargada","N/A"
"Sin nombre","Sin descripción","Sin precio","https://www.vistaprint.com/promotional-products/food","Sin imagen","No descargada","N/A"
"Sin nombre","Sin descripción","Sin precio","https://www.vistaprint.com/promotional-products/food","Sin imagen","No descargada","N/A"
"Sin nombre","Sin descripción","Sin precio","https://www.vistaprint.com/promotional-products/food","Sin imagen","No descargada","N/A"
"Sin nombre","Sin descripción","Sin precio","https://www.vistaprint.com/promotional-products/food","Sin imagen","No descargada","N/A"
"Sin nombre","Sin descripción","Sin precio","https://www.vistaprint.com/promotional-products/food","Sin imagen","No descargada","N/A"
"Sin nombre","Sin descripción","Sin precio","https://www.vistaprint.com/promotional-products/food","https://logo-rendering.large-assortment.vpsvc.com/api/v2/platform-products/vistaprint/en-us/PRD-ZNEOOIZFQ/sample-image?productVersion=15&selectedOptions%5BSubstrate%20Color%5D=%23e8edf2&size=500&requestor=product-discovery-page","snacks-caramelos-0006.jpg","VP3TCFARIH"
"Sin nombre","Sin descripción","Sin precio","https://www.vistaprint.com/promotional-products/food","Sin imagen","No descargada","N/A"
"Sin nombre","Sin descripción","Sin precio","https://www.vistaprint.com/promotional-products/food","https://logo-rendering.large-assortment.vpsvc.com/api/v2/platform-products/vistaprint/en-us/PRD-ZNEOOIZFQ/sample-image?productVersion=15&selectedOptions%5BSubstrate%20Color%5D=%23e8edf2&size=500&requestor=product-discovery-page","No descargada","VPJS7LX5JK"
"Sin nombre","Sin descripción","Sin precio","https://www.vistaprint.com/promotional-products/food","Sin imagen","No descargada","N/A"
"Sin nombre","Sin descripción","Sin precio","https://www.vistaprint.com/promotional-products/food","Sin imagen","No descargada","N/A"
"Sin nombre","Sin descripción","Sin precio","https://www.vistaprint.com/promotional-products/food","Sin imagen","No descargada","N/A"
"Sin nombre","Sin descripción","Sin precio","https://www.vistaprint.com/promotional-products/food","Sin imagen","No descargada","N/A"
"Sin nombre","Sin descripción","Sin precio","https://www.vistaprint.com/promotional-products/food","Sin imagen","No descargada","N/A"
"Sin nombre","Sin descripción","Sin precio","https://www.vistaprint.com/promotional-products/food","Sin imagen","No descargada","N/A"
"Sin nombre","Sin descripción","Sin precio","https://www.vistaprint.com/promotional-products/food","Sin imagen","No descargada","N/A"
"Sin nombre","Sin descripción","Sin precio","https://www.vistaprint.com/promotional-products/food","https://logo-rendering.large-assortment.vpsvc.com/api/v2/platform-products/vistaprint/en-us/PRD-9R84UF2OT/sample-image?productVersion=18&selectedOptions%5BSubstrate%20Color%5D=%23ffffff&size=500&requestor=product-discovery-page","snacks-caramelos-0007.jpg","VPFOVD600S"
"Sin nombre","Sin descripción","Sin precio","https://www.vistaprint.com/promotional-products/food","Sin imagen","No descargada","N/A"
"Sin nombre","Sin descripción","Sin precio","https://www.vistaprint.com/promotional-products/food","https://logo-rendering.large-assortment.vpsvc.com/api/v2/platform-products/vistaprint/en-us/PRD-9R84UF2OT/sample-image?productVersion=18&selectedOptions%5BSubstrate%20Color%5D=%23ffffff&size=500&requestor=product-discovery-page","No descargada","VP9YOXS3ZE"
"Sin nombre","Sin descripción","Sin precio","https://www.vistaprint.com/promotional-products/food","Sin imagen","No descargada","N/A"
"Sin nombre","Sin descripción","Sin precio","https://www.vistaprint.com/promotional-products/food","Sin imagen","No descargada","N/A"
"Sin nombre","Sin descripción","Sin precio","https://www.vistaprint.com/promotional-products/food","Sin imagen","No descargada","N/A"
"Sin nombre","Sin descripción","Sin precio","https://www.vistaprint.com/promotional-products/food","Sin imagen","No descargada","N/A"
"Sin nombre","Sin descripción","Sin precio","https://www.vistaprint.com/promotional-products/food","Sin imagen","No descargada","N/A"
"Sin nombre","Sin descripción","Sin precio","https://www.vistaprint.com/promotional-products/food","Sin imagen","No descargada","N/A"
"Sin nombre","Sin descripción","Sin precio","https://www.vistaprint.com/promotional-products/food","Sin imagen","No descargada","N/A"
"Sin nombre","Sin descripción","Sin precio","https://www.vistaprint.com/promotional-products/food","https://logo-rendering.large-assortment.vpsvc.com/api/v2/platform-products/vistaprint/en-us/PRD-DQGOOHSLL/sample-image?productVersion=15&selectedOptions%5BSubstrate%20Color%5D=%23f3f4f4&size=500&requestor=product-discovery-page","snacks-caramelos-0008.jpg","VPUENDQJPG"
"Sin nombre","Sin descripción","Sin precio","https://www.vistaprint.com/promotional-products/food","Sin imagen","No descargada","N/A"
"Sin nombre","Sin descripción","Sin precio","https://www.vistaprint.com/promotional-products/food","https://logo-rendering.large-assortment.vpsvc.com/api/v2/platform-products/vistaprint/en-us/PRD-DQGOOHSLL/sample-image?productVersion=15&selectedOptions%5BSubstrate%20Color%5D=%23f3f4f4&size=500&requestor=product-discovery-page","No descargada","VP4MFMNMYA"
"Sin nombre","Sin descripción","Sin precio","https://www.vistaprint.com/promotional-products/food","Sin imagen","No descargada","N/A"
"Sin nombre","Sin descripción","Sin precio","https://www.vistaprint.com/promotional-products/food","Sin imagen","No descargada","N/A"
"Sin nombre","Sin descripción","Sin precio","https://www.vistaprint.com/promotional-products/food","Sin imagen","No descargada","N/A"
"Sin nombre","Sin descripción","Sin precio","https://www.vistaprint.com/promotional-products/food","Sin imagen","No descargada","N/A"
"Sin nombre","Sin descripción","Sin precio","https://www.vistaprint.com/promotional-products/food","Sin imagen","No descargada","N/A"
"Sin nombre","Sin descripción","Sin precio","https://www.vistaprint.com/promotional-products/food","Sin imagen","No descargada","N/A"
"Sin nombre","Sin descripción","Sin precio","https://www.vistaprint.com/promotional-products/food","Sin imagen","No descargada","N/A"
"Sin nombre","Sin descripción","Sin precio","https://www.vistaprint.com/promotional-products/food","https://logo-rendering.large-assortment.vpsvc.com/api/v2/platform-products/vistaprint/en-us/PRD-IEC5PV0F5/sample-image?productVersion=14&selectedOptions%5BSubstrate%20Color%5D=%23d7d9d8&size=500&requestor=product-discovery-page","snacks-caramelos-0009.jpg","VPMQLPDZSM"
"Sin nombre","Sin descripción","Sin precio","https://www.vistaprint.com/promotional-products/food","Sin imagen","No descargada","N/A"
"Sin nombre","Sin descripción","Sin precio","https://www.vistaprint.com/promotional-products/food","https://logo-rendering.large-assortment.vpsvc.com/api/v2/platform-products/vistaprint/en-us/PRD-IEC5PV0F5/sample-image?productVersion=14&selectedOptions%5BSubstrate%20Color%5D=%23d7d9d8&size=500&requestor=product-discovery-page","No descargada","VP1TF7RJAO"
"Sin nombre","Sin descripción","Sin precio","https://www.vistaprint.com/promotional-products/food","Sin imagen","No descargada","N/A"
"Sin nombre","Sin descripción","Sin precio","https://www.vistaprint.com/promotional-products/food","Sin imagen","No descargada","N/A"
"Sin nombre","Sin descripción","Sin precio","https://www.vistaprint.com/promotional-products/food","Sin imagen","No descargada","N/A"
"Sin nombre","Sin descripción","Sin precio","https://www.vistaprint.com/promotional-products/food","Sin imagen","No descargada","N/A"
"Sin nombre","Sin descripción","Sin precio","https://www.vistaprint.com/promotional-products/food","Sin imagen","No descargada","N/A"
"Sin nombre","Sin descripción","Sin precio","https://www.vistaprint.com/promotional-products/food","Sin imagen","No descargada","N/A"
"Sin nombre","Sin descripción","Sin precio","https://www.vistaprint.com/promotional-products/food","Sin imagen","No descargada","N/A"
"Sin nombre","Sin descripción","Sin precio","https://www.vistaprint.com/promotional-products/food","https://logo-rendering.large-assortment.vpsvc.com/api/v2/platform-products/vistaprint/en-us/PRD-OHNH8DP4A/sample-image?productVersion=2&selectedOptions%5BSubstrate%20Color%5D=%23ffffff&size=500&requestor=product-discovery-page","snacks-caramelos-0010.jpg","VPU9NMWZRJ"
"Sin nombre","Sin descripción","Sin precio","https://www.vistaprint.com/promotional-products/food","Sin imagen","No descargada","N/A"
"Sin nombre","Sin descripción","Sin precio","https://www.vistaprint.com/promotional-products/food","https://logo-rendering.large-assortment.vpsvc.com/api/v2/platform-products/vistaprint/en-us/PRD-OHNH8DP4A/sample-image?productVersion=2&selectedOptions%5BSubstrate%20Color%5D=%23ffffff&size=500&requestor=product-discovery-page","No descargada","VPSW5COGQY"
"Sin nombre","Sin descripción","Sin precio","https://www.vistaprint.com/promotional-products/food","Sin imagen","No descargada","N/A"
"Sin nombre","Sin descripción","Sin precio","https://www.vistaprint.com/promotional-products/food","Sin imagen","No descargada","N/A"
"Sin nombre","Sin descripción","Sin precio","https://www.vistaprint.com/promotional-products/food","Sin imagen","No descargada","N/A"
"Sin nombre","Sin descripción","Sin precio","https://www.vistaprint.com/promotional-products/food","Sin imagen","No descargada","N/A"
"Sin nombre","Sin descripción","Sin precio","https://www.vistaprint.com/promotional-products/food","Sin imagen","No descargada","N/A"
"Sin nombre","Sin descripción","Sin precio","https://www.vistaprint.com/promotional-products/food","Sin imagen","No descargada","N/A"
"Sin nombre","Sin descripción","Sin precio","https://www.vistaprint.com/promotional-products/food","Sin imagen","No descargada","N/A"
"Sin nombre","Sin descripción","Sin precio","https://www.vistaprint.com/promotional-products/food","https://logo-rendering.large-assortment.vpsvc.com/api/v2/platform-products/vistaprint/en-us/PRD-QUUSJYNGM/sample-image?productVersion=4&selectedOptions%5BSubstrate%20Color%5D=%23020202&size=500&requestor=product-discovery-page","snacks-caramelos-0011.jpg","VPNW42V8ZV"
"Sin nombre","Sin descripción","Sin precio","https://www.vistaprint.com/promotional-products/food","Sin imagen","No descargada","N/A"
"Sin nombre","Sin descripción","Sin precio","https://www.vistaprint.com/promotional-products/food","https://logo-rendering.large-assortment.vpsvc.com/api/v2/platform-products/vistaprint/en-us/PRD-QUUSJYNGM/sample-image?productVersion=4&selectedOptions%5BSubstrate%20Color%5D=%23020202&size=500&requestor=product-discovery-page","No descargada","VPLMKT0WOP"
"Sin nombre","Sin descripción","Sin precio","https://www.vistaprint.com/promotional-products/food","Sin imagen","No descargada","N/A"
"Sin nombre","Sin descripción","Sin precio","https://www.vistaprint.com/promotional-products/food","Sin imagen","No descargada","N/A"
"Sin nombre","Sin descripción","Sin precio","https://www.vistaprint.com/promotional-products/food","Sin imagen","No descargada","N/A"
"Sin nombre","Sin descripción","Sin precio","https://www.vistaprint.com/promotional-products/food","Sin imagen","No descargada","N/A"
"Sin nombre","Sin descripción","Sin precio","https://www.vistaprint.com/promotional-products/food","Sin imagen","No descargada","N/A"
"Sin nombre","Sin descripción","Sin precio","https://www.vistaprint.com/promotional-products/food","Sin imagen","No descargada","N/A"
"Sin nombre","Sin descripción","Sin precio","https://www.vistaprint.com/promotional-products/food","Sin imagen","No descargada","N/A"
"Sin nombre","Sin descripción","Sin precio","https://www.vistaprint.com/promotional-products/food","https://logo-rendering.large-assortment.vpsvc.com/api/v2/platform-products/vistaprint/en-us/PRD-DPJV3BTR9/sample-image?productVersion=20&selectedOptions%5BSubstrate%20Color%5D=%23002870&size=500&requestor=product-discovery-page","snacks-caramelos-0012.jpg","VPU41NCGW2"
"Sin nombre","Sin descripción","Sin precio","https://www.vistaprint.com/promotional-products/food","Sin imagen","No descargada","N/A"
"Sin nombre","Sin descripción","Sin precio","https://www.vistaprint.com/promotional-products/food","https://logo-rendering.large-assortment.vpsvc.com/api/v2/platform-products/vistaprint/en-us/PRD-DPJV3BTR9/sample-image?productVersion=20&selectedOptions%5BSubstrate%20Color%5D=%23002870&size=500&requestor=product-discovery-page","No descargada","VPPXM0Z7VR"
"Sin nombre","Sin descripción","Sin precio","https://www.vistaprint.com/promotional-products/food","Sin imagen","No descargada","N/A"
"Sin nombre","Sin descripción","Sin precio","https://www.vistaprint.com/promotional-products/food","Sin imagen","No descargada","N/A"
"Sin nombre","Sin descripción","Sin precio","https://www.vistaprint.com/promotional-products/food","Sin imagen","No descargada","N/A"
"Sin nombre","Sin descripción","Sin precio","https://www.vistaprint.com/promotional-products/food","Sin imagen","No descargada","N/A"
"Sin nombre","Sin descripción","Sin precio","https://www.vistaprint.com/promotional-products/food","Sin imagen","No descargada","N/A"
"Sin nombre","Sin descripción","Sin precio","https://www.vistaprint.com/promotional-products/food","Sin imagen","No descargada","N/A"
"Sin nombre","Sin descripción","Sin precio","https://www.vistaprint.com/promotional-products/food","Sin imagen","No descargada","N/A"
"Sin nombre","Sin descripción","Sin precio","https://www.vistaprint.com/promotional-products/food","https://logo-rendering.large-assortment.vpsvc.com/api/v2/platform-products/vistaprint/en-us/PRD-6PKILBCQX/sample-image?productVersion=3&selectedOptions%5BSubstrate%20Color%5D=%23000000&size=500&requestor=product-discovery-page","snacks-caramelos-0013.jpg","VP7L5HJPL3"
"Sin nombre","Sin descripción","Sin precio","https://www.vistaprint.com/promotional-products/food","Sin imagen","No descargada","N/A"
"Sin nombre","Sin descripción","Sin precio","https://www.vistaprint.com/promotional-products/food","https://logo-rendering.large-assortment.vpsvc.com/api/v2/platform-products/vistaprint/en-us/PRD-6PKILBCQX/sample-image?productVersion=3&selectedOptions%5BSubstrate%20Color%5D=%23000000&size=500&requestor=product-discovery-page","No descargada","VPEM01D1LM"
"Sin nombre","Sin descripción","Sin precio","https://www.vistaprint.com/promotional-products/food","Sin imagen","No descargada","N/A"
"Sin nombre","Sin descripción","Sin precio","https://www.vistaprint.com/promotional-products/food","Sin imagen","No descargada","N/A"
"Sin nombre","Sin descripción","Sin precio","https://www.vistaprint.com/promotional-products/food","Sin imagen","No descargada","N/A"
"Sin nombre","Sin descripción","Sin precio","https://www.vistaprint.com/promotional-products/food","Sin imagen","No descargada","N/A"
"Sin nombre","Sin descripción","Sin precio","https://www.vistaprint.com/promotional-products/food","Sin imagen","No descargada","N/A"
"Sin nombre","Sin descripción","Sin precio","https://www.vistaprint.com/promotional-products/food","Sin imagen","No descargada","N/A"
"Sin nombre","Sin descripción","Sin precio","https://www.vistaprint.com/promotional-products/food","Sin imagen","No descargada","N/A"
"Sin nombre","Sin descripción","Sin precio","https://www.vistaprint.com/promotional-products/food","https://logo-rendering.large-assortment.vpsvc.com/api/v2/platform-products/vistaprint/en-us/PRD-L1KVCMQVP/sample-image?productVersion=17&selectedOptions%5BSubstrate%20Color%5D=%23000000&size=500&requestor=product-discovery-page","snacks-caramelos-0014.jpg","VPLMWUDITF"
"Sin nombre","Sin descripción","Sin precio","https://www.vistaprint.com/promotional-products/food","Sin imagen","No descargada","N/A"
"Sin nombre","Sin descripción","Sin precio","https://www.vistaprint.com/promotional-products/food","https://logo-rendering.large-assortment.vpsvc.com/api/v2/platform-products/vistaprint/en-us/PRD-L1KVCMQVP/sample-image?productVersion=17&selectedOptions%5BSubstrate%20Color%5D=%23000000&size=500&requestor=product-discovery-page","No descargada","VPROZLBQC2"
"Sin nombre","Sin descripción","Sin precio","https://www.vistaprint.com/promotional-products/food","Sin imagen","No descargada","N/A"
"Sin nombre","Sin descripción","Sin precio","https://www.vistaprint.com/promotional-products/food","Sin imagen","No descargada","N/A"
"Sin nombre","Sin descripción","Sin precio","https://www.vistaprint.com/promotional-products/food","Sin imagen","No descargada","N/A"
"Sin nombre","Sin descripción","Sin precio","https://www.vistaprint.com/promotional-products/food","Sin imagen","No descargada","N/A"
"Sin nombre","Sin descripción","Sin precio","https://www.vistaprint.com/promotional-products/food","Sin imagen","No descargada","N/A"
"Sin nombre","Sin descripción","Sin precio","https://www.vistaprint.com/promotional-products/food","Sin imagen","No descargada","N/A"
"Sin nombre","Sin descripción","Sin precio","https://www.vistaprint.com/promotional-products/food","Sin imagen","No descargada","N/A"
"Sin nombre","Sin descripción","Sin precio","https://www.vistaprint.com/promotional-products/food","https://logo-rendering.large-assortment.vpsvc.com/api/v2/platform-products/vistaprint/en-us/PRD-XW6IUKJ2A/sample-image?productVersion=9&selectedOptions%5BSubstrate%20Color%5D=%23cccccc&size=500&requestor=product-discovery-page","snacks-caramelos-0015.jpg","VP83V4F14U"
"Sin nombre","Sin descripción","Sin precio","https://www.vistaprint.com/promotional-products/food","Sin imagen","No descargada","N/A"
"Sin nombre","Sin descripción","Sin precio","https://www.vistaprint.com/promotional-products/food","https://logo-rendering.large-assortment.vpsvc.com/api/v2/platform-products/vistaprint/en-us/PRD-XW6IUKJ2A/sample-image?productVersion=9&selectedOptions%5BSubstrate%20Color%5D=%23cccccc&size=500&requestor=product-discovery-page","No descargada","VPSW0WCWST"
"Sin nombre","Sin descripción","Sin precio","https://www.vistaprint.com/promotional-products/food","Sin imagen","No descargada","N/A"
"Sin nombre","Sin descripción","Sin precio","https://www.vistaprint.com/promotional-products/food","Sin imagen","No descargada","N/A"
"Sin nombre","Sin descripción","Sin precio","https://www.vistaprint.com/promotional-products/food","Sin imagen","No descargada","N/A"
"Sin nombre","Sin descripción","Sin precio","https://www.vistaprint.com/promotional-products/food","Sin imagen","No descargada","N/A"
"Sin nombre","Sin descripción","Sin precio","https://www.vistaprint.com/promotional-products/food","Sin imagen","No descargada","N/A"
"Sin nombre","Sin descripción","Sin precio","https://www.vistaprint.com/promotional-products/food","Sin imagen","No descargada","N/A"
"Sin nombre","Sin descripción","Sin precio","https://www.vistaprint.com/promotional-products/food","Sin imagen","No descargada","N/A"
"Sin nombre","Sin descripción","Sin precio","https://www.vistaprint.com/promotional-products/food","https://logo-rendering.large-assortment.vpsvc.com/api/v2/platform-products/vistaprint/en-us/PRD-LPIY58W6I/sample-image?productVersion=21&selectedOptions%5BSubstrate%20Color%5D=%23cfac34%2F%239d7658&size=500&requestor=product-discovery-page","snacks-caramelos-0016.jpg","VPD6PHTDZF"
"Sin nombre","Sin descripción","Sin precio","https://www.vistaprint.com/promotional-products/food","Sin imagen","No descargada","N/A"
"Sin nombre","Sin descripción","Sin precio","https://www.vistaprint.com/promotional-products/food","https://logo-rendering.large-assortment.vpsvc.com/api/v2/platform-products/vistaprint/en-us/PRD-LPIY58W6I/sample-image?productVersion=21&selectedOptions%5BSubstrate%20Color%5D=%23cfac34%2F%239d7658&size=500&requestor=product-discovery-page","No descargada","VPA4Q3ORYX"
"Sin nombre","Sin descripción","Sin precio","https://www.vistaprint.com/promotional-products/food","Sin imagen","No descargada","N/A"
"Sin nombre","Sin descripción","Sin precio","https://www.vistaprint.com/promotional-products/food","Sin imagen","No descargada","N/A"
"Sin nombre","Sin descripción","Sin precio","https://www.vistaprint.com/promotional-products/food","Sin imagen","No descargada","N/A"
"Sin nombre","Sin descripción","Sin precio","https://www.vistaprint.com/promotional-products/food","Sin imagen","No descargada","N/A"
"Sin nombre","Sin descripción","Sin precio","https://www.vistaprint.com/promotional-products/food","Sin imagen","No descargada","N/A"
"Sin nombre","Sin descripción","Sin precio","https://www.vistaprint.com/promotional-products/food","Sin imagen","No descargada","N/A"
"Sin nombre","Sin descripción","Sin precio","https://www.vistaprint.com/promotional-products/food","Sin imagen","No descargada","N/A"
"Sin nombre","Sin descripción","Sin precio","https://www.vistaprint.com/promotional-products/food","https://logo-rendering.large-assortment.vpsvc.com/api/v2/platform-products/vistaprint/en-us/PRD-EWLTYWVPS/sample-image?productVersion=17&selectedOptions%5BSubstrate%20Color%5D=%23000000&size=500&requestor=product-discovery-page","snacks-caramelos-0017.jpg","VPVPR9I4Y9"
"Sin nombre","Sin descripción","Sin precio","https://www.vistaprint.com/promotional-products/food","Sin imagen","No descargada","N/A"
"Sin nombre","Sin descripción","Sin precio","https://www.vistaprint.com/promotional-products/food","https://logo-rendering.large-assortment.vpsvc.com/api/v2/platform-products/vistaprint/en-us/PRD-EWLTYWVPS/sample-image?productVersion=17&selectedOptions%5BSubstrate%20Color%5D=%23000000&size=500&requestor=product-discovery-page","No descargada","VP1177BRXL"
"Sin nombre","Sin descripción","Sin precio","https://www.vistaprint.com/promotional-products/food","Sin imagen","No descargada","N/A"
"Sin nombre","Sin descripción","Sin precio","https://www.vistaprint.com/promotional-products/food","Sin imagen","No descargada","N/A"
"Sin nombre","Sin descripción","Sin precio","https://www.vistaprint.com/promotional-products/food","Sin imagen","No descargada","N/A"
"Sin nombre","Sin descripción","Sin precio","https://www.vistaprint.com/promotional-products/food","Sin imagen","No descargada","N/A"
"Sin nombre","Sin descripción","Sin precio","https://www.vistaprint.com/promotional-products/food","Sin imagen","No descargada","N/A"
"Sin nombre","Sin descripción","Sin precio","https://www.vistaprint.com/promotional-products/food","Sin imagen","No descargada","N/A"
"Sin nombre","Sin descripción","Sin precio","https://www.vistaprint.com/promotional-products/food","Sin imagen","No descargada","N/A"
"Sin nombre","Sin descripción","Sin precio","https://www.vistaprint.com/promotional-products/food","https://logo-rendering.large-assortment.vpsvc.com/api/v2/platform-products/vistaprint/en-us/PRD-FQ6UHH3P8/sample-image?productVersion=16&selectedOptions%5BSubstrate%20Color%5D=%23ffffff&size=500&requestor=product-discovery-page","snacks-caramelos-0018.jpg","VPWUX35YJF"
"Sin nombre","Sin descripción","Sin precio","https://www.vistaprint.com/promotional-products/food","Sin imagen","No descargada","N/A"
"Sin nombre","Sin descripción","Sin precio","https://www.vistaprint.com/promotional-products/food","https://logo-rendering.large-assortment.vpsvc.com/api/v2/platform-products/vistaprint/en-us/PRD-FQ6UHH3P8/sample-image?productVersion=16&selectedOptions%5BSubstrate%20Color%5D=%23ffffff&size=500&requestor=product-discovery-page","No descargada","VPV7E5I1X6"
"Sin nombre","Sin descripción","Sin precio","https://www.vistaprint.com/promotional-products/food","Sin imagen","No descargada","N/A"
"Sin nombre","Sin descripción","Sin precio","https://www.vistaprint.com/promotional-products/food","Sin imagen","No descargada","N/A"
"Sin nombre","Sin descripción","Sin precio","https://www.vistaprint.com/promotional-products/food","Sin imagen","No descargada","N/A"
"Sin nombre","Sin descripción","Sin precio","https://www.vistaprint.com/promotional-products/food","Sin imagen","No descargada","N/A"
"Sin nombre","Sin descripción","Sin precio","https://www.vistaprint.com/promotional-products/food","Sin imagen","No descargada","N/A"
"Sin nombre","Sin descripción","Sin precio","https://www.vistaprint.com/promotional-products/food","Sin imagen","No descargada","N/A"
"Sin nombre","Sin descripción","Sin precio","https://www.vistaprint.com/promotional-products/food","Sin imagen","No descargada","N/A"
"Sin nombre","Sin descripción","Sin precio","https://www.vistaprint.com/promotional-products/food","https://logo-rendering.large-assortment.vpsvc.com/api/v2/platform-products/vistaprint/en-us/PRD-1GCRHWOR4/sample-image?productVersion=27&selectedOptions%5BSubstrate%20Color%5D=%23000000&size=500&requestor=product-discovery-page","snacks-caramelos-0019.jpg","VPH7LFRN8W"
"Sin nombre","Sin descripción","Sin precio","https://www.vistaprint.com/promotional-products/food","Sin imagen","No descargada","N/A"
"Sin nombre","Sin descripción","Sin precio","https://www.vistaprint.com/promotional-products/food","https://logo-rendering.large-assortment.vpsvc.com/api/v2/platform-products/vistaprint/en-us/PRD-1GCRHWOR4/sample-image?productVersion=27&selectedOptions%5BSubstrate%20Color%5D=%23000000&size=500&requestor=product-discovery-page","No descargada","VPGIY48RI9"
"Sin nombre","Sin descripción","Sin precio","https://www.vistaprint.com/promotional-products/food","Sin imagen","No descargada","N/A"
"Sin nombre","Sin descripción","Sin precio","https://www.vistaprint.com/promotional-products/food","Sin imagen","No descargada","N/A"
"Sin nombre","Sin descripción","Sin precio","https://www.vistaprint.com/promotional-products/food","Sin imagen","No descargada","N/A"
"Sin nombre","Sin descripción","Sin precio","https://www.vistaprint.com/promotional-products/food","Sin imagen","No descargada","N/A"
"Sin nombre","Sin descripción","Sin precio","https://www.vistaprint.com/promotional-products/food","Sin imagen","No descargada","N/A"
"Sin nombre","Sin descripción","Sin precio","https://www.vistaprint.com/promotional-products/food","Sin imagen","No descargada","N/A"
"Sin nombre","Sin descripción","Sin precio","https://www.vistaprint.com/promotional-products/food","Sin imagen","No descargada","N/A"
"Sin nombre","Sin descripción","Sin precio","https://www.vistaprint.com/promotional-products/food","https://logo-rendering.large-assortment.vpsvc.com/api/v2/platform-products/vistaprint/en-us/PRD-SWO5LML33/sample-image?productVersion=10&selectedOptions%5BSubstrate%20Color%5D=%23faf6f3&size=500&requestor=product-discovery-page","snacks-caramelos-0020.jpg","VPIGZGRE9Q"
"Sin nombre","Sin descripción","Sin precio","https://www.vistaprint.com/promotional-products/food","Sin imagen","No descargada","N/A"
"Sin nombre","Sin descripción","Sin precio","https://www.vistaprint.com/promotional-products/food","https://logo-rendering.large-assortment.vpsvc.com/api/v2/platform-products/vistaprint/en-us/PRD-SWO5LML33/sample-image?productVersion=10&selectedOptions%5BSubstrate%20Color%5D=%23faf6f3&size=500&requestor=product-discovery-page","No descargada","VP4VX4JLSJ"
"Sin nombre","Sin descripción","Sin precio","https://www.vistaprint.com/promotional-products/food","Sin imagen","No descargada","N/A"
"Sin nombre","Sin descripción","Sin precio","https://www.vistaprint.com/promotional-products/food","Sin imagen","No descargada","N/A"
"Sin nombre","Sin descripción","Sin precio","https://www.vistaprint.com/promotional-products/food","Sin imagen","No descargada","N/A"
"Sin nombre","Sin descripción","Sin precio","https://www.vistaprint.com/promotional-products/food","Sin imagen","No descargada","N/A"
"Sin nombre","Sin descripción","Sin precio","https://www.vistaprint.com/promotional-products/food","Sin imagen","No descargada","N/A"
"Sin nombre","Sin descripción","Sin precio","https://www.vistaprint.com/promotional-products/food","Sin imagen","No descargada","N/A"
"Sin nombre","Sin descripción","Sin precio","https://www.vistaprint.com/promotional-products/food","Sin imagen","No descargada","N/A"
"Sin nombre","Sin descripción","Sin precio","https://www.vistaprint.com/promotional-products/food","https://logo-rendering.large-assortment.vpsvc.com/api/v2/platform-products/vistaprint/en-us/PRD-HXI6YD65P/sample-image?productVersion=15&selectedOptions%5BSubstrate%20Color%5D=%23edefee&size=500&requestor=product-discovery-page","snacks-caramelos-0021.jpg","VPWUQE71DC"
"Sin nombre","Sin descripción","Sin precio","https://www.vistaprint.com/promotional-products/food","Sin imagen","No descargada","N/A"
"Sin nombre","Sin descripción","Sin precio","https://www.vistaprint.com/promotional-products/food","https://logo-rendering.large-assortment.vpsvc.com/api/v2/platform-products/vistaprint/en-us/PRD-HXI6YD65P/sample-image?productVersion=15&selectedOptions%5BSubstrate%20Color%5D=%23edefee&size=500&requestor=product-discovery-page","No descargada","VPHV4CELTB"
"Sin nombre","Sin descripción","Sin precio","https://www.vistaprint.com/promotional-products/food","Sin imagen","No descargada","N/A"
"Sin nombre","Sin descripción","Sin precio","https://www.vistaprint.com/promotional-products/food","Sin imagen","No descargada","N/A"
"Sin nombre","Sin descripción","Sin precio","https://www.vistaprint.com/promotional-products/food","Sin imagen","No descargada","N/A"
"Sin nombre","Sin descripción","Sin precio","https://www.vistaprint.com/promotional-products/food","Sin imagen","No descargada","N/A"
"Sin nombre","Sin descripción","Sin precio","https://www.vistaprint.com/promotional-products/food","Sin imagen","No descargada","N/A"
"Sin nombre","Sin descripción","Sin precio","https://www.vistaprint.com/promotional-products/food","Sin imagen","No descargada","N/A"
"Sin nombre","Sin descripción","Sin precio","https://www.vistaprint.com/promotional-products/food","Sin imagen","No descargada","N/A"
"Sin nombre","Sin descripción","Sin precio","https://www.vistaprint.com/promotional-products/food","https://logo-rendering.large-assortment.vpsvc.com/api/v2/platform-products/vistaprint/en-us/PRD-TUEYP8PXK/sample-image?productVersion=15&selectedOptions%5BSubstrate%20Color%5D=%2300226a&size=500&requestor=product-discovery-page","snacks-caramelos-0022.jpg","VPQT5DZWU8"
"Sin nombre","Sin descripción","Sin precio","https://www.vistaprint.com/promotional-products/food","Sin imagen","No descargada","N/A"
"Sin nombre","Sin descripción","Sin precio","https://www.vistaprint.com/promotional-products/food","https://logo-rendering.large-assortment.vpsvc.com/api/v2/platform-products/vistaprint/en-us/PRD-TUEYP8PXK/sample-image?productVersion=15&selectedOptions%5BSubstrate%20Color%5D=%2300226a&size=500&requestor=product-discovery-page","No descargada","VPFGEQH6ZL"
"Sin nombre","Sin descripción","Sin precio","https://www.vistaprint.com/promotional-products/food","Sin imagen","No descargada","N/A"
"Sin nombre","Sin descripción","Sin precio","https://www.vistaprint.com/promotional-products/food","Sin imagen","No descargada","N/A"
"Sin nombre","Sin descripción","Sin precio","https://www.vistaprint.com/promotional-products/food","Sin imagen","No descargada","N/A"
"Sin nombre","Sin descripción","Sin precio","https://www.vistaprint.com/promotional-products/food","Sin imagen","No descargada","N/A"
"Sin nombre","Sin descripción","Sin precio","https://www.vistaprint.com/promotional-products/food","Sin imagen","No descargada","N/A"
"Sin nombre","Sin descripción","Sin precio","https://www.vistaprint.com/promotional-products/food","Sin imagen","No descargada","N/A"
"Sin nombre","Sin descripción","Sin precio","https://www.vistaprint.com/promotional-products/food","Sin imagen","No descargada","N/A"
"Sin nombre","Sin descripción","Sin precio","https://www.vistaprint.com/promotional-products/food","https://logo-rendering.large-assortment.vpsvc.com/api/v2/platform-products/vistaprint/en-us/PRD-4ZAY4CLHV/sample-image?productVersion=18&selectedOptions%5BSubstrate%20Color%5D=%23CACDD4&size=500&requestor=product-discovery-page","snacks-caramelos-0023.jpg","VPBH2G9VTX"
"Sin nombre","Sin descripción","Sin precio","https://www.vistaprint.com/promotional-products/food","Sin imagen","No descargada","N/A"
"Sin nombre","Sin descripción","Sin precio","https://www.vistaprint.com/promotional-products/food","https://logo-rendering.large-assortment.vpsvc.com/api/v2/platform-products/vistaprint/en-us/PRD-4ZAY4CLHV/sample-image?productVersion=18&selectedOptions%5BSubstrate%20Color%5D=%23CACDD4&size=500&requestor=product-discovery-page","No descargada","VP65XXAGCV"
"Sin nombre","Sin descripción","Sin precio","https://www.vistaprint.com/promotional-products/food","Sin imagen","No descargada","N/A"
"Sin nombre","Sin descripción","Sin precio","https://www.vistaprint.com/promotional-products/food","Sin imagen","No descargada","N/A"
"Sin nombre","Sin descripción","Sin precio","https://www.vistaprint.com/promotional-products/food","Sin imagen","No descargada","N/A"
"Sin nombre","Sin descripción","Sin precio","https://www.vistaprint.com/promotional-products/food","Sin imagen","No descargada","N/A"
"Sin nombre","Sin descripción","Sin precio","https://www.vistaprint.com/promotional-products/food","Sin imagen","No descargada","N/A"
"Sin nombre","Sin descripción","Sin precio","https://www.vistaprint.com/promotional-products/food","Sin imagen","No descargada","N/A"
"Sin nombre","Sin descripción","Sin precio","https://www.vistaprint.com/promotional-products/food","https://logo-rendering.large-assortment.vpsvc.com/api/v2/platform-products/vistaprint/en-us/PRD-5BQ0MYJSA/sample-image?productVersion=6&selectedOptions%5BSubstrate%20Color%5D=%23FFFFFF&size=500&requestor=product-discovery-page","snacks-caramelos-0024.jpg","VPXYFCHSSG"
"Sin nombre","Sin descripción","Sin precio","https://www.vistaprint.com/promotional-products/food","Sin imagen","No descargada","N/A"
"Sin nombre","Sin descripción","Sin precio","https://www.vistaprint.com/promotional-products/food","https://logo-rendering.large-assortment.vpsvc.com/api/v2/platform-products/vistaprint/en-us/PRD-5BQ0MYJSA/sample-image?productVersion=6&selectedOptions%5BSubstrate%20Color%5D=%23FFFFFF&size=500&requestor=product-discovery-page","No descargada","VPSJACDLYH"
"Sin nombre","Sin descripción","Sin precio","https://www.vistaprint.com/promotional-products/food","Sin imagen","No descargada","N/A"
"Sin nombre","Sin descripción","Sin precio","https://www.vistaprint.com/promotional-products/food","Sin imagen","No descargada","N/A"
"Sin nombre","Sin descripción","Sin precio","https://www.vistaprint.com/promotional-products/food","Sin imagen","No descargada","N/A"
"Sin nombre","Sin descripción","Sin precio","https://www.vistaprint.com/promotional-products/food","Sin imagen","No descargada","N/A"
"Sin nombre","Sin descripción","Sin precio","https://www.vistaprint.com/promotional-products/food","Sin imagen","No descargada","N/A"
"Sin nombre","Sin descripción","Sin precio","https://www.vistaprint.com/promotional-products/food","Sin imagen","No descargada","N/A"
"Sin nombre","Sin descripción","Sin precio","https://www.vistaprint.com/promotional-products/food","https://logo-rendering.large-assortment.vpsvc.com/api/v2/platform-products/vistaprint/en-us/PRD-SE4IRAH2Y/sample-image?productVersion=5&selectedOptions%5BSubstrate%20Color%5D=%23000000&size=500&requestor=product-discovery-page","snacks-caramelos-0025.jpg","VPSFSC1MX2"
"Sin nombre","Sin descripción","Sin precio","https://www.vistaprint.com/promotional-products/food","Sin imagen","No descargada","N/A"
"Sin nombre","Sin descripción","Sin precio","https://www.vistaprint.com/promotional-products/food","https://logo-rendering.large-assortment.vpsvc.com/api/v2/platform-products/vistaprint/en-us/PRD-SE4IRAH2Y/sample-image?productVersion=5&selectedOptions%5BSubstrate%20Color%5D=%23000000&size=500&requestor=product-discovery-page","No descargada","VPC2YUJF17"
"Sin nombre","Sin descripción","Sin precio","https://www.vistaprint.com/promotional-products/food","Sin imagen","No descargada","N/A"
"Sin nombre","Sin descripción","Sin precio","https://www.vistaprint.com/promotional-products/food","Sin imagen","No descargada","N/A"
"Sin nombre","Sin descripción","Sin precio","https://www.vistaprint.com/promotional-products/food","Sin imagen","No descargada","N/A"
"Sin nombre","Sin descripción","Sin precio","https://www.vistaprint.com/promotional-products/food","Sin imagen","No descargada","N/A"
"Sin nombre","Sin descripción","Sin precio","https://www.vistaprint.com/promotional-products/food","Sin imagen","No descargada","N/A"
"Sin nombre","Sin descripción","Sin precio","https://www.vistaprint.com/promotional-products/food","Sin imagen","No descargada","N/A"
"Sin nombre","Sin descripción","Sin precio","https://www.vistaprint.com/promotional-products/food","Sin imagen","No descargada","N/A"
"Sin nombre","Sin descripción","Sin precio","https://www.vistaprint.com/promotional-products/food","https://logo-rendering.large-assortment.vpsvc.com/api/v2/platform-products/vistaprint/en-us/PRD-GLRVZWIY6/sample-image?productVersion=6&selectedOptions%5BSubstrate%20Color%5D=%23FFFFFF&size=500&requestor=product-discovery-page","snacks-caramelos-0026.jpg","VP6BIRHH40"
"Sin nombre","Sin descripción","Sin precio","https://www.vistaprint.com/promotional-products/food","Sin imagen","No descargada","N/A"
"Sin nombre","Sin descripción","Sin precio","https://www.vistaprint.com/promotional-products/food","https://logo-rendering.large-assortment.vpsvc.com/api/v2/platform-products/vistaprint/en-us/PRD-GLRVZWIY6/sample-image?productVersion=6&selectedOptions%5BSubstrate%20Color%5D=%23FFFFFF&size=500&requestor=product-discovery-page","No descargada","VPAIUP6HXR"
"Sin nombre","Sin descripción","Sin precio","https://www.vistaprint.com/promotional-products/food","Sin imagen","No descargada","N/A"
"Sin nombre","Sin descripción","Sin precio","https://www.vistaprint.com/promotional-products/food","Sin imagen","No descargada","N/A"
"Sin nombre","Sin descripción","Sin precio","https://www.vistaprint.com/promotional-products/food","Sin imagen","No descargada","N/A"
"Sin nombre","Sin descripción","Sin precio","https://www.vistaprint.com/promotional-products/food","Sin imagen","No descargada","N/A"
"Sin nombre","Sin descripción","Sin precio","https://www.vistaprint.com/promotional-products/food","Sin imagen","No descargada","N/A"
"Sin nombre","Sin descripción","Sin precio","https://www.vistaprint.com/promotional-products/food","Sin imagen","No descargada","N/A"
"Sin nombre","Sin descripción","Sin precio","https://www.vistaprint.com/promotional-products/food","https://logo-rendering.large-assortment.vpsvc.com/api/v2/platform-products/vistaprint/en-us/PRD-FZH34UTWR/sample-image?productVersion=2&selectedOptions%5BSubstrate%20Color%5D=%23000000&size=500&requestor=product-discovery-page","snacks-caramelos-0027.jpg","VPDS84S60H"
"Sin nombre","Sin descripción","Sin precio","https://www.vistaprint.com/promotional-products/food","Sin imagen","No descargada","N/A"
"Sin nombre","Sin descripción","Sin precio","https://www.vistaprint.com/promotional-products/food","https://logo-rendering.large-assortment.vpsvc.com/api/v2/platform-products/vistaprint/en-us/PRD-FZH34UTWR/sample-image?productVersion=2&selectedOptions%5BSubstrate%20Color%5D=%23000000&size=500&requestor=product-discovery-page","No descargada","VPXU6W8NG7"
"Sin nombre","Sin descripción","Sin precio","https://www.vistaprint.com/promotional-products/food","Sin imagen","No descargada","N/A"
"Sin nombre","Sin descripción","Sin precio","https://www.vistaprint.com/promotional-products/food","Sin imagen","No descargada","N/A"
"Sin nombre","Sin descripción","Sin precio","https://www.vistaprint.com/promotional-products/food","Sin imagen","No descargada","N/A"
"Sin nombre","Sin descripción","Sin precio","https://www.vistaprint.com/promotional-products/food","Sin imagen","No descargada","N/A"
"Sin nombre","Sin descripción","Sin precio","https://www.vistaprint.com/promotional-products/food","Sin imagen","No descargada","N/A"
"Sin nombre","Sin descripción","Sin precio","https://www.vistaprint.com/promotional-products/food","Sin imagen","No descargada","N/A"
"Sin nombre","Sin descripción","Sin precio","https://www.vistaprint.com/promotional-products/food","Sin imagen","No descargada","N/A"
"Sin nombre","Sin descripción","Sin precio","https://www.vistaprint.com/promotional-products/food","https://logo-rendering.large-assortment.vpsvc.com/api/v2/platform-products/vistaprint/en-us/PRD-QIP7X7OCK/sample-image?productVersion=17&selectedOptions%5BSubstrate%20Color%5D=%23CACDD4&size=500&requestor=product-discovery-page","snacks-caramelos-0028.jpg","VPJM3DV0B6"
"Sin nombre","Sin descripción","Sin precio","https://www.vistaprint.com/promotional-products/food","Sin imagen","No descargada","N/A"
"Sin nombre","Sin descripción","Sin precio","https://www.vistaprint.com/promotional-products/food","https://logo-rendering.large-assortment.vpsvc.com/api/v2/platform-products/vistaprint/en-us/PRD-QIP7X7OCK/sample-image?productVersion=17&selectedOptions%5BSubstrate%20Color%5D=%23CACDD4&size=500&requestor=product-discovery-page","No descargada","VPXJMIHQXT"
"Sin nombre","Sin descripción","Sin precio","https://www.vistaprint.com/promotional-products/food","Sin imagen","No descargada","N/A"
"Sin nombre","Sin descripción","Sin precio","https://www.vistaprint.com/promotional-products/food","Sin imagen","No descargada","N/A"
"Sin nombre","Sin descripción","Sin precio","https://www.vistaprint.com/promotional-products/food","Sin imagen","No descargada","N/A"
"Sin nombre","Sin descripción","Sin precio","https://www.vistaprint.com/promotional-products/food","Sin imagen","No descargada","N/A"
"Sin nombre","Sin descripción","Sin precio","https://www.vistaprint.com/promotional-products/food","Sin imagen","No descargada","N/A"
"Sin nombre","Sin descripción","Sin precio","https://www.vistaprint.com/promotional-products/food","Sin imagen","No descargada","N/A"
"Sin nombre","Sin descripción","Sin precio","https://www.vistaprint.com/promotional-products/food","https://logo-rendering.large-assortment.vpsvc.com/api/v2/platform-products/vistaprint/en-us/PRD-DVMUINKGD/sample-image?productVersion=19&selectedOptions%5BSubstrate%20Color%5D=%23CACDD4&size=500&requestor=product-discovery-page","snacks-caramelos-0029.jpg","VPGR78NTAE"
"Sin nombre","Sin descripción","Sin precio","https://www.vistaprint.com/promotional-products/food","Sin imagen","No descargada","N/A"
"Sin nombre","Sin descripción","Sin precio","https://www.vistaprint.com/promotional-products/food","https://logo-rendering.large-assortment.vpsvc.com/api/v2/platform-products/vistaprint/en-us/PRD-DVMUINKGD/sample-image?productVersion=19&selectedOptions%5BSubstrate%20Color%5D=%23CACDD4&size=500&requestor=product-discovery-page","No descargada","VPL9BC37DA"
"Sin nombre","Sin descripción","Sin precio","https://www.vistaprint.com/promotional-products/food","Sin imagen","No descargada","N/A"
"Sin nombre","Sin descripción","Sin precio","https://www.vistaprint.com/promotional-products/food","Sin imagen","No descargada","N/A"
"Sin nombre","Sin descripción","Sin precio","https://www.vistaprint.com/promotional-products/food","Sin imagen","No descargada","N/A"
"Sin nombre","Sin descripción","Sin precio","https://www.vistaprint.com/promotional-products/food","Sin imagen","No descargada","N/A"
"Sin nombre","Sin descripción","Sin precio","https://www.vistaprint.com/promotional-products/food","Sin imagen","No descargada","N/A"
"Sin nombre","Sin descripción","Sin precio","https://www.vistaprint.com/promotional-products/food","Sin imagen","No descargada","N/A"
"Sin nombre","Sin descripción","Sin precio","https://www.vistaprint.com/promotional-products/food","Sin imagen","No descargada","N/A"
"Sin nombre","Sin descripción","Sin precio","https://www.vistaprint.com/promotional-products/food","https://logo-rendering.large-assortment.vpsvc.com/api/v2/platform-products/vistaprint/en-us/PRD-FTEXSHBSA/sample-image?productVersion=12&selectedOptions%5BSubstrate%20Color%5D=%23f9f9f9&size=500&requestor=product-discovery-page","snacks-caramelos-0030.jpg","VPD5EAAQ3B"
"Sin nombre","Sin descripción","Sin precio","https://www.vistaprint.com/promotional-products/food","Sin imagen","No descargada","N/A"
"Sin nombre","Sin descripción","Sin precio","https://www.vistaprint.com/promotional-products/food","https://logo-rendering.large-assortment.vpsvc.com/api/v2/platform-products/vistaprint/en-us/PRD-FTEXSHBSA/sample-image?productVersion=12&selectedOptions%5BSubstrate%20Color%5D=%23f9f9f9&size=500&requestor=product-discovery-page","No descargada","VPQU8O4TH3"
"Sin nombre","Sin descripción","Sin precio","https://www.vistaprint.com/promotional-products/food","Sin imagen","No descargada","N/A"
"Sin nombre","Sin descripción","Sin precio","https://www.vistaprint.com/promotional-products/food","Sin imagen","No descargada","N/A"
"Sin nombre","Sin descripción","Sin precio","https://www.vistaprint.com/promotional-products/food","Sin imagen","No descargada","N/A"
"Sin nombre","Sin descripción","Sin precio","https://www.vistaprint.com/promotional-products/food","Sin imagen","No descargada","N/A"
"Sin nombre","Sin descripción","Sin precio","https://www.vistaprint.com/promotional-products/food","Sin imagen","No descargada","N/A"
"Sin nombre","Sin descripción","Sin precio","https://www.vistaprint.com/promotional-products/food","Sin imagen","No descargada","N/A"
"Sin nombre","Sin descripción","Sin precio","https://www.vistaprint.com/promotional-products/food","Sin imagen","No descargada","N/A"
"Sin nombre","Sin descripción","Sin precio","https://www.vistaprint.com/promotional-products/food","https://logo-rendering.large-assortment.vpsvc.com/api/v2/platform-products/vistaprint/en-us/PRD-XCRNMPWLM/sample-image?productVersion=17&selectedOptions%5BSubstrate%20Color%5D=%23CACDD4&size=500&requestor=product-discovery-page","snacks-caramelos-0031.jpg","VPS5A540VB"
"Sin nombre","Sin descripción","Sin precio","https://www.vistaprint.com/promotional-products/food","Sin imagen","No descargada","N/A"
"Sin nombre","Sin descripción","Sin precio","https://www.vistaprint.com/promotional-products/food","https://logo-rendering.large-assortment.vpsvc.com/api/v2/platform-products/vistaprint/en-us/PRD-XCRNMPWLM/sample-image?productVersion=17&selectedOptions%5BSubstrate%20Color%5D=%23CACDD4&size=500&requestor=product-discovery-page","No descargada","VPAB1NEACY"
"Sin nombre","Sin descripción","Sin precio","https://www.vistaprint.com/promotional-products/food","Sin imagen","No descargada","N/A"
"Sin nombre","Sin descripción","Sin precio","https://www.vistaprint.com/promotional-products/food","Sin imagen","No descargada","N/A"
"Sin nombre","Sin descripción","Sin precio","https://www.vistaprint.com/promotional-products/food","Sin imagen","No descargada","N/A"
"Sin nombre","Sin descripción","Sin precio","https://www.vistaprint.com/promotional-products/food","Sin imagen","No descargada","N/A"
"Sin nombre","Sin descripción","Sin precio","https://www.vistaprint.com/promotional-products/food","Sin imagen","No descargada","N/A"
"Sin nombre","Sin descripción","Sin precio","https://www.vistaprint.com/promotional-products/food","Sin imagen","No descargada","N/A"
"Sin nombre","Sin descripción","Sin precio","https://www.vistaprint.com/promotional-products/food","Sin imagen","No descargada","N/A"
"Sin nombre","Sin descripción","Sin precio","https://www.vistaprint.com/promotional-products/food","https://logo-rendering.large-assortment.vpsvc.com/api/v2/platform-products/vistaprint/en-us/PRD-WFLYHIBRN/sample-image?productVersion=12&selectedOptions%5BSubstrate%20Color%5D=%23f2efea&size=500&requestor=product-discovery-page","snacks-caramelos-0032.jpg","VP3AXM3LKF"
"Sin nombre","Sin descripción","Sin precio","https://www.vistaprint.com/promotional-products/food","Sin imagen","No descargada","N/A"
"Sin nombre","Sin descripción","Sin precio","https://www.vistaprint.com/promotional-products/food","https://logo-rendering.large-assortment.vpsvc.com/api/v2/platform-products/vistaprint/en-us/PRD-WFLYHIBRN/sample-image?productVersion=12&selectedOptions%5BSubstrate%20Color%5D=%23f2efea&size=500&requestor=product-discovery-page","No descargada","VPUX128N0L"
"Sin nombre","Sin descripción","Sin precio","https://www.vistaprint.com/promotional-products/food","Sin imagen","No descargada","N/A"
"Sin nombre","Sin descripción","Sin precio","https://www.vistaprint.com/promotional-products/food","Sin imagen","No descargada","N/A"
"Sin nombre","Sin descripción","Sin precio","https://www.vistaprint.com/promotional-products/food","Sin imagen","No descargada","N/A"
"Sin nombre","Sin descripción","Sin precio","https://www.vistaprint.com/promotional-products/food","Sin imagen","No descargada","N/A"
"Sin nombre","Sin descripción","Sin precio","https://www.vistaprint.com/promotional-products/food","Sin imagen","No descargada","N/A"
"Sin nombre","Sin descripción","Sin precio","https://www.vistaprint.com/promotional-products/food","Sin imagen","No descargada","N/A"
"Sin nombre","Sin descripción","Sin precio","https://www.vistaprint.com/promotional-products/food","Sin imagen","No descargada","N/A"
"Sin nombre","Sin descripción","Sin precio","https://www.vistaprint.com/promotional-products/food","https://logo-rendering.large-assortment.vpsvc.com/api/v2/platform-products/vistaprint/en-us/PRD-NEKOPTD13/sample-image?productVersion=21&selectedOptions%5BSubstrate%20Color%5D=%23060606&size=500&requestor=product-discovery-page","snacks-caramelos-0033.jpg","VPI5UQ2ERH"
"Sin nombre","Sin descripción","Sin precio","https://www.vistaprint.com/promotional-products/food","Sin imagen","No descargada","N/A"
"Sin nombre","Sin descripción","Sin precio","https://www.vistaprint.com/promotional-products/food","https://logo-rendering.large-assortment.vpsvc.com/api/v2/platform-products/vistaprint/en-us/PRD-NEKOPTD13/sample-image?productVersion=21&selectedOptions%5BSubstrate%20Color%5D=%23060606&size=500&requestor=product-discovery-page","No descargada","VPIOIIMNC2"
"Sin nombre","Sin descripción","Sin precio","https://www.vistaprint.com/promotional-products/food","Sin imagen","No descargada","N/A"
"Sin nombre","Sin descripción","Sin precio","https://www.vistaprint.com/promotional-products/food","Sin imagen","No descargada","N/A"
"Sin nombre","Sin descripción","Sin precio","https://www.vistaprint.com/promotional-products/food","Sin imagen","No descargada","N/A"
"Sin nombre","Sin descripción","Sin precio","https://www.vistaprint.com/promotional-products/food","Sin imagen","No descargada","N/A"
"Sin nombre","Sin descripción","Sin precio","https://www.vistaprint.com/promotional-products/food","Sin imagen","No descargada","N/A"
"Sin nombre","Sin descripción","Sin precio","https://www.vistaprint.com/promotional-products/food","Sin imagen","No descargada","N/A"
"Sin nombre","Sin descripción","Sin precio","https://www.vistaprint.com/promotional-products/food","Sin imagen","No descargada","N/A"
"Sin nombre","Sin descripción","Sin precio","https://www.vistaprint.com/promotional-products/food","https://logo-rendering.large-assortment.vpsvc.com/api/v2/platform-products/vistaprint/en-us/PRD-NEEX2MAZU/sample-image?productVersion=2&selectedOptions%5BSubstrate%20Color%5D=%23000000&size=500&requestor=product-discovery-page","snacks-caramelos-0034.jpg","VPUMI8UAUI"
"Sin nombre","Sin descripción","Sin precio","https://www.vistaprint.com/promotional-products/food","Sin imagen","No descargada","N/A"
"Sin nombre","Sin descripción","Sin precio","https://www.vistaprint.com/promotional-products/food","https://logo-rendering.large-assortment.vpsvc.com/api/v2/platform-products/vistaprint/en-us/PRD-NEEX2MAZU/sample-image?productVersion=2&selectedOptions%5BSubstrate%20Color%5D=%23000000&size=500&requestor=product-discovery-page","No descargada","VPQPJK9KKH"
"Sin nombre","Sin descripción","Sin precio","https://www.vistaprint.com/promotional-products/food","Sin imagen","No descargada","N/A"
"Sin nombre","Sin descripción","Sin precio","https://www.vistaprint.com/promotional-products/food","Sin imagen","No descargada","N/A"
"Sin nombre","Sin descripción","Sin precio","https://www.vistaprint.com/promotional-products/food","Sin imagen","No descargada","N/A"
"Sin nombre","Sin descripción","Sin precio","https://www.vistaprint.com/promotional-products/food","Sin imagen","No descargada","N/A"
"Sin nombre","Sin descripción","Sin precio","https://www.vistaprint.com/promotional-products/food","Sin imagen","No descargada","N/A"
"Sin nombre","Sin descripción","Sin precio","https://www.vistaprint.com/promotional-products/food","Sin imagen","No descargada","N/A"
"Sin nombre","Sin descripción","Sin precio","https://www.vistaprint.com/promotional-products/food","Sin imagen","No descargada","N/A"
"Sin nombre","Sin descripción","Sin precio","https://www.vistaprint.com/promotional-products/food","https://logo-rendering.large-assortment.vpsvc.com/api/v2/platform-products/vistaprint/en-us/PRD-BBNC5TSDF/sample-image?productVersion=8&selectedOptions%5BSubstrate%20Color%5D=%23ffffff&size=500&requestor=product-discovery-page","snacks-caramelos-0035.jpg","VPHNOQ8F0P"
"Sin nombre","Sin descripción","Sin precio","https://www.vistaprint.com/promotional-products/food","Sin imagen","No descargada","N/A"
"Sin nombre","Sin descripción","Sin precio","https://www.vistaprint.com/promotional-products/food","https://logo-rendering.large-assortment.vpsvc.com/api/v2/platform-products/vistaprint/en-us/PRD-BBNC5TSDF/sample-image?productVersion=8&selectedOptions%5BSubstrate%20Color%5D=%23ffffff&size=500&requestor=product-discovery-page","No descargada","VP6SDKAG1P"
"Sin nombre","Sin descripción","Sin precio","https://www.vistaprint.com/promotional-products/food","Sin imagen","No descargada","N/A"
"Sin nombre","Sin descripción","Sin precio","https://www.vistaprint.com/promotional-products/food","Sin imagen","No descargada","N/A"
"Sin nombre","Sin descripción","Sin precio","https://www.vistaprint.com/promotional-products/food","Sin imagen","No descargada","N/A"
"Sin nombre","Sin descripción","Sin precio","https://www.vistaprint.com/promotional-products/food","Sin imagen","No descargada","N/A"
"Sin nombre","Sin descripción","Sin precio","https://www.vistaprint.com/promotional-products/food","Sin imagen","No descargada","N/A"
"Sin nombre","Sin descripción","Sin precio","https://www.vistaprint.com/promotional-products/food","Sin imagen","No descargada","N/A"
"Sin nombre","Sin descripción","Sin precio","https://www.vistaprint.com/promotional-products/food","https://logo-rendering.large-assortment.vpsvc.com/api/v2/platform-products/vistaprint/en-us/PRD-YHDANDSJS/sample-image?productVersion=25&selectedOptions%5BSubstrate%20Color%5D=%238a7059%2F%23f6e4b2&size=500&requestor=product-discovery-page","snacks-caramelos-0036.jpg","VP1BMKTPRO"
"Sin nombre","Sin descripción","Sin precio","https://www.vistaprint.com/promotional-products/food","Sin imagen","No descargada","N/A"
"Sin nombre","Sin descripción","Sin precio","https://www.vistaprint.com/promotional-products/food","https://logo-rendering.large-assortment.vpsvc.com/api/v2/platform-products/vistaprint/en-us/PRD-YHDANDSJS/sample-image?productVersion=25&selectedOptions%5BSubstrate%20Color%5D=%238a7059%2F%23f6e4b2&size=500&requestor=product-discovery-page","No descargada","VPRTR0E055"
"Sin nombre","Sin descripción","Sin precio","https://www.vistaprint.com/promotional-products/food","Sin imagen","No descargada","N/A"
"Sin nombre","Sin descripción","Sin precio","https://www.vistaprint.com/promotional-products/food","Sin imagen","No descargada","N/A"
"Sin nombre","Sin descripción","Sin precio","https://www.vistaprint.com/promotional-products/food","Sin imagen","No descargada","N/A"
"Sin nombre","Sin descripción","Sin precio","https://www.vistaprint.com/promotional-products/food","Sin imagen","No descargada","N/A"
"Sin nombre","Sin descripción","Sin precio","https://www.vistaprint.com/promotional-products/food","Sin imagen","No descargada","N/A"
"Sin nombre","Sin descripción","Sin precio","https://www.vistaprint.com/promotional-products/food","Sin imagen","No descargada","N/A"
"Sin nombre","Sin descripción","Sin precio","https://www.vistaprint.com/promotional-products/food","Sin imagen","No descargada","N/A"
"Sin nombre","Sin descripción","Sin precio","https://www.vistaprint.com/promotional-products/food","https://logo-rendering.large-assortment.vpsvc.com/api/v2/platform-products/vistaprint/en-us/PRD-SJS3JYDMS/sample-image?productVersion=14&selectedOptions%5BSubstrate%20Color%5D=%23f9f9f9&size=500&requestor=product-discovery-page","snacks-caramelos-0037.jpg","VPFR7V1PY7"
"Sin nombre","Sin descripción","Sin precio","https://www.vistaprint.com/promotional-products/food","Sin imagen","No descargada","N/A"
"Sin nombre","Sin descripción","Sin precio","https://www.vistaprint.com/promotional-products/food","https://logo-rendering.large-assortment.vpsvc.com/api/v2/platform-products/vistaprint/en-us/PRD-SJS3JYDMS/sample-image?productVersion=14&selectedOptions%5BSubstrate%20Color%5D=%23f9f9f9&size=500&requestor=product-discovery-page","No descargada","VPKWS9UOVF"
"Sin nombre","Sin descripción","Sin precio","https://www.vistaprint.com/promotional-products/food","Sin imagen","No descargada","N/A"
"Sin nombre","Sin descripción","Sin precio","https://www.vistaprint.com/promotional-products/food","Sin imagen","No descargada","N/A"
"Sin nombre","Sin descripción","Sin precio","https://www.vistaprint.com/promotional-products/food","Sin imagen","No descargada","N/A"
"Sin nombre","Sin descripción","Sin precio","https://www.vistaprint.com/promotional-products/food","Sin imagen","No descargada","N/A"
"Sin nombre","Sin descripción","Sin precio","https://www.vistaprint.com/promotional-products/food","Sin imagen","No descargada","N/A"
"Sin nombre","Sin descripción","Sin precio","https://www.vistaprint.com/promotional-products/food","Sin imagen","No descargada","N/A"
"Sin nombre","Sin descripción","Sin precio","https://www.vistaprint.com/promotional-products/food","https://logo-rendering.large-assortment.vpsvc.com/api/v2/platform-products/vistaprint/en-us/PRD-6TNUZAR8P/sample-image?productVersion=15&selectedOptions%5BSubstrate%20Color%5D=%23ffffff&size=500&requestor=product-discovery-page","snacks-caramelos-0038.jpg","VP1RRXKMG8"
"Sin nombre","Sin descripción","Sin precio","https://www.vistaprint.com/promotional-products/food","Sin imagen","No descargada","N/A"
"Sin nombre","Sin descripción","Sin precio","https://www.vistaprint.com/promotional-products/food","https://logo-rendering.large-assortment.vpsvc.com/api/v2/platform-products/vistaprint/en-us/PRD-6TNUZAR8P/sample-image?productVersion=15&selectedOptions%5BSubstrate%20Color%5D=%23ffffff&size=500&requestor=product-discovery-page","No descargada","VP1EXW3LXA"
"Sin nombre","Sin descripción","Sin precio","https://www.vistaprint.com/promotional-products/food","Sin imagen","No descargada","N/A"
"Sin nombre","Sin descripción","Sin precio","https://www.vistaprint.com/promotional-products/food","Sin imagen","No descargada","N/A"
"Sin nombre","Sin descripción","Sin precio","https://www.vistaprint.com/promotional-products/food","Sin imagen","No descargada","N/A"
"Sin nombre","Sin descripción","Sin precio","https://www.vistaprint.com/promotional-products/food","Sin imagen","No descargada","N/A"
"Sin nombre","Sin descripción","Sin precio","https://www.vistaprint.com/promotional-products/food","Sin imagen","No descargada","N/A"
"Sin nombre","Sin descripción","Sin precio","https://www.vistaprint.com/promotional-products/food","Sin imagen","No descargada","N/A"
"Sin nombre","Sin descripción","Sin precio","https://www.vistaprint.com/promotional-products/food","https://logo-rendering.large-assortment.vpsvc.com/api/v2/platform-products/vistaprint/en-us/PRD-87LXLDJQX/sample-image?productVersion=13&selectedOptions%5BSubstrate%20Color%5D=%23e12027&size=500&requestor=product-discovery-page","snacks-caramelos-0039.jpg","VPRFWSEWEJ"
"Sin nombre","Sin descripción","Sin precio","https://www.vistaprint.com/promotional-products/food","Sin imagen","No descargada","N/A"
"Sin nombre","Sin descripción","Sin precio","https://www.vistaprint.com/promotional-products/food","https://logo-rendering.large-assortment.vpsvc.com/api/v2/platform-products/vistaprint/en-us/PRD-87LXLDJQX/sample-image?productVersion=13&selectedOptions%5BSubstrate%20Color%5D=%23e12027&size=500&requestor=product-discovery-page","No descargada","VP8PPGGPT4"
"Sin nombre","Sin descripción","Sin precio","https://www.vistaprint.com/promotional-products/food","Sin imagen","No descargada","N/A"
"Sin nombre","Sin descripción","Sin precio","https://www.vistaprint.com/promotional-products/food","Sin imagen","No descargada","N/A"
"Sin nombre","Sin descripción","Sin precio","https://www.vistaprint.com/promotional-products/food","Sin imagen","No descargada","N/A"
"Sin nombre","Sin descripción","Sin precio","https://www.vistaprint.com/promotional-products/food","Sin imagen","No descargada","N/A"
"Sin nombre","Sin descripción","Sin precio","https://www.vistaprint.com/promotional-products/food","Sin imagen","No descargada","N/A"
"Sin nombre","Sin descripción","Sin precio","https://www.vistaprint.com/promotional-products/food","Sin imagen","No descargada","N/A"
"Sin nombre","Sin descripción","Sin precio","https://www.vistaprint.com/promotional-products/food","Sin imagen","No descargada","N/A"
"Sin nombre","Sin descripción","Sin precio","https://www.vistaprint.com/promotional-products/food","https://logo-rendering.large-assortment.vpsvc.com/api/v2/platform-products/vistaprint/en-us/PRD-VORMM9CTT/sample-image?productVersion=17&selectedOptions%5BSubstrate%20Color%5D=%23e1e5f1&size=500&requestor=product-discovery-page","snacks-caramelos-0040.jpg","VPPQRO3R4A"
"Sin nombre","Sin descripción","Sin precio","https://www.vistaprint.com/promotional-products/food","Sin imagen","No descargada","N/A"
"Sin nombre","Sin descripción","Sin precio","https://www.vistaprint.com/promotional-products/food","https://logo-rendering.large-assortment.vpsvc.com/api/v2/platform-products/vistaprint/en-us/PRD-VORMM9CTT/sample-image?productVersion=17&selectedOptions%5BSubstrate%20Color%5D=%23e1e5f1&size=500&requestor=product-discovery-page","No descargada","VPAO2FYIVR"
"Sin nombre","Sin descripción","Sin precio","https://www.vistaprint.com/promotional-products/food","Sin imagen","No descargada","N/A"
"Sin nombre","Sin descripción","Sin precio","https://www.vistaprint.com/promotional-products/food","Sin imagen","No descargada","N/A"
"Sin nombre","Sin descripción","Sin precio","https://www.vistaprint.com/promotional-products/food","Sin imagen","No descargada","N/A"
"Sin nombre","Sin descripción","Sin precio","https://www.vistaprint.com/promotional-products/food","Sin imagen","No descargada","N/A"
"Sin nombre","Sin descripción","Sin precio","https://www.vistaprint.com/promotional-products/food","Sin imagen","No descargada","N/A"
"Sin nombre","Sin descripción","Sin precio","https://www.vistaprint.com/promotional-products/food","Sin imagen","No descargada","N/A"
"Sin nombre","Sin descripción","Sin precio","https://www.vistaprint.com/promotional-products/food","https://logo-rendering.large-assortment.vpsvc.com/api/v2/platform-products/vistaprint/en-us/PRD-HNYPY1TLD/sample-image?productVersion=15&selectedOptions%5BSubstrate%20Color%5D=%23faf6f3&size=500&requestor=product-discovery-page","snacks-caramelos-0041.jpg","VPESCJCANL"
"Sin nombre","Sin descripción","Sin precio","https://www.vistaprint.com/promotional-products/food","Sin imagen","No descargada","N/A"
"Sin nombre","Sin descripción","Sin precio","https://www.vistaprint.com/promotional-products/food","https://logo-rendering.large-assortment.vpsvc.com/api/v2/platform-products/vistaprint/en-us/PRD-HNYPY1TLD/sample-image?productVersion=15&selectedOptions%5BSubstrate%20Color%5D=%23faf6f3&size=500&requestor=product-discovery-page","No descargada","VPPGAF1A6X"
"Sin nombre","Sin descripción","Sin precio","https://www.vistaprint.com/promotional-products/food","Sin imagen","No descargada","N/A"
"Sin nombre","Sin descripción","Sin precio","https://www.vistaprint.com/promotional-products/food","Sin imagen","No descargada","N/A"
"Sin nombre","Sin descripción","Sin precio","https://www.vistaprint.com/promotional-products/food","Sin imagen","No descargada","N/A"
"Sin nombre","Sin descripción","Sin precio","https://www.vistaprint.com/promotional-products/food","Sin imagen","No descargada","N/A"
"Sin nombre","Sin descripción","Sin precio","https://www.vistaprint.com/promotional-products/food","Sin imagen","No descargada","N/A"
"Sin nombre","Sin descripción","Sin precio","https://www.vistaprint.com/promotional-products/food","Sin imagen","No descargada","N/A"
"Sin nombre","Sin descripción","Sin precio","https://www.vistaprint.com/promotional-products/food","Sin imagen","No descargada","N/A"
"Sin nombre","Sin descripción","Sin precio","https://www.vistaprint.com/promotional-products/food","https://logo-rendering.large-assortment.vpsvc.com/api/v2/platform-products/vistaprint/en-us/PRD-YCSDXQYAG/sample-image?productVersion=21&selectedOptions%5BSubstrate%20Color%5D=%23060606&size=500&requestor=product-discovery-page","snacks-caramelos-0042.jpg","VP1VOLCWUT"
"Sin nombre","Sin descripción","Sin precio","https://www.vistaprint.com/promotional-products/food","Sin imagen","No descargada","N/A"
"Sin nombre","Sin descripción","Sin precio","https://www.vistaprint.com/promotional-products/food","https://logo-rendering.large-assortment.vpsvc.com/api/v2/platform-products/vistaprint/en-us/PRD-YCSDXQYAG/sample-image?productVersion=21&selectedOptions%5BSubstrate%20Color%5D=%23060606&size=500&requestor=product-discovery-page","No descargada","VPLUSISIG2"
"Sin nombre","Sin descripción","Sin precio","https://www.vistaprint.com/promotional-products/food","Sin imagen","No descargada","N/A"
"Sin nombre","Sin descripción","Sin precio","https://www.vistaprint.com/promotional-products/food","Sin imagen","No descargada","N/A"
"Sin nombre","Sin descripción","Sin precio","https://www.vistaprint.com/promotional-products/food","Sin imagen","No descargada","N/A"
"Sin nombre","Sin descripción","Sin precio","https://www.vistaprint.com/promotional-products/food","Sin imagen","No descargada","N/A"
"Sin nombre","Sin descripción","Sin precio","https://www.vistaprint.com/promotional-products/food","Sin imagen","No descargada","N/A"
"Sin nombre","Sin descripción","Sin precio","https://www.vistaprint.com/promotional-products/food","Sin imagen","No descargada","N/A"
"Sin nombre","Sin descripción","Sin precio","https://www.vistaprint.com/promotional-products/food","Sin imagen","No descargada","N/A"
"Sin nombre","Sin descripción","Sin precio","https://www.vistaprint.com/promotional-products/food","https://logo-rendering.large-assortment.vpsvc.com/api/v2/platform-products/vistaprint/en-us/PRD-VYPMW85WI/sample-image?productVersion=8&selectedOptions%5BSubstrate%20Color%5D=%23000000&size=500&requestor=product-discovery-page","snacks-caramelos-0043.jpg","VP7OKFBSDQ"
"Sin nombre","Sin descripción","Sin precio","https://www.vistaprint.com/promotional-products/food","Sin imagen","No descargada","N/A"
"Sin nombre","Sin descripción","Sin precio","https://www.vistaprint.com/promotional-products/food","https://logo-rendering.large-assortment.vpsvc.com/api/v2/platform-products/vistaprint/en-us/PRD-VYPMW85WI/sample-image?productVersion=8&selectedOptions%5BSubstrate%20Color%5D=%23000000&size=500&requestor=product-discovery-page","No descargada","VP4D2FHEQX"
"Sin nombre","Sin descripción","Sin precio","https://www.vistaprint.com/promotional-products/food","Sin imagen","No descargada","N/A"
"Sin nombre","Sin descripción","Sin precio","https://www.vistaprint.com/promotional-products/food","Sin imagen","No descargada","N/A"
"Sin nombre","Sin descripción","Sin precio","https://www.vistaprint.com/promotional-products/food","Sin imagen","No descargada","N/A"
"Sin nombre","Sin descripción","Sin precio","https://www.vistaprint.com/promotional-products/food","Sin imagen","No descargada","N/A"
"Sin nombre","Sin descripción","Sin precio","https://www.vistaprint.com/promotional-products/food","Sin imagen","No descargada","N/A"
"Sin nombre","Sin descripción","Sin precio","https://www.vistaprint.com/promotional-products/food","Sin imagen","No descargada","N/A"
"Sin nombre","Sin descripción","Sin precio","https://www.vistaprint.com/promotional-products/food","https://logo-rendering.large-assortment.vpsvc.com/api/v2/platform-products/vistaprint/en-us/PRD-G1LNP8XI8/sample-image?productVersion=15&selectedOptions%5BSubstrate%20Color%5D=%23ffffff&size=500&requestor=product-discovery-page","snacks-caramelos-0044.jpg","VP2MXE5HC8"
"Sin nombre","Sin descripción","Sin precio","https://www.vistaprint.com/promotional-products/food","Sin imagen","No descargada","N/A"
"Sin nombre","Sin descripción","Sin precio","https://www.vistaprint.com/promotional-products/food","https://logo-rendering.large-assortment.vpsvc.com/api/v2/platform-products/vistaprint/en-us/PRD-G1LNP8XI8/sample-image?productVersion=15&selectedOptions%5BSubstrate%20Color%5D=%23ffffff&size=500&requestor=product-discovery-page","No descargada","VPM7YYVNIB"
"Sin nombre","Sin descripción","Sin precio","https://www.vistaprint.com/promotional-products/food","Sin imagen","No descargada","N/A"
"Sin nombre","Sin descripción","Sin precio","https://www.vistaprint.com/promotional-products/food","Sin imagen","No descargada","N/A"
"Sin nombre","Sin descripción","Sin precio","https://www.vistaprint.com/promotional-products/food","Sin imagen","No descargada","N/A"
"Sin nombre","Sin descripción","Sin precio","https://www.vistaprint.com/promotional-products/food","Sin imagen","No descargada","N/A"
"Sin nombre","Sin descripción","Sin precio","https://www.vistaprint.com/promotional-products/food","Sin imagen","No descargada","N/A"
"Sin nombre","Sin descripción","Sin precio","https://www.vistaprint.com/promotional-products/food","Sin imagen","No descargada","N/A"
"Sin nombre","Sin descripción","Sin precio","https://www.vistaprint.com/promotional-products/food","Sin imagen","No descargada","N/A"
"Sin nombre","Sin descripción","Sin precio","https://www.vistaprint.com/promotional-products/food","https://logo-rendering.large-assortment.vpsvc.com/api/v2/platform-products/vistaprint/en-us/PRD-MKXWJ4SGP/sample-image?productVersion=15&selectedOptions%5BSubstrate%20Color%5D=%23eef0ef&size=500&requestor=product-discovery-page","snacks-caramelos-0045.jpg","VP6HEI21L6"
"Sin nombre","Sin descripción","Sin precio","https://www.vistaprint.com/promotional-products/food","Sin imagen","No descargada","N/A"
"Sin nombre","Sin descripción","Sin precio","https://www.vistaprint.com/promotional-products/food","https://logo-rendering.large-assortment.vpsvc.com/api/v2/platform-products/vistaprint/en-us/PRD-MKXWJ4SGP/sample-image?productVersion=15&selectedOptions%5BSubstrate%20Color%5D=%23eef0ef&size=500&requestor=product-discovery-page","No descargada","VPSN11KY37"
"Sin nombre","Sin descripción","Sin precio","https://www.vistaprint.com/promotional-products/food","Sin imagen","No descargada","N/A"
"Sin nombre","Sin descripción","Sin precio","https://www.vistaprint.com/promotional-products/food","Sin imagen","No descargada","N/A"
"Sin nombre","Sin descripción","Sin precio","https://www.vistaprint.com/promotional-products/food","Sin imagen","No descargada","N/A"
"Sin nombre","Sin descripción","Sin precio","https://www.vistaprint.com/promotional-products/food","Sin imagen","No descargada","N/A"
"Sin nombre","Sin descripción","Sin precio","https://www.vistaprint.com/promotional-products/food","Sin imagen","No descargada","N/A"
"Sin nombre","Sin descripción","Sin precio","https://www.vistaprint.com/promotional-products/food","Sin imagen","No descargada","N/A"
"Sin nombre","Sin descripción","Sin precio","https://www.vistaprint.com/promotional-products/food","https://logo-rendering.large-assortment.vpsvc.com/api/v2/platform-products/vistaprint/en-us/PRD-BOWDPM778/sample-image?productVersion=5&selectedOptions%5BSubstrate%20Color%5D=%23d8d8d6&size=500&requestor=product-discovery-page","snacks-caramelos-0046.jpg","VPOEDS8S7T"
"Sin nombre","Sin descripción","Sin precio","https://www.vistaprint.com/promotional-products/food","Sin imagen","No descargada","N/A"
"Sin nombre","Sin descripción","Sin precio","https://www.vistaprint.com/promotional-products/food","https://logo-rendering.large-assortment.vpsvc.com/api/v2/platform-products/vistaprint/en-us/PRD-BOWDPM778/sample-image?productVersion=5&selectedOptions%5BSubstrate%20Color%5D=%23d8d8d6&size=500&requestor=product-discovery-page","No descargada","VP3UBWZ7B5"
"Sin nombre","Sin descripción","Sin precio","https://www.vistaprint.com/promotional-products/food","Sin imagen","No descargada","N/A"
"Sin nombre","Sin descripción","Sin precio","https://www.vistaprint.com/promotional-products/food","Sin imagen","No descargada","N/A"
"Sin nombre","Sin descripción","Sin precio","https://www.vistaprint.com/promotional-products/food","Sin imagen","No descargada","N/A"
"Sin nombre","Sin descripción","Sin precio","https://www.vistaprint.com/promotional-products/food","Sin imagen","No descargada","N/A"
"Sin nombre","Sin descripción","Sin precio","https://www.vistaprint.com/promotional-products/food","Sin imagen","No descargada","N/A"
"Sin nombre","Sin descripción","Sin precio","https://www.vistaprint.com/promotional-products/food","Sin imagen","No descargada","N/A"
"Sin nombre","Sin descripción","Sin precio","https://www.vistaprint.com/promotional-products/food","Sin imagen","No descargada","N/A"
"Sin nombre","Sin descripción","Sin precio","https://www.vistaprint.com/promotional-products/food","https://logo-rendering.large-assortment.vpsvc.com/api/v2/platform-products/vistaprint/en-us/PRD-Z5RYN3ORL/sample-image?productVersion=18&selectedOptions%5BSubstrate%20Color%5D=%23CACDD4&size=500&requestor=product-discovery-page","snacks-caramelos-0047.jpg","VP3YB43MJ2"
"Sin nombre","Sin descripción","Sin precio","https://www.vistaprint.com/promotional-products/food","Sin imagen","No descargada","N/A"
"Sin nombre","Sin descripción","Sin precio","https://www.vistaprint.com/promotional-products/food","https://logo-rendering.large-assortment.vpsvc.com/api/v2/platform-products/vistaprint/en-us/PRD-Z5RYN3ORL/sample-image?productVersion=18&selectedOptions%5BSubstrate%20Color%5D=%23CACDD4&size=500&requestor=product-discovery-page","No descargada","VPMXPAPKKH"
"Sin nombre","Sin descripción","Sin precio","https://www.vistaprint.com/promotional-products/food","Sin imagen","No descargada","N/A"
"Sin nombre","Sin descripción","Sin precio","https://www.vistaprint.com/promotional-products/food","Sin imagen","No descargada","N/A"
"Sin nombre","Sin descripción","Sin precio","https://www.vistaprint.com/promotional-products/food","Sin imagen","No descargada","N/A"
"Sin nombre","Sin descripción","Sin precio","https://www.vistaprint.com/promotional-products/food","Sin imagen","No descargada","N/A"
"Sin nombre","Sin descripción","Sin precio","https://www.vistaprint.com/promotional-products/food","Sin imagen","No descargada","N/A"
"Sin nombre","Sin descripción","Sin precio","https://www.vistaprint.com/promotional-products/food","Sin imagen","No descargada","N/A"
"Sin nombre","Sin descripción","Sin precio","https://www.vistaprint.com/promotional-products/food","https://logo-rendering.large-assortment.vpsvc.com/api/v2/platform-products/vistaprint/en-us/PRD-D6DFCDAXG/sample-image?productVersion=4&selectedOptions%5BSubstrate%20Color%5D=%23d5d5d3&size=500&requestor=product-discovery-page","snacks-caramelos-0048.jpg","VPTQQ3WKKB"
"Sin nombre","Sin descripción","Sin precio","https://www.vistaprint.com/promotional-products/food","Sin imagen","No descargada","N/A"
"Sin nombre","Sin descripción","Sin precio","https://www.vistaprint.com/promotional-products/food","https://logo-rendering.large-assortment.vpsvc.com/api/v2/platform-products/vistaprint/en-us/PRD-D6DFCDAXG/sample-image?productVersion=4&selectedOptions%5BSubstrate%20Color%5D=%23d5d5d3&size=500&requestor=product-discovery-page","No descargada","VPFEH6HYSX"
"Sin nombre","Sin descripción","Sin precio","https://www.vistaprint.com/promotional-products/food","Sin imagen","No descargada","N/A"
"Sin nombre","Sin descripción","Sin precio","https://www.vistaprint.com/promotional-products/food","Sin imagen","No descargada","N/A"
"Sin nombre","Sin descripción","Sin precio","https://www.vistaprint.com/promotional-products/food","Sin imagen","No descargada","N/A"
"Sin nombre","Sin descripción","Sin precio","https://www.vistaprint.com/promotional-products/food","Sin imagen","No descargada","N/A"
"Sin nombre","Sin descripción","Sin precio","https://www.vistaprint.com/promotional-products/food","Sin imagen","No descargada","N/A"
"Sin nombre","Sin descripción","Sin precio","https://www.vistaprint.com/promotional-products/food","Sin imagen","No descargada","N/A"
"Sin nombre","Sin descripción","Sin precio","https://www.vistaprint.com/promotional-products/food","Sin imagen","No descargada","N/A"
"Sin nombre","Sin descripción","Sin precio","https://www.vistaprint.com/promotional-products/food","https://logo-rendering.large-assortment.vpsvc.com/api/v2/platform-products/vistaprint/en-us/PRD-GPTD70WZT/sample-image?productVersion=18&selectedOptions%5BSubstrate%20Color%5D=%23CACDD4&size=500&requestor=product-discovery-page","snacks-caramelos-0049.jpg","VPNIHKODV6"
"Sin nombre","Sin descripción","Sin precio","https://www.vistaprint.com/promotional-products/food","Sin imagen","No descargada","N/A"
"Sin nombre","Sin descripción","Sin precio","https://www.vistaprint.com/promotional-products/food","https://logo-rendering.large-assortment.vpsvc.com/api/v2/platform-products/vistaprint/en-us/PRD-GPTD70WZT/sample-image?productVersion=18&selectedOptions%5BSubstrate%20Color%5D=%23CACDD4&size=500&requestor=product-discovery-page","No descargada","VP8RBCTIXN"
"Sin nombre","Sin descripción","Sin precio","https://www.vistaprint.com/promotional-products/food","Sin imagen","No descargada","N/A"
"Sin nombre","Sin descripción","Sin precio","https://www.vistaprint.com/promotional-products/food","Sin imagen","No descargada","N/A"
"Sin nombre","Sin descripción","Sin precio","https://www.vistaprint.com/promotional-products/food","Sin imagen","No descargada","N/A"
"Sin nombre","Sin descripción","Sin precio","https://www.vistaprint.com/promotional-products/food","Sin imagen","No descargada","N/A"
"Sin nombre","Sin descripción","Sin precio","https://www.vistaprint.com/promotional-products/food","Sin imagen","No descargada","N/A"
"Sin nombre","Sin descripción","Sin precio","https://www.vistaprint.com/promotional-products/food","Sin imagen","No descargada","N/A"
"Sin nombre","Sin descripción","Sin precio","https://www.vistaprint.com/promotional-products/food","https://logo-rendering.large-assortment.vpsvc.com/api/v2/platform-products/vistaprint/en-us/PRD-P5RNPZ49A/sample-image?productVersion=4&selectedOptions%5BSubstrate%20Color%5D=%23d4d4d2&size=500&requestor=product-discovery-page","snacks-caramelos-0050.jpg","VPJ3Y9Q0VO"
"Sin nombre","Sin descripción","Sin precio","https://www.vistaprint.com/promotional-products/food","Sin imagen","No descargada","N/A"
"Sin nombre","Sin descripción","Sin precio","https://www.vistaprint.com/promotional-products/food","https://logo-rendering.large-assortment.vpsvc.com/api/v2/platform-products/vistaprint/en-us/PRD-P5RNPZ49A/sample-image?productVersion=4&selectedOptions%5BSubstrate%20Color%5D=%23d4d4d2&size=500&requestor=product-discovery-page","No descargada","VP8K7OFZXH"
"Sin nombre","Sin descripción","Sin precio","https://www.vistaprint.com/promotional-products/food","Sin imagen","No descargada","N/A"
"Sin nombre","Sin descripción","Sin precio","https://www.vistaprint.com/promotional-products/food","Sin imagen","No descargada","N/A"
"Sin nombre","Sin descripción","Sin precio","https://www.vistaprint.com/promotional-products/food","Sin imagen","No descargada","N/A"
"Sin nombre","Sin descripción","Sin precio","https://www.vistaprint.com/promotional-products/food","Sin imagen","No descargada","N/A"
"Sin nombre","Sin descripción","Sin precio","https://www.vistaprint.com/promotional-products/food","Sin imagen","No descargada","N/A"
"Sin nombre","Sin descripción","Sin precio","https://www.vistaprint.com/promotional-products/food","Sin imagen","No descargada","N/A"
"Sin nombre","Sin descripción","Sin precio","https://www.vistaprint.com/promotional-products/food","https://logo-rendering.large-assortment.vpsvc.com/api/v2/platform-products/vistaprint/en-us/PRD-W406LMKKA/sample-image?productVersion=17&selectedOptions%5BSubstrate%20Color%5D=%23CACDD4&size=500&requestor=product-discovery-page","snacks-caramelos-0051.jpg","VPWBNC1TE0"
"Sin nombre","Sin descripción","Sin precio","https://www.vistaprint.com/promotional-products/food","Sin imagen","No descargada","N/A"
"Sin nombre","Sin descripción","Sin precio","https://www.vistaprint.com/promotional-products/food","https://logo-rendering.large-assortment.vpsvc.com/api/v2/platform-products/vistaprint/en-us/PRD-W406LMKKA/sample-image?productVersion=17&selectedOptions%5BSubstrate%20Color%5D=%23CACDD4&size=500&requestor=product-discovery-page","No descargada","VPJUOVXQ72"
"Sin nombre","Sin descripción","Sin precio","https://www.vistaprint.com/promotional-products/food","Sin imagen","No descargada","N/A"
"Sin nombre","Sin descripción","Sin precio","https://www.vistaprint.com/promotional-products/food","Sin imagen","No descargada","N/A"
"Sin nombre","Sin descripción","Sin precio","https://www.vistaprint.com/promotional-products/food","Sin imagen","No descargada","N/A"
"Sin nombre","Sin descripción","Sin precio","https://www.vistaprint.com/promotional-products/food","Sin imagen","No descargada","N/A"
"Sin nombre","Sin descripción","Sin precio","https://www.vistaprint.com/promotional-products/food","Sin imagen","No descargada","N/A"
"Sin nombre","Sin descripción","Sin precio","https://www.vistaprint.com/promotional-products/food","Sin imagen","No descargada","N/A"
"Sin nombre","Sin descripción","Sin precio","https://www.vistaprint.com/promotional-products/food","Sin imagen","No descargada","N/A"
"Sin nombre","Sin descripción","Sin precio","https://www.vistaprint.com/promotional-products/food","https://logo-rendering.large-assortment.vpsvc.com/api/v2/platform-products/vistaprint/en-us/PRD-CO4N7ORFO/sample-image?productVersion=16&selectedOptions%5BSubstrate%20Color%5D=%23edefee&size=500&requestor=product-discovery-page","snacks-caramelos-0052.jpg","VPL06IE2H6"
"Sin nombre","Sin descripción","Sin precio","https://www.vistaprint.com/promotional-products/food","Sin imagen","No descargada","N/A"
"Sin nombre","Sin descripción","Sin precio","https://www.vistaprint.com/promotional-products/food","https://logo-rendering.large-assortment.vpsvc.com/api/v2/platform-products/vistaprint/en-us/PRD-CO4N7ORFO/sample-image?productVersion=16&selectedOptions%5BSubstrate%20Color%5D=%23edefee&size=500&requestor=product-discovery-page","No descargada","VPCHXCFD9A"
"Sin nombre","Sin descripción","Sin precio","https://www.vistaprint.com/promotional-products/food","Sin imagen","No descargada","N/A"
"Sin nombre","Sin descripción","Sin precio","https://www.vistaprint.com/promotional-products/food","Sin imagen","No descargada","N/A"
"Sin nombre","Sin descripción","Sin precio","https://www.vistaprint.com/promotional-products/food","Sin imagen","No descargada","N/A"
"Sin nombre","Sin descripción","Sin precio","https://www.vistaprint.com/promotional-products/food","Sin imagen","No descargada","N/A"
"Sin nombre","Sin descripción","Sin precio","https://www.vistaprint.com/promotional-products/food","Sin imagen","No descargada","N/A"
"Sin nombre","Sin descripción","Sin precio","https://www.vistaprint.com/promotional-products/food","Sin imagen","No descargada","N/A"
"Sin nombre","Sin descripción","Sin precio","https://www.vistaprint.com/promotional-products/food","https://logo-rendering.large-assortment.vpsvc.com/api/v2/platform-products/vistaprint/en-us/PRD-E7YTXXGLN/sample-image?productVersion=5&selectedOptions%5BSubstrate%20Color%5D=%23F2F2F2&size=500&requestor=product-discovery-page","snacks-caramelos-0053.jpg","VPX42VA6LF"
"Sin nombre","Sin descripción","Sin precio","https://www.vistaprint.com/promotional-products/food","Sin imagen","No descargada","N/A"
"Sin nombre","Sin descripción","Sin precio","https://www.vistaprint.com/promotional-products/food","https://logo-rendering.large-assortment.vpsvc.com/api/v2/platform-products/vistaprint/en-us/PRD-E7YTXXGLN/sample-image?productVersion=5&selectedOptions%5BSubstrate%20Color%5D=%23F2F2F2&size=500&requestor=product-discovery-page","No descargada","VP9YW4TYSP"
"Sin nombre","Sin descripción","Sin precio","https://www.vistaprint.com/promotional-products/food","Sin imagen","No descargada","N/A"
"Sin nombre","Sin descripción","Sin precio","https://www.vistaprint.com/promotional-products/food","Sin imagen","No descargada","N/A"
"Sin nombre","Sin descripción","Sin precio","https://www.vistaprint.com/promotional-products/food","Sin imagen","No descargada","N/A"
"Sin nombre","Sin descripción","Sin precio","https://www.vistaprint.com/promotional-products/food","Sin imagen","No descargada","N/A"
"Sin nombre","Sin descripción","Sin precio","https://www.vistaprint.com/promotional-products/food","Sin imagen","No descargada","N/A"
"Sin nombre","Sin descripción","Sin precio","https://www.vistaprint.com/promotional-products/food","Sin imagen","No descargada","N/A"
