producto;slug;product_id;color_en;color_hex;color_es;image_url
Gildan® Softstyle® Unisex T-shirt;gildan-r-softstyle-r-unisex-t-shirt;PRD-XEHU3NESB;Black;04080b;negro;/media/product_images/ropa_y_bolsos/polos/gildan-r-softstyle-r-unisex-t-shirt-negro.jpg
Gildan® Softstyle® Unisex T-shirt;gildan-r-softstyle-r-unisex-t-shirt;PRD-XEHU3NESB;Coral Silk;f67875;coral-seda;/media/product_images/ropa_y_bolsos/polos/gildan-r-softstyle-r-unisex-t-shirt-coral-seda.jpg
Gildan® Softstyle® Unisex T-shirt;gildan-r-softstyle-r-unisex-t-shirt;PRD-XEHU3NESB;White;f2f2f2;blanco;/media/product_images/ropa_y_bolsos/polos/gildan-r-softstyle-r-unisex-t-shirt-blanco.jpg
Gildan® Softstyle® Unisex T-shirt;gildan-r-softstyle-r-unisex-t-shirt;PRD-XEHU3NESB;Sport Grey;d5d5d7;gris-deportivo;/media/product_images/ropa_y_bolsos/polos/gildan-r-softstyle-r-unisex-t-shirt-gris-deportivo.jpg
Gildan® Softstyle® Unisex T-shirt;gildan-r-softstyle-r-unisex-t-shirt;PRD-XEHU3NESB;Royal;3e63b1;azul-real;/media/product_images/ropa_y_bolsos/polos/gildan-r-softstyle-r-unisex-t-shirt-azul-real.jpg
Gildan® Softstyle® Unisex T-shirt;gildan-r-softstyle-r-unisex-t-shirt;PRD-XEHU3NESB;Heather Navy;555a65;azul-marino-jaspeado;/media/product_images/ropa_y_bolsos/polos/gildan-r-softstyle-r-unisex-t-shirt-azul-marino-jaspeado.jpg
Gildan® Softstyle® Unisex T-shirt;gildan-r-softstyle-r-unisex-t-shirt;PRD-XEHU3NESB;Purple;402768;morado;/media/product_images/ropa_y_bolsos/polos/gildan-r-softstyle-r-unisex-t-shirt-morado.jpg
Gildan® Softstyle® Unisex T-shirt;gildan-r-softstyle-r-unisex-t-shirt;PRD-XEHU3NESB;Red;cd2f3c;rojo;/media/product_images/ropa_y_bolsos/polos/gildan-r-softstyle-r-unisex-t-shirt-rojo.jpg
Bella + Canvas® Ultra-Soft Jersey Unisex T-shirt;bella-canvas-r-ultra-soft-jersey-unisex-t-shirt;PRD-J6SYEJEXK;Royal;064fab;azul-real;/media/product_images/ropa_y_bolsos/polos/bella-canvas-r-ultra-soft-jersey-unisex-t-shirt-azul-real.jpg
Bella + Canvas® Ultra-Soft Jersey Unisex T-shirt;bella-canvas-r-ultra-soft-jersey-unisex-t-shirt;PRD-J6SYEJEXK;Black;1d1d1d;negro;/media/product_images/ropa_y_bolsos/polos/bella-canvas-r-ultra-soft-jersey-unisex-t-shirt-negro.jpg
Bella + Canvas® Ultra-Soft Jersey Unisex T-shirt;bella-canvas-r-ultra-soft-jersey-unisex-t-shirt;PRD-J6SYEJEXK;White;fcfcfc;blanco;/media/product_images/ropa_y_bolsos/polos/bella-canvas-r-ultra-soft-jersey-unisex-t-shirt-blanco.jpg
Bella + Canvas® Ultra-Soft Jersey Unisex T-shirt;bella-canvas-r-ultra-soft-jersey-unisex-t-shirt;PRD-J6SYEJEXK;Navy;393b47;azul-marino;/media/product_images/ropa_y_bolsos/polos/bella-canvas-r-ultra-soft-jersey-unisex-t-shirt-azul-marino.jpg
Bella + Canvas® Ultra-Soft Jersey Unisex T-shirt;bella-canvas-r-ultra-soft-jersey-unisex-t-shirt;PRD-J6SYEJEXK;Asphalt;575757;asfalto;/media/product_images/ropa_y_bolsos/polos/bella-canvas-r-ultra-soft-jersey-unisex-t-shirt-asfalto.jpg
Bella + Canvas® Ultra-Soft Jersey Unisex T-shirt;bella-canvas-r-ultra-soft-jersey-unisex-t-shirt;PRD-J6SYEJEXK;Red;ad132a;rojo;/media/product_images/ropa_y_bolsos/polos/bella-canvas-r-ultra-soft-jersey-unisex-t-shirt-rojo.jpg
Bella + Canvas® Ultra-Soft Jersey Unisex T-shirt;bella-canvas-r-ultra-soft-jersey-unisex-t-shirt;PRD-J6SYEJEXK;Pink;e8d1d7;rosa;/media/product_images/ropa_y_bolsos/polos/bella-canvas-r-ultra-soft-jersey-unisex-t-shirt-rosa.jpg
Bella + Canvas® Ultra-Soft Jersey Unisex T-shirt;bella-canvas-r-ultra-soft-jersey-unisex-t-shirt;PRD-J6SYEJEXK;Natural;dedac8;natural;/media/product_images/ropa_y_bolsos/polos/bella-canvas-r-ultra-soft-jersey-unisex-t-shirt-natural.jpg
Allmade® Organic Cotton Unisex T-shirt;allmade-r-organic-cotton-unisex-t-shirt;PRD-TWEKBFWTX;Night Sky Navy;28263a;azul-cielo-nocturno;/media/product_images/ropa_y_bolsos/polos/allmade-r-organic-cotton-unisex-t-shirt-azul-cielo-nocturno.jpg
Allmade® Organic Cotton Unisex T-shirt;allmade-r-organic-cotton-unisex-t-shirt;PRD-TWEKBFWTX;Deep Black;242224;negro-profundo;/media/product_images/ropa_y_bolsos/polos/allmade-r-organic-cotton-unisex-t-shirt-negro-profundo.jpg
Allmade® Organic Cotton Unisex T-shirt;allmade-r-organic-cotton-unisex-t-shirt;PRD-TWEKBFWTX;Terrain Grey;545556;gris-terreno;/media/product_images/ropa_y_bolsos/polos/allmade-r-organic-cotton-unisex-t-shirt-gris-terreno.jpg
Allmade® Organic Cotton Unisex T-shirt;allmade-r-organic-cotton-unisex-t-shirt;PRD-TWEKBFWTX;Bright White;f6f5f7;blanco-brillante;/media/product_images/ropa_y_bolsos/polos/allmade-r-organic-cotton-unisex-t-shirt-blanco-brillante.jpg
District® Very Important Tee® with Left Chest and Back Print;district-r-very-important-tee-r-with-left-chest-and-back-print;PRD-M4LEZOBPJ;New Navy;1a1e33;azul-marino;/media/product_images/ropa_y_bolsos/polos/district-r-very-important-tee-r-with-left-chest-and-back-print-azul-marino.jpg
District® Very Important Tee® with Left Chest and Back Print;district-r-very-important-tee-r-with-left-chest-and-back-print;PRD-M4LEZOBPJ;Heathered Red;b43a49;rojo;/media/product_images/ropa_y_bolsos/polos/district-r-very-important-tee-r-with-left-chest-and-back-print-rojo.jpg
District® Very Important Tee® with Left Chest and Back Print;district-r-very-important-tee-r-with-left-chest-and-back-print;PRD-M4LEZOBPJ;Royal Frost;6381ce;azul-real;/media/product_images/ropa_y_bolsos/polos/district-r-very-important-tee-r-with-left-chest-and-back-print-azul-real.jpg
District® Very Important Tee® with Left Chest and Back Print;district-r-very-important-tee-r-with-left-chest-and-back-print;PRD-M4LEZOBPJ;Evergreen;30534d;verde;/media/product_images/ropa_y_bolsos/polos/district-r-very-important-tee-r-with-left-chest-and-back-print-verde.jpg
District® Very Important Tee® with Left Chest and Back Print;district-r-very-important-tee-r-with-left-chest-and-back-print;PRD-M4LEZOBPJ;Purple;503b76;morado;/media/product_images/ropa_y_bolsos/polos/district-r-very-important-tee-r-with-left-chest-and-back-print-morado.jpg
District® Soft-Touch Unisex T-shirt;soft-touch-mens-t-shirt;PRD-RU50RIWPS;Black;0;negro;/media/product_images/ropa_y_bolsos/polos/soft-touch-mens-t-shirt-negro.jpg
District® Soft-Touch Unisex T-shirt;soft-touch-mens-t-shirt;PRD-RU50RIWPS;White;ffffff;blanco;/media/product_images/ropa_y_bolsos/polos/soft-touch-mens-t-shirt-blanco.jpg
District® Soft-Touch Unisex T-shirt;soft-touch-mens-t-shirt;PRD-RU50RIWPS;Red;ba0c2f;rojo;/media/product_images/ropa_y_bolsos/polos/soft-touch-mens-t-shirt-rojo.jpg
District® Soft-Touch Unisex T-shirt;soft-touch-mens-t-shirt;PRD-RU50RIWPS;Heather Charcoal;53535a;carbon;/media/product_images/ropa_y_bolsos/polos/soft-touch-mens-t-shirt-carbon.jpg
District® Soft-Touch Unisex T-shirt;soft-touch-mens-t-shirt;PRD-RU50RIWPS;Navy;1f2a44;azul-marino;/media/product_images/ropa_y_bolsos/polos/soft-touch-mens-t-shirt-azul-marino.jpg
District® Soft-Touch Unisex T-shirt;soft-touch-mens-t-shirt;PRD-RU50RIWPS;Deep Royal;1d428a;azul-real;/media/product_images/ropa_y_bolsos/polos/soft-touch-mens-t-shirt-azul-real.jpg
District® Soft-Touch Unisex T-shirt;soft-touch-mens-t-shirt;PRD-RU50RIWPS;Hot Pink;f67599;rosa-fucsia;/media/product_images/ropa_y_bolsos/polos/soft-touch-mens-t-shirt-rosa-fucsia.jpg
Gildan® Softstyle Long Sleeve T-Shirt;gildan-r-softstyle-long-sleeve-t-shirt;PRD-5ONR2SNR5;Navy;2c3041;azul-marino;/media/product_images/ropa_y_bolsos/polos/gildan-r-softstyle-long-sleeve-t-shirt-azul-marino.jpg
Gildan® Softstyle Long Sleeve T-Shirt;gildan-r-softstyle-long-sleeve-t-shirt;PRD-5ONR2SNR5;Sport Grey;d5d8df;gris-deportivo;/media/product_images/ropa_y_bolsos/polos/gildan-r-softstyle-long-sleeve-t-shirt-gris-deportivo.jpg
Gildan® Softstyle Long Sleeve T-Shirt;gildan-r-softstyle-long-sleeve-t-shirt;PRD-5ONR2SNR5;Military Green;7a805e;verde-militar;/media/product_images/ropa_y_bolsos/polos/gildan-r-softstyle-long-sleeve-t-shirt-verde-militar.jpg
Gildan® Softstyle Long Sleeve T-Shirt;gildan-r-softstyle-long-sleeve-t-shirt;PRD-5ONR2SNR5;Charcoal;83827c;carbon;/media/product_images/ropa_y_bolsos/polos/gildan-r-softstyle-long-sleeve-t-shirt-carbon.jpg
Gildan® Softstyle Long Sleeve T-Shirt;gildan-r-softstyle-long-sleeve-t-shirt;PRD-5ONR2SNR5;Black;312f31;negro;/media/product_images/ropa_y_bolsos/polos/gildan-r-softstyle-long-sleeve-t-shirt-negro.jpg
Gildan® Softstyle Long Sleeve T-Shirt;gildan-r-softstyle-long-sleeve-t-shirt;PRD-5ONR2SNR5;Cherry Red;de043e;rojo-cereza;/media/product_images/ropa_y_bolsos/polos/gildan-r-softstyle-long-sleeve-t-shirt-rojo-cereza.jpg
District® Very Important Tee® Long Sleeve with Left Chest Print and Back Printing;district-r-very-important-tee-r-long-sleeve-with-left-chest-print-and-back-printing;PRD-SJSSJY2V6;Black;1e1e1e;negro;/media/product_images/ropa_y_bolsos/polos/district-r-very-important-tee-r-long-sleeve-with-left-chest-print-and-back-printing-negro.jpg
District® Very Important Tee® Long Sleeve with Left Chest Print and Back Printing;district-r-very-important-tee-r-long-sleeve-with-left-chest-print-and-back-printing;PRD-SJSSJY2V6;White;ececec;blanco;/media/product_images/ropa_y_bolsos/polos/district-r-very-important-tee-r-long-sleeve-with-left-chest-print-and-back-printing-blanco.jpg
District® Very Important Tee® Long Sleeve with Left Chest Print and Back Printing;district-r-very-important-tee-r-long-sleeve-with-left-chest-print-and-back-printing;PRD-SJSSJY2V6;Light Heather Grey;c0c0c0;gris;/media/product_images/ropa_y_bolsos/polos/district-r-very-important-tee-r-long-sleeve-with-left-chest-print-and-back-printing-gris.jpg
District® Very Important Tee® Long Sleeve with Left Chest Print and Back Printing;district-r-very-important-tee-r-long-sleeve-with-left-chest-print-and-back-printing;PRD-SJSSJY2V6;Heathered Navy;4a5364;azul-marino;/media/product_images/ropa_y_bolsos/polos/district-r-very-important-tee-r-long-sleeve-with-left-chest-print-and-back-printing-azul-marino.jpg
District® Very Important Tee® Long Sleeve with Left Chest Print and Back Printing;district-r-very-important-tee-r-long-sleeve-with-left-chest-print-and-back-printing;PRD-SJSSJY2V6;Heathered Charcoal;58575b;carbon;/media/product_images/ropa_y_bolsos/polos/district-r-very-important-tee-r-long-sleeve-with-left-chest-print-and-back-printing-carbon.jpg
District® Very Important Tee® with Left Chest Print;district-r-very-important-tee-r-with-left-chest-print;PRD-KEC6VZAR2;Heathered Red;b13947;rojo;/media/product_images/ropa_y_bolsos/polos/district-r-very-important-tee-r-with-left-chest-print-rojo.jpg
District® Very Important Tee® with Left Chest Print;district-r-very-important-tee-r-with-left-chest-print;PRD-KEC6VZAR2;Evergreen;2d4d48;verde;/media/product_images/ropa_y_bolsos/polos/district-r-very-important-tee-r-with-left-chest-print-verde.jpg
District® Very Important Tee® with Left Chest Print;district-r-very-important-tee-r-with-left-chest-print;PRD-KEC6VZAR2;Purple;443263;morado;/media/product_images/ropa_y_bolsos/polos/district-r-very-important-tee-r-with-left-chest-print-morado.jpg
District® Very Important Tee® with Left Chest Print;district-r-very-important-tee-r-with-left-chest-print;PRD-KEC6VZAR2;Heathered Navy;566478;azul-marino;/media/product_images/ropa_y_bolsos/polos/district-r-very-important-tee-r-with-left-chest-print-azul-marino.jpg
District® Very Important Tee® with Left Chest Print;district-r-very-important-tee-r-with-left-chest-print;PRD-KEC6VZAR2;Charcoal;3c4042;carbon;/media/product_images/ropa_y_bolsos/polos/district-r-very-important-tee-r-with-left-chest-print-carbon.jpg
District® Very Important Tee® with Left Chest Print;district-r-very-important-tee-r-with-left-chest-print;PRD-KEC6VZAR2;Light Heather Grey;ababab;gris;/media/product_images/ropa_y_bolsos/polos/district-r-very-important-tee-r-with-left-chest-print-gris.jpg
District® Soft-Touch Women's T-shirt;soft-touch-womens-t-shirt;PRD-J2VM1PY8B;Deep Royal;1d428a;azul-real;/media/product_images/ropa_y_bolsos/polos/soft-touch-womens-t-shirt-azul-real.jpg
District® Soft-Touch Women's T-shirt;soft-touch-womens-t-shirt;PRD-J2VM1PY8B;White;ffffff;blanco;/media/product_images/ropa_y_bolsos/polos/soft-touch-womens-t-shirt-blanco.jpg
District® Soft-Touch Women's T-shirt;soft-touch-womens-t-shirt;PRD-J2VM1PY8B;Black;0;negro;/media/product_images/ropa_y_bolsos/polos/soft-touch-womens-t-shirt-negro.jpg
District® Soft-Touch Women's T-shirt;soft-touch-womens-t-shirt;PRD-J2VM1PY8B;Heather Charcoal;53535a;carbon;/media/product_images/ropa_y_bolsos/polos/soft-touch-womens-t-shirt-carbon.jpg
District® Soft-Touch Women's T-shirt;soft-touch-womens-t-shirt;PRD-J2VM1PY8B;Navy;1f2a44;azul-marino;/media/product_images/ropa_y_bolsos/polos/soft-touch-womens-t-shirt-azul-marino.jpg
District® Soft-Touch Women's T-shirt;soft-touch-womens-t-shirt;PRD-J2VM1PY8B;Red;ba0c2f;rojo;/media/product_images/ropa_y_bolsos/polos/soft-touch-womens-t-shirt-rojo.jpg
District® Soft-Touch Women's T-shirt;soft-touch-womens-t-shirt;PRD-J2VM1PY8B;Hot Pink;f67599;rosa-fucsia;/media/product_images/ropa_y_bolsos/polos/soft-touch-womens-t-shirt-rosa-fucsia.jpg
District® Women's Very Important Tee® with Full-Front Print;district-r-women-s-very-important-tee-r-with-full-front-print;PRD-XMJYT4MI5;Black;2b2726;negro;/media/product_images/ropa_y_bolsos/polos/district-r-women-s-very-important-tee-r-with-full-front-print-negro.jpg
District® Women's Very Important Tee® with Full-Front Print;district-r-women-s-very-important-tee-r-with-full-front-print;PRD-XMJYT4MI5;Royal Frost;5565a4;azul-real;/media/product_images/ropa_y_bolsos/polos/district-r-women-s-very-important-tee-r-with-full-front-print-azul-real.jpg
District® Women's Very Important Tee® with Full-Front Print;district-r-women-s-very-important-tee-r-with-full-front-print;PRD-XMJYT4MI5;Purple;6a3595;morado;/media/product_images/ropa_y_bolsos/polos/district-r-women-s-very-important-tee-r-with-full-front-print-morado.jpg
District® Women's Very Important Tee® with Full-Front Print;district-r-women-s-very-important-tee-r-with-full-front-print;PRD-XMJYT4MI5;Heathered Charcoal;5.64E+53;carbon;/media/product_images/ropa_y_bolsos/polos/district-r-women-s-very-important-tee-r-with-full-front-print-carbon.jpg
District® Women's Very Important Tee® with Full-Front Print;district-r-women-s-very-important-tee-r-with-full-front-print;PRD-XMJYT4MI5;New Navy;2c2b3d;azul-marino;/media/product_images/ropa_y_bolsos/polos/district-r-women-s-very-important-tee-r-with-full-front-print-azul-marino.jpg
District® Women's Very Important Tee® with Full-Front Print;district-r-women-s-very-important-tee-r-with-full-front-print;PRD-XMJYT4MI5;Light Heather Grey;bcb6b4;gris;/media/product_images/ropa_y_bolsos/polos/district-r-women-s-very-important-tee-r-with-full-front-print-gris.jpg
Hanes® Essential Unisex T-shirt;hanes-r-essential-unisex-t-shirt;PRD-RHQMTEUMM;Orange;f36c40;naranja;/media/product_images/ropa_y_bolsos/polos/hanes-r-essential-unisex-t-shirt-naranja.jpg
Hanes® Essential Unisex T-shirt;hanes-r-essential-unisex-t-shirt;PRD-RHQMTEUMM;Deep Royal;1b4587;azul-real;/media/product_images/ropa_y_bolsos/polos/hanes-r-essential-unisex-t-shirt-azul-real.jpg
Hanes® Essential Unisex T-shirt;hanes-r-essential-unisex-t-shirt;PRD-RHQMTEUMM;Deep Forest;152926;deep-forest;/media/product_images/ropa_y_bolsos/polos/hanes-r-essential-unisex-t-shirt-deep-forest.jpg
Hanes® Essential Unisex T-shirt;hanes-r-essential-unisex-t-shirt;PRD-RHQMTEUMM;Purple;52458d;morado;/media/product_images/ropa_y_bolsos/polos/hanes-r-essential-unisex-t-shirt-morado.jpg
Hanes® Essential Unisex T-shirt;hanes-r-essential-unisex-t-shirt;PRD-RHQMTEUMM;Navy;72846;azul-marino;/media/product_images/ropa_y_bolsos/polos/hanes-r-essential-unisex-t-shirt-azul-marino.jpg
Hanes® Essential Unisex T-shirt;hanes-r-essential-unisex-t-shirt;PRD-RHQMTEUMM;Light Steel;bfbcc3;light-steel;/media/product_images/ropa_y_bolsos/polos/hanes-r-essential-unisex-t-shirt-light-steel.jpg
Hanes® Essential Unisex T-shirt;hanes-r-essential-unisex-t-shirt;PRD-RHQMTEUMM;Smoke Grey;5e5f65;gris;/media/product_images/ropa_y_bolsos/polos/hanes-r-essential-unisex-t-shirt-gris.jpg
Hanes® Essential Unisex T-shirt;hanes-r-essential-unisex-t-shirt;PRD-RHQMTEUMM;Black;151020;negro;/media/product_images/ropa_y_bolsos/polos/hanes-r-essential-unisex-t-shirt-negro.jpg
Port & Company® Performance Tee;port-company-r-performance-tee;PRD-OJHC0V2BC;Jet Black;212121;negro;/media/product_images/ropa_y_bolsos/polos/port-company-r-performance-tee-negro.jpg
Port & Company® Performance Tee;port-company-r-performance-tee;PRD-OJHC0V2BC;Royal;4064a9;azul-real;/media/product_images/ropa_y_bolsos/polos/port-company-r-performance-tee-azul-real.jpg
Port & Company® Performance Tee;port-company-r-performance-tee;PRD-OJHC0V2BC;True Royal;1f3d8e;azul-real-verdadero;/media/product_images/ropa_y_bolsos/polos/port-company-r-performance-tee-azul-real-verdadero.jpg
Port & Company® Performance Tee;port-company-r-performance-tee;PRD-OJHC0V2BC;Team Purple;4d2a6e;morado-equipo;/media/product_images/ropa_y_bolsos/polos/port-company-r-performance-tee-morado-equipo.jpg
Port & Company® Performance Tee;port-company-r-performance-tee;PRD-OJHC0V2BC;Grey Concrete;a09f9b;gris;/media/product_images/ropa_y_bolsos/polos/port-company-r-performance-tee-gris.jpg
Port & Company® Performance Tee;port-company-r-performance-tee;PRD-OJHC0V2BC;Carolina Blue;6e84b6;azul-carolina;/media/product_images/ropa_y_bolsos/polos/port-company-r-performance-tee-azul-carolina.jpg
Port & Company® Performance Tee;port-company-r-performance-tee;PRD-OJHC0V2BC;Neon Yellow;d1f86b;amarillo;/media/product_images/ropa_y_bolsos/polos/port-company-r-performance-tee-amarillo.jpg
Port & Company® Performance Tee;port-company-r-performance-tee;PRD-OJHC0V2BC;Neon Pink;fe6995;rosa;/media/product_images/ropa_y_bolsos/polos/port-company-r-performance-tee-rosa.jpg
District® Women’s V.I.T.™ Gathered Back Tank with Full-Front Print;district-r-women-s-v-i-t-tm-gathered-back-tank-with-full-front-print;PRD-YCW6KTPHY;Heathered Bright Turquoise;2e93cf;rojo;/media/product_images/ropa_y_bolsos/polos/district-r-women-s-v-i-t-tm-gathered-back-tank-with-full-front-print-rojo.jpg
District® Women’s V.I.T.™ Gathered Back Tank with Full-Front Print;district-r-women-s-v-i-t-tm-gathered-back-tank-with-full-front-print;PRD-YCW6KTPHY;White;f2f2f2;blanco;/media/product_images/ropa_y_bolsos/polos/district-r-women-s-v-i-t-tm-gathered-back-tank-with-full-front-print-blanco.jpg
District® Women’s V.I.T.™ Gathered Back Tank with Full-Front Print;district-r-women-s-v-i-t-tm-gathered-back-tank-with-full-front-print;PRD-YCW6KTPHY;New Navy;22222e;azul-marino;/media/product_images/ropa_y_bolsos/polos/district-r-women-s-v-i-t-tm-gathered-back-tank-with-full-front-print-azul-marino.jpg
District® Women’s V.I.T.™ Gathered Back Tank with Full-Front Print;district-r-women-s-v-i-t-tm-gathered-back-tank-with-full-front-print;PRD-YCW6KTPHY;Deep Royal;2b3486;azul-real;/media/product_images/ropa_y_bolsos/polos/district-r-women-s-v-i-t-tm-gathered-back-tank-with-full-front-print-azul-real.jpg
District® Women’s V.I.T.™ Gathered Back Tank with Full-Front Print;district-r-women-s-v-i-t-tm-gathered-back-tank-with-full-front-print;PRD-YCW6KTPHY;Grey Frost;7c7770;gris;/media/product_images/ropa_y_bolsos/polos/district-r-women-s-v-i-t-tm-gathered-back-tank-with-full-front-print-gris.jpg
District® Women’s V.I.T.™ Gathered Back Tank with Full-Front Print;district-r-women-s-v-i-t-tm-gathered-back-tank-with-full-front-print;PRD-YCW6KTPHY;Black;24201f;negro;/media/product_images/ropa_y_bolsos/polos/district-r-women-s-v-i-t-tm-gathered-back-tank-with-full-front-print-negro.jpg
District® Women’s V.I.T.™ Gathered Back Tank with Full-Front Print;district-r-women-s-v-i-t-tm-gathered-back-tank-with-full-front-print;PRD-YCW6KTPHY;Heathered Charcoal;524a4d;carbon;/media/product_images/ropa_y_bolsos/polos/district-r-women-s-v-i-t-tm-gathered-back-tank-with-full-front-print-carbon.jpg
District® Women’s Very Important Tee® V-Neck with Left Chest and Back Print;district-r-women-s-very-important-tee-r-v-neck-with-left-chest-and-back-print;PRD-GURKDU3VZ;White;eeeeee;blanco;/media/product_images/ropa_y_bolsos/polos/district-r-women-s-very-important-tee-r-v-neck-with-left-chest-and-back-print-blanco.jpg
District® Women’s Very Important Tee® V-Neck with Left Chest and Back Print;district-r-women-s-very-important-tee-r-v-neck-with-left-chest-and-back-print;PRD-GURKDU3VZ;Royal Frost;505fa0;azul-real;/media/product_images/ropa_y_bolsos/polos/district-r-women-s-very-important-tee-r-v-neck-with-left-chest-and-back-print-azul-real.jpg
District® Women’s Very Important Tee® V-Neck with Left Chest and Back Print;district-r-women-s-very-important-tee-r-v-neck-with-left-chest-and-back-print;PRD-GURKDU3VZ;Light Heather Grey;b7b3b0;gris;/media/product_images/ropa_y_bolsos/polos/district-r-women-s-very-important-tee-r-v-neck-with-left-chest-and-back-print-gris.jpg
District® Women’s Very Important Tee® V-Neck with Left Chest and Back Print;district-r-women-s-very-important-tee-r-v-neck-with-left-chest-and-back-print;PRD-GURKDU3VZ;Heathered Navy;4e4e64;azul-marino;/media/product_images/ropa_y_bolsos/polos/district-r-women-s-very-important-tee-r-v-neck-with-left-chest-and-back-print-azul-marino.jpg
District® Women’s Very Important Tee® V-Neck with Left Chest and Back Print;district-r-women-s-very-important-tee-r-v-neck-with-left-chest-and-back-print;PRD-GURKDU3VZ;Heathered Charcoal;5a5254;carbon;/media/product_images/ropa_y_bolsos/polos/district-r-women-s-very-important-tee-r-v-neck-with-left-chest-and-back-print-carbon.jpg
District® Women’s Very Important Tee® V-Neck with Left Chest and Back Print;district-r-women-s-very-important-tee-r-v-neck-with-left-chest-and-back-print;PRD-GURKDU3VZ;Fuchsia Frost;ec3f79;fuchsia-frost;/media/product_images/ropa_y_bolsos/polos/district-r-women-s-very-important-tee-r-v-neck-with-left-chest-and-back-print-fuchsia-frost.jpg
District® Youth Very Important Tee® with Full-Front Print and Back Print;district-r-youth-very-important-tee-r-with-full-front-print-and-back;PRD-M1SNAWARB;Black;222222;negro;/media/product_images/ropa_y_bolsos/polos/district-r-youth-very-important-tee-r-with-full-front-print-and-back-negro.jpg
District® Youth Very Important Tee® with Full-Front Print and Back Print;district-r-youth-very-important-tee-r-with-full-front-print-and-back;PRD-M1SNAWARB;Royal Frost;4c69b5;azul-real;/media/product_images/ropa_y_bolsos/polos/district-r-youth-very-important-tee-r-with-full-front-print-and-back-azul-real.jpg
District® Youth Very Important Tee® with Full-Front Print and Back Print;district-r-youth-very-important-tee-r-with-full-front-print-and-back;PRD-M1SNAWARB;Classic Red;cf0831;rojo;/media/product_images/ropa_y_bolsos/polos/district-r-youth-very-important-tee-r-with-full-front-print-and-back-rojo.jpg
District® Youth Very Important Tee® with Full-Front Print and Back Print;district-r-youth-very-important-tee-r-with-full-front-print-and-back;PRD-M1SNAWARB;New Navy;2e2d40;azul-marino;/media/product_images/ropa_y_bolsos/polos/district-r-youth-very-important-tee-r-with-full-front-print-and-back-azul-marino.jpg
District® Youth Very Important Tee® with Full-Front Print and Back Print;district-r-youth-very-important-tee-r-with-full-front-print-and-back;PRD-M1SNAWARB;Grey Frost;919191;gris;/media/product_images/ropa_y_bolsos/polos/district-r-youth-very-important-tee-r-with-full-front-print-and-back-gris.jpg
District® Youth Very Important Tee® with Full-Front Print and Back Print;district-r-youth-very-important-tee-r-with-full-front-print-and-back;PRD-M1SNAWARB;Charcoal;4c4d4f;carbon;/media/product_images/ropa_y_bolsos/polos/district-r-youth-very-important-tee-r-with-full-front-print-and-back-carbon.jpg
District® Very Important Tee® with Full Front and Back Print;district-r-very-important-tee-r-with-full-front-and-back-print;PRD-PPLECE4MD;Purple;5.03E+75;morado;/media/product_images/ropa_y_bolsos/polos/district-r-very-important-tee-r-with-full-front-and-back-print-morado.jpg
District® Very Important Tee® with Full Front and Back Print;district-r-very-important-tee-r-with-full-front-and-back-print;PRD-PPLECE4MD;Evergreen;2b4a45;verde;/media/product_images/ropa_y_bolsos/polos/district-r-very-important-tee-r-with-full-front-and-back-print-verde.jpg
District® Very Important Tee® with Full Front and Back Print;district-r-very-important-tee-r-with-full-front-and-back-print;PRD-PPLECE4MD;Heathered Navy;515f6e;azul-marino;/media/product_images/ropa_y_bolsos/polos/district-r-very-important-tee-r-with-full-front-and-back-print-azul-marino.jpg
District® Very Important Tee® with Full Front and Back Print;district-r-very-important-tee-r-with-full-front-and-back-print;PRD-PPLECE4MD;Light Heather Grey;a4a4a4;gris;/media/product_images/ropa_y_bolsos/polos/district-r-very-important-tee-r-with-full-front-and-back-print-gris.jpg
District® Very Important Tee® with Full Front and Back Print;district-r-very-important-tee-r-with-full-front-and-back-print;PRD-PPLECE4MD;Heathered Kelly Green;56966f;rojo;/media/product_images/ropa_y_bolsos/polos/district-r-very-important-tee-r-with-full-front-and-back-print-rojo.jpg
District® Very Important Tee® with Full Front and Back Print;district-r-very-important-tee-r-with-full-front-and-back-print;PRD-PPLECE4MD;Royal Frost;5c7bcc;azul-real;/media/product_images/ropa_y_bolsos/polos/district-r-very-important-tee-r-with-full-front-and-back-print-azul-real.jpg
District® Very Important Tee® with Full Front and Back Print;district-r-very-important-tee-r-with-full-front-and-back-print;PRD-PPLECE4MD;Black;1f1f1f;negro;/media/product_images/ropa_y_bolsos/polos/district-r-very-important-tee-r-with-full-front-and-back-print-negro.jpg
Next Level Triblend T-Shirt;next-level-triblend-short-sleeve-crew;PRD-QTRNRKNHR;Tahiti Blue;94e1e7;azul;/media/product_images/ropa_y_bolsos/polos/next-level-triblend-short-sleeve-crew-azul.jpg
Next Level Triblend T-Shirt;next-level-triblend-short-sleeve-crew;PRD-QTRNRKNHR;Vintage Turquoise;39a4c6;vintage-turquoise;/media/product_images/ropa_y_bolsos/polos/next-level-triblend-short-sleeve-crew-vintage-turquoise.jpg
Next Level Triblend T-Shirt;next-level-triblend-short-sleeve-crew;PRD-QTRNRKNHR;Vintage Royal;526ba2;azul-real;/media/product_images/ropa_y_bolsos/polos/next-level-triblend-short-sleeve-crew-azul-real.jpg
Next Level Triblend T-Shirt;next-level-triblend-short-sleeve-crew;PRD-QTRNRKNHR;Red;be242a;rojo;/media/product_images/ropa_y_bolsos/polos/next-level-triblend-short-sleeve-crew-rojo.jpg
Next Level Triblend T-Shirt;next-level-triblend-short-sleeve-crew;PRD-QTRNRKNHR;Indigo;51606c;indigo;/media/product_images/ropa_y_bolsos/polos/next-level-triblend-short-sleeve-crew-indigo.jpg
Next Level Triblend T-Shirt;next-level-triblend-short-sleeve-crew;PRD-QTRNRKNHR;Vintage Purple;59434e;morado;/media/product_images/ropa_y_bolsos/polos/next-level-triblend-short-sleeve-crew-morado.jpg
Next Level Triblend T-Shirt;next-level-triblend-short-sleeve-crew;PRD-QTRNRKNHR;Vintage Navy;595b6e;azul-marino;/media/product_images/ropa_y_bolsos/polos/next-level-triblend-short-sleeve-crew-azul-marino.jpg
District® Women’s Very Important Tee® V-Neck with Left Chest Print;district-r-women-s-very-important-tee-r-v-neck-with-left-chest-print-and-back-printing;PRD-0HBESMDP5;Black;272323;negro;/media/product_images/ropa_y_bolsos/polos/district-r-women-s-very-important-tee-r-v-neck-with-left-chest-print-and-back-printing-negro.jpg
District® Women’s Very Important Tee® V-Neck with Left Chest Print;district-r-women-s-very-important-tee-r-v-neck-with-left-chest-print-and-back-printing;PRD-0HBESMDP5;Royal Frost;505fa0;azul-real;/media/product_images/ropa_y_bolsos/polos/district-r-women-s-very-important-tee-r-v-neck-with-left-chest-print-and-back-printing-azul-real.jpg
District® Women’s Very Important Tee® V-Neck with Left Chest Print;district-r-women-s-very-important-tee-r-v-neck-with-left-chest-print-and-back-printing;PRD-0HBESMDP5;Heathered Red;ad3041;rojo;/media/product_images/ropa_y_bolsos/polos/district-r-women-s-very-important-tee-r-v-neck-with-left-chest-print-and-back-printing-rojo.jpg
District® Women’s Very Important Tee® V-Neck with Left Chest Print;district-r-women-s-very-important-tee-r-v-neck-with-left-chest-print-and-back-printing;PRD-0HBESMDP5;Heathered Charcoal;5a5254;carbon;/media/product_images/ropa_y_bolsos/polos/district-r-women-s-very-important-tee-r-v-neck-with-left-chest-print-and-back-printing-carbon.jpg
District® Women’s Very Important Tee® V-Neck with Left Chest Print;district-r-women-s-very-important-tee-r-v-neck-with-left-chest-print-and-back-printing;PRD-0HBESMDP5;Light Heather Grey;b7b3b0;gris;/media/product_images/ropa_y_bolsos/polos/district-r-women-s-very-important-tee-r-v-neck-with-left-chest-print-and-back-printing-gris.jpg
District® Women’s Very Important Tee® V-Neck with Left Chest Print;district-r-women-s-very-important-tee-r-v-neck-with-left-chest-print-and-back-printing;PRD-0HBESMDP5;Heathered Navy;4e4e64;azul-marino;/media/product_images/ropa_y_bolsos/polos/district-r-women-s-very-important-tee-r-v-neck-with-left-chest-print-and-back-printing-azul-marino.jpg
District® Women’s Very Important Tee® V-Neck with Left Chest Print;district-r-women-s-very-important-tee-r-v-neck-with-left-chest-print-and-back-printing;PRD-0HBESMDP5;Fuchsia Frost;ec3f79;fuchsia-frost;/media/product_images/ropa_y_bolsos/polos/district-r-women-s-very-important-tee-r-v-neck-with-left-chest-print-and-back-printing-fuchsia-frost.jpg
Gildan® Heavy Cotton™ Youth T-Shirt;gildan-r-heavy-cotton-tm-youth-t-shirt;PRD-E9J8SM8FR;Sand;ebdfc9;arena;/media/product_images/ropa_y_bolsos/polos/gildan-r-heavy-cotton-tm-youth-t-shirt-arena.jpg
Gildan® Heavy Cotton™ Youth T-Shirt;gildan-r-heavy-cotton-tm-youth-t-shirt;PRD-E9J8SM8FR;Yellow Haze;fdce7c;amarillo;/media/product_images/ropa_y_bolsos/polos/gildan-r-heavy-cotton-tm-youth-t-shirt-amarillo.jpg
Gildan® Heavy Cotton™ Youth T-Shirt;gildan-r-heavy-cotton-tm-youth-t-shirt;PRD-E9J8SM8FR;Daisy;fee34b;margarita;/media/product_images/ropa_y_bolsos/polos/gildan-r-heavy-cotton-tm-youth-t-shirt-margarita.jpg
Gildan® Heavy Cotton™ Youth T-Shirt;gildan-r-heavy-cotton-tm-youth-t-shirt;PRD-E9J8SM8FR;Cardinal;b1333e;cardenal;/media/product_images/ropa_y_bolsos/polos/gildan-r-heavy-cotton-tm-youth-t-shirt-cardenal.jpg
Gildan® Heavy Cotton™ Youth T-Shirt;gildan-r-heavy-cotton-tm-youth-t-shirt;PRD-E9J8SM8FR;Violet;a7a0c2;violeta;/media/product_images/ropa_y_bolsos/polos/gildan-r-heavy-cotton-tm-youth-t-shirt-violeta.jpg
Gildan® Heavy Cotton™ Youth T-Shirt;gildan-r-heavy-cotton-tm-youth-t-shirt;PRD-E9J8SM8FR;Electric Green;77cf55;verde;/media/product_images/ropa_y_bolsos/polos/gildan-r-heavy-cotton-tm-youth-t-shirt-verde.jpg
Gildan® Heavy Cotton™ Youth T-Shirt;gildan-r-heavy-cotton-tm-youth-t-shirt;PRD-E9J8SM8FR;Irish Green;01bb6e;verde-irlandes;/media/product_images/ropa_y_bolsos/polos/gildan-r-heavy-cotton-tm-youth-t-shirt-verde-irlandes.jpg
Gildan® Heavy Cotton™ Youth T-Shirt;gildan-r-heavy-cotton-tm-youth-t-shirt;PRD-E9J8SM8FR;Azalea;fe8fa8;azalea;/media/product_images/ropa_y_bolsos/polos/gildan-r-heavy-cotton-tm-youth-t-shirt-azalea.jpg
Tultex® Poly-Rich Unisex T-shirt;tultex-unisex-poly-rich-t-shirt;PRD-BUJTP98EI;Heather Peach;e38062;heather-peach;/media/product_images/ropa_y_bolsos/polos/tultex-unisex-poly-rich-t-shirt-heather-peach.jpg
Tultex® Poly-Rich Unisex T-shirt;tultex-unisex-poly-rich-t-shirt;PRD-BUJTP98EI;Heather Navy;686872;azul-marino-jaspeado;/media/product_images/ropa_y_bolsos/polos/tultex-unisex-poly-rich-t-shirt-azul-marino-jaspeado.jpg
Tultex® Poly-Rich Unisex T-shirt;tultex-unisex-poly-rich-t-shirt;PRD-BUJTP98EI;Black;0;negro;/media/product_images/ropa_y_bolsos/polos/tultex-unisex-poly-rich-t-shirt-negro.jpg
Tultex® Poly-Rich Unisex T-shirt;tultex-unisex-poly-rich-t-shirt;PRD-BUJTP98EI;Heather Athletic Blue;a1b9e2;azul;/media/product_images/ropa_y_bolsos/polos/tultex-unisex-poly-rich-t-shirt-azul.jpg
Tultex® Poly-Rich Unisex T-shirt;tultex-unisex-poly-rich-t-shirt;PRD-BUJTP98EI;Heather Green;afbc92;verde;/media/product_images/ropa_y_bolsos/polos/tultex-unisex-poly-rich-t-shirt-verde.jpg
Tultex® Poly-Rich Unisex T-shirt;tultex-unisex-poly-rich-t-shirt;PRD-BUJTP98EI;Red;c82030;rojo;/media/product_images/ropa_y_bolsos/polos/tultex-unisex-poly-rich-t-shirt-rojo.jpg
Tultex® Poly-Rich Unisex T-shirt;tultex-unisex-poly-rich-t-shirt;PRD-BUJTP98EI;Heather Orange;d56e51;naranja;/media/product_images/ropa_y_bolsos/polos/tultex-unisex-poly-rich-t-shirt-naranja.jpg
Tultex® Poly-Rich Unisex T-shirt;tultex-unisex-poly-rich-t-shirt;PRD-BUJTP98EI;Navy;2d3044;azul-marino;/media/product_images/ropa_y_bolsos/polos/tultex-unisex-poly-rich-t-shirt-azul-marino.jpg
JERZEES® Dri-Power® Active Unisex T-shirt;jerzees-r-dri-power-r-active-unisex-t-shirt;PRD-L7BZCAPM3;Neon Pink;ec81a5;rosa;/media/product_images/ropa_y_bolsos/polos/jerzees-r-dri-power-r-active-unisex-t-shirt-rosa.jpg
JERZEES® Dri-Power® Active Unisex T-shirt;jerzees-r-dri-power-r-active-unisex-t-shirt;PRD-L7BZCAPM3;True Red;7d060f;rojo;/media/product_images/ropa_y_bolsos/polos/jerzees-r-dri-power-r-active-unisex-t-shirt-rojo.jpg
JERZEES® Dri-Power® Active Unisex T-shirt;jerzees-r-dri-power-r-active-unisex-t-shirt;PRD-L7BZCAPM3;Light Blue;bfcfe6;azul-claro;/media/product_images/ropa_y_bolsos/polos/jerzees-r-dri-power-r-active-unisex-t-shirt-azul-claro.jpg
JERZEES® Dri-Power® Active Unisex T-shirt;jerzees-r-dri-power-r-active-unisex-t-shirt;PRD-L7BZCAPM3;White;f6f7f9;blanco;/media/product_images/ropa_y_bolsos/polos/jerzees-r-dri-power-r-active-unisex-t-shirt-blanco.jpg
JERZEES® Dri-Power® Active Unisex T-shirt;jerzees-r-dri-power-r-active-unisex-t-shirt;PRD-L7BZCAPM3;Military Green;4b5232;verde-militar;/media/product_images/ropa_y_bolsos/polos/jerzees-r-dri-power-r-active-unisex-t-shirt-verde-militar.jpg
JERZEES® Dri-Power® Active Unisex T-shirt;jerzees-r-dri-power-r-active-unisex-t-shirt;PRD-L7BZCAPM3;Neon Green;cef878;verde;/media/product_images/ropa_y_bolsos/polos/jerzees-r-dri-power-r-active-unisex-t-shirt-verde.jpg
JERZEES® Dri-Power® Active Unisex T-shirt;jerzees-r-dri-power-r-active-unisex-t-shirt;PRD-L7BZCAPM3;Deep Purple;35274a;morado;/media/product_images/ropa_y_bolsos/polos/jerzees-r-dri-power-r-active-unisex-t-shirt-morado.jpg
District® V.I.T.™ Muscle Tank with Full-Front and Back Print;district-r-v-i-t-tm-muscle-tank-with-full-front-and-back-print;PRD-5WKYM9NMU;Black;1d1d1d;negro;/media/product_images/ropa_y_bolsos/polos/district-r-v-i-t-tm-muscle-tank-with-full-front-and-back-print-negro.jpg
District® V.I.T.™ Muscle Tank with Full-Front and Back Print;district-r-v-i-t-tm-muscle-tank-with-full-front-and-back-print;PRD-5WKYM9NMU;Royal Frost;5e7cc7;azul-real;/media/product_images/ropa_y_bolsos/polos/district-r-v-i-t-tm-muscle-tank-with-full-front-and-back-print-azul-real.jpg
District® V.I.T.™ Muscle Tank with Full-Front and Back Print;district-r-v-i-t-tm-muscle-tank-with-full-front-and-back-print;PRD-5WKYM9NMU;Grey Frost;8d8d8d;gris;/media/product_images/ropa_y_bolsos/polos/district-r-v-i-t-tm-muscle-tank-with-full-front-and-back-print-gris.jpg
District® V.I.T.™ Muscle Tank with Full-Front and Back Print;district-r-v-i-t-tm-muscle-tank-with-full-front-and-back-print;PRD-5WKYM9NMU;White;f7f7f7;blanco;/media/product_images/ropa_y_bolsos/polos/district-r-v-i-t-tm-muscle-tank-with-full-front-and-back-print-blanco.jpg
Port & Company® Fan Favorite™ Unisex T-shirt;port-company-r-fan-favorite-tm-unisex-t-shirt;PRD-HSQNEH9DV;Jet Black;2c2c2c;negro;/media/product_images/ropa_y_bolsos/polos/port-company-r-fan-favorite-tm-unisex-t-shirt-negro.jpg
Port & Company® Fan Favorite™ Unisex T-shirt;port-company-r-fan-favorite-tm-unisex-t-shirt;PRD-HSQNEH9DV;Dark Heather Grey;393939;gris;/media/product_images/ropa_y_bolsos/polos/port-company-r-fan-favorite-tm-unisex-t-shirt-gris.jpg
Port & Company® Fan Favorite™ Unisex T-shirt;port-company-r-fan-favorite-tm-unisex-t-shirt;PRD-HSQNEH9DV;Athletic Maroon;5b202c;granate;/media/product_images/ropa_y_bolsos/polos/port-company-r-fan-favorite-tm-unisex-t-shirt-granate.jpg
Gildan® DryBlend™ Long Sleeve T-Shirt;gildan-r-dryblend-tm-long-sleeve-t-shirt;PRD-1SRJVPVAY;Black;0;negro;/media/product_images/ropa_y_bolsos/polos/gildan-r-dryblend-tm-long-sleeve-t-shirt-negro.jpg
Gildan® DryBlend™ Long Sleeve T-Shirt;gildan-r-dryblend-tm-long-sleeve-t-shirt;PRD-1SRJVPVAY;Sport Grey;cdcdcd;gris-deportivo;/media/product_images/ropa_y_bolsos/polos/gildan-r-dryblend-tm-long-sleeve-t-shirt-gris-deportivo.jpg
Gildan® DryBlend™ Long Sleeve T-Shirt;gildan-r-dryblend-tm-long-sleeve-t-shirt;PRD-1SRJVPVAY;Royal;4.17E+04;azul-real;/media/product_images/ropa_y_bolsos/polos/gildan-r-dryblend-tm-long-sleeve-t-shirt-azul-real.jpg
Gildan® DryBlend™ Long Sleeve T-Shirt;gildan-r-dryblend-tm-long-sleeve-t-shirt;PRD-1SRJVPVAY;Orange;ffa500;naranja;/media/product_images/ropa_y_bolsos/polos/gildan-r-dryblend-tm-long-sleeve-t-shirt-naranja.jpg
Gildan® DryBlend™ Long Sleeve T-Shirt;gildan-r-dryblend-tm-long-sleeve-t-shirt;PRD-1SRJVPVAY;Navy;80;azul-marino;/media/product_images/ropa_y_bolsos/polos/gildan-r-dryblend-tm-long-sleeve-t-shirt-azul-marino.jpg
Gildan® DryBlend™ Long Sleeve T-Shirt;gildan-r-dryblend-tm-long-sleeve-t-shirt;PRD-1SRJVPVAY;Forest Green;347235;verde-bosque;/media/product_images/ropa_y_bolsos/polos/gildan-r-dryblend-tm-long-sleeve-t-shirt-verde-bosque.jpg
Gildan® DryBlend™ Long Sleeve T-Shirt;gildan-r-dryblend-tm-long-sleeve-t-shirt;PRD-1SRJVPVAY;Red;ff0000;rojo;/media/product_images/ropa_y_bolsos/polos/gildan-r-dryblend-tm-long-sleeve-t-shirt-rojo.jpg
Gildan® DryBlend™ Long Sleeve T-Shirt;gildan-r-dryblend-tm-long-sleeve-t-shirt;PRD-1SRJVPVAY;White;ffffff;blanco;/media/product_images/ropa_y_bolsos/polos/gildan-r-dryblend-tm-long-sleeve-t-shirt-blanco.jpg
Hanes® Cool Dri® Short Sleeve Performance T-Shirt;hanes-r-cool-dri-r-performance-t-shirt;PRD-EFSSVRMEX;Light Blue;b2cae4;azul-claro;/media/product_images/ropa_y_bolsos/polos/hanes-r-cool-dri-r-performance-t-shirt-azul-claro.jpg
Hanes® Cool Dri® Short Sleeve Performance T-Shirt;hanes-r-cool-dri-r-performance-t-shirt;PRD-EFSSVRMEX;Black;312c30;negro;/media/product_images/ropa_y_bolsos/polos/hanes-r-cool-dri-r-performance-t-shirt-negro.jpg
Hanes® Cool Dri® Short Sleeve Performance T-Shirt;hanes-r-cool-dri-r-performance-t-shirt;PRD-EFSSVRMEX;Deep Red;d00449;rojo;/media/product_images/ropa_y_bolsos/polos/hanes-r-cool-dri-r-performance-t-shirt-rojo.jpg
Hanes® Cool Dri® Short Sleeve Performance T-Shirt;hanes-r-cool-dri-r-performance-t-shirt;PRD-EFSSVRMEX;White;ebecf0;blanco;/media/product_images/ropa_y_bolsos/polos/hanes-r-cool-dri-r-performance-t-shirt-blanco.jpg
Hanes® Cool Dri® Short Sleeve Performance T-Shirt;hanes-r-cool-dri-r-performance-t-shirt;PRD-EFSSVRMEX;Graphite;948e9a;graphite;/media/product_images/ropa_y_bolsos/polos/hanes-r-cool-dri-r-performance-t-shirt-graphite.jpg
Hanes® Cool Dri® Short Sleeve Performance T-Shirt;hanes-r-cool-dri-r-performance-t-shirt;PRD-EFSSVRMEX;Navy;2d3e70;azul-marino;/media/product_images/ropa_y_bolsos/polos/hanes-r-cool-dri-r-performance-t-shirt-azul-marino.jpg
Port & Company® Men's Core Cotton T-Shirt Screenprint;port-company-r-men-s-core-cotton-t-shirt-screenprint;PRD-I8ER8YMUI;Teal;006f7a;verde-azulado;/media/product_images/ropa_y_bolsos/polos/port-company-r-men-s-core-cotton-t-shirt-screenprint-verde-azulado.jpg
Port & Company® Men's Core Cotton T-Shirt Screenprint;port-company-r-men-s-core-cotton-t-shirt-screenprint;PRD-I8ER8YMUI;Cardinal;8.41E+35;cardenal;/media/product_images/ropa_y_bolsos/polos/port-company-r-men-s-core-cotton-t-shirt-screenprint-cardenal.jpg
Port & Company® Men's Core Cotton T-Shirt Screenprint;port-company-r-men-s-core-cotton-t-shirt-screenprint;PRD-I8ER8YMUI;Kelly;00af74;kelly;/media/product_images/ropa_y_bolsos/polos/port-company-r-men-s-core-cotton-t-shirt-screenprint-kelly.jpg
Port & Company® Men's Core Cotton T-Shirt Screenprint;port-company-r-men-s-core-cotton-t-shirt-screenprint;PRD-I8ER8YMUI;Dark Green;3.94E+43;verde-oscuro;/media/product_images/ropa_y_bolsos/polos/port-company-r-men-s-core-cotton-t-shirt-screenprint-verde-oscuro.jpg
Port & Company® Men's Core Cotton T-Shirt Screenprint;port-company-r-men-s-core-cotton-t-shirt-screenprint;PRD-I8ER8YMUI;Sangria;f85582;sangria;/media/product_images/ropa_y_bolsos/polos/port-company-r-men-s-core-cotton-t-shirt-screenprint-sangria.jpg
Port & Company® Men's Core Cotton T-Shirt Screenprint;port-company-r-men-s-core-cotton-t-shirt-screenprint;PRD-I8ER8YMUI;Light Blue;b7d2dd;azul-claro;/media/product_images/ropa_y_bolsos/polos/port-company-r-men-s-core-cotton-t-shirt-screenprint-azul-claro.jpg
Port & Company® Men's Core Cotton T-Shirt Screenprint;port-company-r-men-s-core-cotton-t-shirt-screenprint;PRD-I8ER8YMUI;Neon Yellow;edf063;amarillo;/media/product_images/ropa_y_bolsos/polos/port-company-r-men-s-core-cotton-t-shirt-screenprint-amarillo.jpg
Port & Company® Men's Core Cotton T-Shirt Screenprint;port-company-r-men-s-core-cotton-t-shirt-screenprint;PRD-I8ER8YMUI;Heather Sangria;f76685;heather-sangria;/media/product_images/ropa_y_bolsos/polos/port-company-r-men-s-core-cotton-t-shirt-screenprint-heather-sangria.jpg
Port & Company® Ladies Fan Favorite Tee;port-company-r-ladies-fan-favorite-tee;PRD-T3XZ8EPPH;Orange;fe510d;naranja;/media/product_images/ropa_y_bolsos/polos/port-company-r-ladies-fan-favorite-tee-naranja.jpg
Port & Company® Ladies Fan Favorite Tee;port-company-r-ladies-fan-favorite-tee;PRD-T3XZ8EPPH;White;f8f8f8;blanco;/media/product_images/ropa_y_bolsos/polos/port-company-r-ladies-fan-favorite-tee-blanco.jpg
Port & Company® Ladies Fan Favorite Tee;port-company-r-ladies-fan-favorite-tee;PRD-T3XZ8EPPH;Team Navy;1f2437;azul-marino;/media/product_images/ropa_y_bolsos/polos/port-company-r-ladies-fan-favorite-tee-azul-marino.jpg
Port & Company® Ladies Fan Favorite Tee;port-company-r-ladies-fan-favorite-tee;PRD-T3XZ8EPPH;Team Purple;34194a;morado-equipo;/media/product_images/ropa_y_bolsos/polos/port-company-r-ladies-fan-favorite-tee-morado-equipo.jpg
Port & Company® Ladies Fan Favorite Tee;port-company-r-ladies-fan-favorite-tee;PRD-T3XZ8EPPH;Bright Red;da1d33;rojo;/media/product_images/ropa_y_bolsos/polos/port-company-r-ladies-fan-favorite-tee-rojo.jpg
Port & Company® Ladies Fan Favorite Tee;port-company-r-ladies-fan-favorite-tee;PRD-T3XZ8EPPH;True Royal;022d64;azul-real-verdadero;/media/product_images/ropa_y_bolsos/polos/port-company-r-ladies-fan-favorite-tee-azul-real-verdadero.jpg
Port & Company® Ladies Fan Favorite Tee;port-company-r-ladies-fan-favorite-tee;PRD-T3XZ8EPPH;New Pink;fe87a5;rosa;/media/product_images/ropa_y_bolsos/polos/port-company-r-ladies-fan-favorite-tee-rosa.jpg
Port & Company® Ladies Fan Favorite Tee;port-company-r-ladies-fan-favorite-tee;PRD-T3XZ8EPPH;Forest Green;244331;verde-bosque;/media/product_images/ropa_y_bolsos/polos/port-company-r-ladies-fan-favorite-tee-verde-bosque.jpg
Elevate Men's Omi Short Sleeve Tech T-Shirt;elevate-men-s-omi-short-sleeve-tech-t-shirt;PRD-ASID68BLC;White;efefef;blanco;/media/product_images/ropa_y_bolsos/polos/elevate-men-s-omi-short-sleeve-tech-t-shirt-blanco.jpg
Elevate Men's Omi Short Sleeve Tech T-Shirt;elevate-men-s-omi-short-sleeve-tech-t-shirt;PRD-ASID68BLC;Black;20202;negro;/media/product_images/ropa_y_bolsos/polos/elevate-men-s-omi-short-sleeve-tech-t-shirt-negro.jpg
Elevate Men's Omi Short Sleeve Tech T-Shirt;elevate-men-s-omi-short-sleeve-tech-t-shirt;PRD-ASID68BLC;Steel Grey;949293;gris;/media/product_images/ropa_y_bolsos/polos/elevate-men-s-omi-short-sleeve-tech-t-shirt-gris.jpg
Elevate Men's Omi Short Sleeve Tech T-Shirt;elevate-men-s-omi-short-sleeve-tech-t-shirt;PRD-ASID68BLC;Navy;323846;azul-marino;/media/product_images/ropa_y_bolsos/polos/elevate-men-s-omi-short-sleeve-tech-t-shirt-azul-marino.jpg
Elevate Men's Omi Short Sleeve Tech T-Shirt;elevate-men-s-omi-short-sleeve-tech-t-shirt;PRD-ASID68BLC;New Royal;00448f;azul-real;/media/product_images/ropa_y_bolsos/polos/elevate-men-s-omi-short-sleeve-tech-t-shirt-azul-real.jpg
Elevate Men's Omi Short Sleeve Tech T-Shirt;elevate-men-s-omi-short-sleeve-tech-t-shirt;PRD-ASID68BLC;Orange;f36b39;naranja;/media/product_images/ropa_y_bolsos/polos/elevate-men-s-omi-short-sleeve-tech-t-shirt-naranja.jpg
Elevate Men's Omi Short Sleeve Tech T-Shirt;elevate-men-s-omi-short-sleeve-tech-t-shirt;PRD-ASID68BLC;Team Red;a11e2b;rojo;/media/product_images/ropa_y_bolsos/polos/elevate-men-s-omi-short-sleeve-tech-t-shirt-rojo.jpg
Elevate Men's Omi Short Sleeve Tech T-Shirt;elevate-men-s-omi-short-sleeve-tech-t-shirt;PRD-ASID68BLC;Sky;abc9e5;sky;/media/product_images/ropa_y_bolsos/polos/elevate-men-s-omi-short-sleeve-tech-t-shirt-sky.jpg
Hanes® Authentic Short Sleeve T-Shirt;hanes-r-authentic-short-sleeve-t-shirt;PRD-PWSEOHXQV;Wow Pink;ff668f;rosa;/media/product_images/ropa_y_bolsos/polos/hanes-r-authentic-short-sleeve-t-shirt-rosa.jpg
Hanes® Authentic Short Sleeve T-Shirt;hanes-r-authentic-short-sleeve-t-shirt;PRD-PWSEOHXQV;Orange;fe5629;naranja;/media/product_images/ropa_y_bolsos/polos/hanes-r-authentic-short-sleeve-t-shirt-naranja.jpg
Hanes® Authentic Short Sleeve T-Shirt;hanes-r-authentic-short-sleeve-t-shirt;PRD-PWSEOHXQV;Oxford Grey;9f9f9f;gris;/media/product_images/ropa_y_bolsos/polos/hanes-r-authentic-short-sleeve-t-shirt-gris.jpg
Hanes® Authentic Short Sleeve T-Shirt;hanes-r-authentic-short-sleeve-t-shirt;PRD-PWSEOHXQV;Deep Red;df0037;rojo;/media/product_images/ropa_y_bolsos/polos/hanes-r-authentic-short-sleeve-t-shirt-rojo.jpg
Hanes® Authentic Short Sleeve T-Shirt;hanes-r-authentic-short-sleeve-t-shirt;PRD-PWSEOHXQV;Light Blue;bbd2dc;azul-claro;/media/product_images/ropa_y_bolsos/polos/hanes-r-authentic-short-sleeve-t-shirt-azul-claro.jpg
Hanes® Authentic Short Sleeve T-Shirt;hanes-r-authentic-short-sleeve-t-shirt;PRD-PWSEOHXQV;Kelly Green;02a774;verde-kelly;/media/product_images/ropa_y_bolsos/polos/hanes-r-authentic-short-sleeve-t-shirt-verde-kelly.jpg
Hanes® Authentic Short Sleeve T-Shirt;hanes-r-authentic-short-sleeve-t-shirt;PRD-PWSEOHXQV;Purple;5b418a;morado;/media/product_images/ropa_y_bolsos/polos/hanes-r-authentic-short-sleeve-t-shirt-morado.jpg
Gildan® Ultra Cotton™ Long Sleeve T-Shirt;gildan-r-ultra-cotton-tm-long-sleeve-t-shirt;PRD-PDCCDECIR;Royal;2858ba;azul-real;/media/product_images/ropa_y_bolsos/polos/gildan-r-ultra-cotton-tm-long-sleeve-t-shirt-azul-real.jpg
Gildan® Ultra Cotton™ Long Sleeve T-Shirt;gildan-r-ultra-cotton-tm-long-sleeve-t-shirt;PRD-PDCCDECIR;Texas Orange;bf6f3a;naranja;/media/product_images/ropa_y_bolsos/polos/gildan-r-ultra-cotton-tm-long-sleeve-t-shirt-naranja.jpg
Gildan® Ultra Cotton™ Long Sleeve T-Shirt;gildan-r-ultra-cotton-tm-long-sleeve-t-shirt;PRD-PDCCDECIR;Purple;420078;morado;/media/product_images/ropa_y_bolsos/polos/gildan-r-ultra-cotton-tm-long-sleeve-t-shirt-morado.jpg
Gildan® Ultra Cotton™ Long Sleeve T-Shirt;gildan-r-ultra-cotton-tm-long-sleeve-t-shirt;PRD-PDCCDECIR;Sport Grey;c3c5d1;gris-deportivo;/media/product_images/ropa_y_bolsos/polos/gildan-r-ultra-cotton-tm-long-sleeve-t-shirt-gris-deportivo.jpg
Gildan® Ultra Cotton™ Long Sleeve T-Shirt;gildan-r-ultra-cotton-tm-long-sleeve-t-shirt;PRD-PDCCDECIR;Indigo Blue;4f678a;azul;/media/product_images/ropa_y_bolsos/polos/gildan-r-ultra-cotton-tm-long-sleeve-t-shirt-azul.jpg
Gildan® Ultra Cotton™ Long Sleeve T-Shirt;gildan-r-ultra-cotton-tm-long-sleeve-t-shirt;PRD-PDCCDECIR;Charcoal;756e6f;carbon;/media/product_images/ropa_y_bolsos/polos/gildan-r-ultra-cotton-tm-long-sleeve-t-shirt-carbon.jpg
Gildan® Ultra Cotton™ Long Sleeve T-Shirt;gildan-r-ultra-cotton-tm-long-sleeve-t-shirt;PRD-PDCCDECIR;Military Green;646545;verde-militar;/media/product_images/ropa_y_bolsos/polos/gildan-r-ultra-cotton-tm-long-sleeve-t-shirt-verde-militar.jpg
District® Very Important Tee® Long Sleeve with Full-Front and Back Print;district-r-very-important-tee-r-long-sleeve-with-full-front-and-back-print;PRD-WOIDWFFII;Light Heather Grey;c0c0c0;gris;/media/product_images/ropa_y_bolsos/polos/district-r-very-important-tee-r-long-sleeve-with-full-front-and-back-print-gris.jpg
District® Very Important Tee® Long Sleeve with Full-Front and Back Print;district-r-very-important-tee-r-long-sleeve-with-full-front-and-back-print;PRD-WOIDWFFII;Black;1e1e1e;negro;/media/product_images/ropa_y_bolsos/polos/district-r-very-important-tee-r-long-sleeve-with-full-front-and-back-print-negro.jpg
District® Very Important Tee® Long Sleeve with Full-Front and Back Print;district-r-very-important-tee-r-long-sleeve-with-full-front-and-back-print;PRD-WOIDWFFII;Heathered Charcoal;58575b;carbon;/media/product_images/ropa_y_bolsos/polos/district-r-very-important-tee-r-long-sleeve-with-full-front-and-back-print-carbon.jpg
District® Very Important Tee® Long Sleeve with Full-Front and Back Print;district-r-very-important-tee-r-long-sleeve-with-full-front-and-back-print;PRD-WOIDWFFII;Heathered Navy;3c4556;azul-marino;/media/product_images/ropa_y_bolsos/polos/district-r-very-important-tee-r-long-sleeve-with-full-front-and-back-print-azul-marino.jpg
District® Very Important Tee® Long Sleeve with Full-Front and Back Print;district-r-very-important-tee-r-long-sleeve-with-full-front-and-back-print;PRD-WOIDWFFII;White;ececec;blanco;/media/product_images/ropa_y_bolsos/polos/district-r-very-important-tee-r-long-sleeve-with-full-front-and-back-print-blanco.jpg
District® Very Important Tee® with Full Front Print and Back Printing;district-r-very-important-tee-r-with-full-front-print-and-back-printing;PRD-A9UJBKWHR;New Navy;1a1e33;azul-marino;/media/product_images/ropa_y_bolsos/polos/district-r-very-important-tee-r-with-full-front-print-and-back-printing-azul-marino.jpg
District® Very Important Tee® with Full Front Print and Back Printing;district-r-very-important-tee-r-with-full-front-print-and-back-printing;PRD-A9UJBKWHR;Deep Royal;2b4082;azul-real;/media/product_images/ropa_y_bolsos/polos/district-r-very-important-tee-r-with-full-front-print-and-back-printing-azul-real.jpg
District® Very Important Tee® with Full Front Print and Back Printing;district-r-very-important-tee-r-with-full-front-print-and-back-printing;PRD-A9UJBKWHR;Heathered Kelly Green;569c72;rojo;/media/product_images/ropa_y_bolsos/polos/district-r-very-important-tee-r-with-full-front-print-and-back-printing-rojo.jpg
District® Very Important Tee® with Full Front Print and Back Printing;district-r-very-important-tee-r-with-full-front-print-and-back-printing;PRD-A9UJBKWHR;Purple;4a356d;morado;/media/product_images/ropa_y_bolsos/polos/district-r-very-important-tee-r-with-full-front-print-and-back-printing-morado.jpg
District® Very Important Tee® with Full Front Print and Back Printing;district-r-very-important-tee-r-with-full-front-print-and-back-printing;PRD-A9UJBKWHR;Black;1f1f1f;negro;/media/product_images/ropa_y_bolsos/polos/district-r-very-important-tee-r-with-full-front-print-and-back-printing-negro.jpg
District® Women's Very Important Tee® Long Sleeve V-Neck with Left Chest Print and Back Printing;district-r-women-s-very-important-tee-r-long-sleeve-v-neck-with-left-chest-print-and-back-printing;PRD-F2MFGXAZE;Light Heather Grey;bab7b4;gris;/media/product_images/ropa_y_bolsos/polos/district-r-women-s-very-important-tee-r-long-sleeve-v-neck-with-left-chest-print-and-back-printing-gris.jpg
District® Women's Very Important Tee® Long Sleeve V-Neck with Left Chest Print and Back Printing;district-r-women-s-very-important-tee-r-long-sleeve-v-neck-with-left-chest-print-and-back-printing;PRD-F2MFGXAZE;Heathered Navy;47485d;azul-marino;/media/product_images/ropa_y_bolsos/polos/district-r-women-s-very-important-tee-r-long-sleeve-v-neck-with-left-chest-print-and-back-printing-azul-marino.jpg
District® Women's Very Important Tee® Long Sleeve V-Neck with Left Chest Print and Back Printing;district-r-women-s-very-important-tee-r-long-sleeve-v-neck-with-left-chest-print-and-back-printing;PRD-F2MFGXAZE;Heathered Charcoal;554c4f;carbon;/media/product_images/ropa_y_bolsos/polos/district-r-women-s-very-important-tee-r-long-sleeve-v-neck-with-left-chest-print-and-back-printing-carbon.jpg
District® Women's Very Important Tee® Long Sleeve V-Neck with Left Chest Print and Back Printing;district-r-women-s-very-important-tee-r-long-sleeve-v-neck-with-left-chest-print-and-back-printing;PRD-F2MFGXAZE;Black;2b2727;negro;/media/product_images/ropa_y_bolsos/polos/district-r-women-s-very-important-tee-r-long-sleeve-v-neck-with-left-chest-print-and-back-printing-negro.jpg
District® Women's Very Important Tee® Long Sleeve V-Neck with Left Chest Print and Back Printing;district-r-women-s-very-important-tee-r-long-sleeve-v-neck-with-left-chest-print-and-back-printing;PRD-F2MFGXAZE;White;f1f1f1;blanco;/media/product_images/ropa_y_bolsos/polos/district-r-women-s-very-important-tee-r-long-sleeve-v-neck-with-left-chest-print-and-back-printing-blanco.jpg
District® Very Important Tee® V-Neck with Full-Front and Back Print;district-r-very-important-tee-r-v-neck-with-full-front-and-back-print;PRD-I8PDE6L63;Black;212121;negro;/media/product_images/ropa_y_bolsos/polos/district-r-very-important-tee-r-v-neck-with-full-front-and-back-print-negro.jpg
District® Very Important Tee® V-Neck with Full-Front and Back Print;district-r-very-important-tee-r-v-neck-with-full-front-and-back-print;PRD-I8PDE6L63;Heathered Navy;454f61;azul-marino;/media/product_images/ropa_y_bolsos/polos/district-r-very-important-tee-r-v-neck-with-full-front-and-back-print-azul-marino.jpg
District® Very Important Tee® V-Neck with Full-Front and Back Print;district-r-very-important-tee-r-v-neck-with-full-front-and-back-print;PRD-I8PDE6L63;Heathered Royal;5c80ce;azul-real;/media/product_images/ropa_y_bolsos/polos/district-r-very-important-tee-r-v-neck-with-full-front-and-back-print-azul-real.jpg
District® Very Important Tee® V-Neck with Full-Front and Back Print;district-r-very-important-tee-r-v-neck-with-full-front-and-back-print;PRD-I8PDE6L63;Light Heather Grey;afafaf;gris;/media/product_images/ropa_y_bolsos/polos/district-r-very-important-tee-r-v-neck-with-full-front-and-back-print-gris.jpg
District® Very Important Tee® V-Neck with Full-Front and Back Print;district-r-very-important-tee-r-v-neck-with-full-front-and-back-print;PRD-I8PDE6L63;Heathered Charcoal;46464a;carbon;/media/product_images/ropa_y_bolsos/polos/district-r-very-important-tee-r-v-neck-with-full-front-and-back-print-carbon.jpg
District® Very Important Tee® V-Neck with Full-Front and Back Print;district-r-very-important-tee-r-v-neck-with-full-front-and-back-print;PRD-I8PDE6L63;White;ededed;blanco;/media/product_images/ropa_y_bolsos/polos/district-r-very-important-tee-r-v-neck-with-full-front-and-back-print-blanco.jpg
District® Very Important Tee® V-Neck with Full-Front and Back Print;district-r-very-important-tee-r-v-neck-with-full-front-and-back-print;PRD-I8PDE6L63;Classic Red;8f1520;rojo;/media/product_images/ropa_y_bolsos/polos/district-r-very-important-tee-r-v-neck-with-full-front-and-back-print-rojo.jpg
Gildan® Performance Long Sleeve Shirt;gildan-r-performance-long-sleeve-shirt;PRD-0NZLVK7YQ;Safety Green;dde00f;verde;/media/product_images/ropa_y_bolsos/polos/gildan-r-performance-long-sleeve-shirt-verde.jpg
Gildan® Performance Long Sleeve Shirt;gildan-r-performance-long-sleeve-shirt;PRD-0NZLVK7YQ;White;ffffff;blanco;/media/product_images/ropa_y_bolsos/polos/gildan-r-performance-long-sleeve-shirt-blanco.jpg
Gildan® Performance Long Sleeve Shirt;gildan-r-performance-long-sleeve-shirt;PRD-0NZLVK7YQ;Royal;4.17E+04;azul-real;/media/product_images/ropa_y_bolsos/polos/gildan-r-performance-long-sleeve-shirt-azul-real.jpg
Gildan® Performance Long Sleeve Shirt;gildan-r-performance-long-sleeve-shirt;PRD-0NZLVK7YQ;Navy;80;azul-marino;/media/product_images/ropa_y_bolsos/polos/gildan-r-performance-long-sleeve-shirt-azul-marino.jpg
Gildan® Performance Long Sleeve Shirt;gildan-r-performance-long-sleeve-shirt;PRD-0NZLVK7YQ;Charcoal;34282c;carbon;/media/product_images/ropa_y_bolsos/polos/gildan-r-performance-long-sleeve-shirt-carbon.jpg
Gildan® Performance Long Sleeve Shirt;gildan-r-performance-long-sleeve-shirt;PRD-0NZLVK7YQ;Black;0;negro;/media/product_images/ropa_y_bolsos/polos/gildan-r-performance-long-sleeve-shirt-negro.jpg
Gildan® Performance Long Sleeve Shirt;gildan-r-performance-long-sleeve-shirt;PRD-0NZLVK7YQ;Orange;ffa500;naranja;/media/product_images/ropa_y_bolsos/polos/gildan-r-performance-long-sleeve-shirt-naranja.jpg
Gildan® Performance Long Sleeve Shirt;gildan-r-performance-long-sleeve-shirt;PRD-0NZLVK7YQ;Purple;800080;morado;/media/product_images/ropa_y_bolsos/polos/gildan-r-performance-long-sleeve-shirt-morado.jpg
Gildan® Heavy Cotton Women's T-Shirt;gildan-r-heavy-cotton-women-s-t-shirt;PRD-PFKK5FPRR;Black;151515;negro;/media/product_images/ropa_y_bolsos/polos/gildan-r-heavy-cotton-women-s-t-shirt-negro.jpg
Gildan® Heavy Cotton Women's T-Shirt;gildan-r-heavy-cotton-women-s-t-shirt;PRD-PFKK5FPRR;Daisy;fecf08;margarita;/media/product_images/ropa_y_bolsos/polos/gildan-r-heavy-cotton-women-s-t-shirt-margarita.jpg
Gildan® Heavy Cotton Women's T-Shirt;gildan-r-heavy-cotton-women-s-t-shirt;PRD-PFKK5FPRR;Coral Silk;fe6f6a;coral-seda;/media/product_images/ropa_y_bolsos/polos/gildan-r-heavy-cotton-women-s-t-shirt-coral-seda.jpg
Gildan® Heavy Cotton Women's T-Shirt;gildan-r-heavy-cotton-women-s-t-shirt;PRD-PFKK5FPRR;Heather Sapphire;5cafd8;zafiro;/media/product_images/ropa_y_bolsos/polos/gildan-r-heavy-cotton-women-s-t-shirt-zafiro.jpg
Gildan® Heavy Cotton Women's T-Shirt;gildan-r-heavy-cotton-women-s-t-shirt;PRD-PFKK5FPRR;Tropical Blue;328d86;azul;/media/product_images/ropa_y_bolsos/polos/gildan-r-heavy-cotton-women-s-t-shirt-azul.jpg
Gildan® Heavy Cotton Women's T-Shirt;gildan-r-heavy-cotton-women-s-t-shirt;PRD-PFKK5FPRR;Orange;fe4b28;naranja;/media/product_images/ropa_y_bolsos/polos/gildan-r-heavy-cotton-women-s-t-shirt-naranja.jpg
Gildan® Heavy Cotton Women's T-Shirt;gildan-r-heavy-cotton-women-s-t-shirt;PRD-PFKK5FPRR;Light Pink;ebb8c7;rosa-claro;/media/product_images/ropa_y_bolsos/polos/gildan-r-heavy-cotton-women-s-t-shirt-rosa-claro.jpg
Gildan® Heavy Cotton Women's T-Shirt;gildan-r-heavy-cotton-women-s-t-shirt;PRD-PFKK5FPRR;Light Blue;c4d7db;azul-claro;/media/product_images/ropa_y_bolsos/polos/gildan-r-heavy-cotton-women-s-t-shirt-azul-claro.jpg
District® V.I.T.™ Muscle Tank with Left Chest and Back Print;district-r-v-i-t-tm-muscle-tank-with-left-chest-and-back-print;PRD-JPVAHITLF;Grey Frost;8d8d8d;gris;/media/product_images/ropa_y_bolsos/polos/district-r-v-i-t-tm-muscle-tank-with-left-chest-and-back-print-gris.jpg
District® V.I.T.™ Muscle Tank with Left Chest and Back Print;district-r-v-i-t-tm-muscle-tank-with-left-chest-and-back-print;PRD-JPVAHITLF;Black;1d1d1d;negro;/media/product_images/ropa_y_bolsos/polos/district-r-v-i-t-tm-muscle-tank-with-left-chest-and-back-print-negro.jpg
District® V.I.T.™ Muscle Tank with Left Chest and Back Print;district-r-v-i-t-tm-muscle-tank-with-left-chest-and-back-print;PRD-JPVAHITLF;Royal Frost;5e7cc7;azul-real;/media/product_images/ropa_y_bolsos/polos/district-r-v-i-t-tm-muscle-tank-with-left-chest-and-back-print-azul-real.jpg
Port & Company® Fan Favorite™ Long Sleeve T-shirt;port-company-r-fan-favorite-tm-long-sleeve-t-shirt;PRD-NUSDNKNTA;True Royal;2943a0;azul-real-verdadero;/media/product_images/ropa_y_bolsos/polos/port-company-r-fan-favorite-tm-long-sleeve-t-shirt-azul-real-verdadero.jpg
Port & Company® Fan Favorite™ Long Sleeve T-shirt;port-company-r-fan-favorite-tm-long-sleeve-t-shirt;PRD-NUSDNKNTA;Bright Red;d6323d;rojo;/media/product_images/ropa_y_bolsos/polos/port-company-r-fan-favorite-tm-long-sleeve-t-shirt-rojo.jpg
Port & Company® Fan Favorite™ Long Sleeve T-shirt;port-company-r-fan-favorite-tm-long-sleeve-t-shirt;PRD-NUSDNKNTA;Team Cardinal;af2b39;cardenal;/media/product_images/ropa_y_bolsos/polos/port-company-r-fan-favorite-tm-long-sleeve-t-shirt-cardenal.jpg
Port & Company® Fan Favorite™ Long Sleeve T-shirt;port-company-r-fan-favorite-tm-long-sleeve-t-shirt;PRD-NUSDNKNTA;Deep Navy;303749;azul-marino;/media/product_images/ropa_y_bolsos/polos/port-company-r-fan-favorite-tm-long-sleeve-t-shirt-azul-marino.jpg
Port & Company® Fan Favorite™ Long Sleeve T-shirt;port-company-r-fan-favorite-tm-long-sleeve-t-shirt;PRD-NUSDNKNTA;Charcoal;424240;carbon;/media/product_images/ropa_y_bolsos/polos/port-company-r-fan-favorite-tm-long-sleeve-t-shirt-carbon.jpg
Port & Company® Fan Favorite™ Long Sleeve T-shirt;port-company-r-fan-favorite-tm-long-sleeve-t-shirt;PRD-NUSDNKNTA;Jet Black;2c2c2c;negro;/media/product_images/ropa_y_bolsos/polos/port-company-r-fan-favorite-tm-long-sleeve-t-shirt-negro.jpg
Port & Company® Fan Favorite™ Long Sleeve T-shirt;port-company-r-fan-favorite-tm-long-sleeve-t-shirt;PRD-NUSDNKNTA;Forest Green;304c3d;verde-bosque;/media/product_images/ropa_y_bolsos/polos/port-company-r-fan-favorite-tm-long-sleeve-t-shirt-verde-bosque.jpg
Port & Company® Fan Favorite™ Long Sleeve T-shirt;port-company-r-fan-favorite-tm-long-sleeve-t-shirt;PRD-NUSDNKNTA;Dark Heather Grey;494949;gris;/media/product_images/ropa_y_bolsos/polos/port-company-r-fan-favorite-tm-long-sleeve-t-shirt-gris.jpg
Tultex Fine Jersey Tank;tultex-unisex-fine-jersey-tank-top;PRD-WNTFUHEU3;Black;0;negro;/media/product_images/ropa_y_bolsos/polos/tultex-unisex-fine-jersey-tank-top-negro.jpg
Tultex Fine Jersey Tank;tultex-unisex-fine-jersey-tank-top;PRD-WNTFUHEU3;Navy;2f3246;azul-marino;/media/product_images/ropa_y_bolsos/polos/tultex-unisex-fine-jersey-tank-top-azul-marino.jpg
Tultex Fine Jersey Tank;tultex-unisex-fine-jersey-tank-top;PRD-WNTFUHEU3;White;ffffff;blanco;/media/product_images/ropa_y_bolsos/polos/tultex-unisex-fine-jersey-tank-top-blanco.jpg
Tultex Fine Jersey Tank;tultex-unisex-fine-jersey-tank-top;PRD-WNTFUHEU3;Red;c82030;rojo;/media/product_images/ropa_y_bolsos/polos/tultex-unisex-fine-jersey-tank-top-rojo.jpg
Tultex Fine Jersey Tank;tultex-unisex-fine-jersey-tank-top;PRD-WNTFUHEU3;Heather Grey;a8a8a8;gris-jaspeado;/media/product_images/ropa_y_bolsos/polos/tultex-unisex-fine-jersey-tank-top-gris-jaspeado.jpg
District® Very Important Tee® V-Neck with Left Chest and Back Print;district-r-very-important-tee-r-v-neck-with-left-chest-and-back-print;PRD-4DFJULNAR;New Navy;131728;azul-marino;/media/product_images/ropa_y_bolsos/polos/district-r-very-important-tee-r-v-neck-with-left-chest-and-back-print-azul-marino.jpg
District® Very Important Tee® V-Neck with Left Chest and Back Print;district-r-very-important-tee-r-v-neck-with-left-chest-and-back-print;PRD-4DFJULNAR;Black;212121;negro;/media/product_images/ropa_y_bolsos/polos/district-r-very-important-tee-r-v-neck-with-left-chest-and-back-print-negro.jpg
District® Very Important Tee® V-Neck with Left Chest and Back Print;district-r-very-important-tee-r-v-neck-with-left-chest-and-back-print;PRD-4DFJULNAR;Heathered Charcoal;46464a;carbon;/media/product_images/ropa_y_bolsos/polos/district-r-very-important-tee-r-v-neck-with-left-chest-and-back-print-carbon.jpg
District® Very Important Tee® V-Neck with Left Chest and Back Print;district-r-very-important-tee-r-v-neck-with-left-chest-and-back-print;PRD-4DFJULNAR;Light Heather Grey;afafaf;gris;/media/product_images/ropa_y_bolsos/polos/district-r-very-important-tee-r-v-neck-with-left-chest-and-back-print-gris.jpg
District® Very Important Tee® V-Neck with Left Chest and Back Print;district-r-very-important-tee-r-v-neck-with-left-chest-and-back-print;PRD-4DFJULNAR;Heathered Royal;5c80ce;azul-real;/media/product_images/ropa_y_bolsos/polos/district-r-very-important-tee-r-v-neck-with-left-chest-and-back-print-azul-real.jpg
District® Very Important Tee® V-Neck with Left Chest and Back Print;district-r-very-important-tee-r-v-neck-with-left-chest-and-back-print;PRD-4DFJULNAR;White;ededed;blanco;/media/product_images/ropa_y_bolsos/polos/district-r-very-important-tee-r-v-neck-with-left-chest-and-back-print-blanco.jpg
District® Very Important Tee® V-Neck with Left Chest and Back Print;district-r-very-important-tee-r-v-neck-with-left-chest-and-back-print;PRD-4DFJULNAR;Classic Red;8f1520;rojo;/media/product_images/ropa_y_bolsos/polos/district-r-very-important-tee-r-v-neck-with-left-chest-and-back-print-rojo.jpg
Next Level™ Women's Ideal Racerback Tank;next-level-tm-women-s-ideal-racerback-tank;PRD-VSA13NCKX;Kelly Green;00b564;verde-kelly;/media/product_images/ropa_y_bolsos/polos/next-level-tm-women-s-ideal-racerback-tank-verde-kelly.jpg
Next Level™ Women's Ideal Racerback Tank;next-level-tm-women-s-ideal-racerback-tank;PRD-VSA13NCKX;Tahiti Blue;00cfc9;azul;/media/product_images/ropa_y_bolsos/polos/next-level-tm-women-s-ideal-racerback-tank-azul.jpg
Next Level™ Women's Ideal Racerback Tank;next-level-tm-women-s-ideal-racerback-tank;PRD-VSA13NCKX;Lilac;e7b0cd;lila;/media/product_images/ropa_y_bolsos/polos/next-level-tm-women-s-ideal-racerback-tank-lila.jpg
Next Level™ Women's Ideal Racerback Tank;next-level-tm-women-s-ideal-racerback-tank;PRD-VSA13NCKX;Red;bf0932;rojo;/media/product_images/ropa_y_bolsos/polos/next-level-tm-women-s-ideal-racerback-tank-rojo.jpg
Next Level™ Women's Ideal Racerback Tank;next-level-tm-women-s-ideal-racerback-tank;PRD-VSA13NCKX;Royal;114587;azul-real;/media/product_images/ropa_y_bolsos/polos/next-level-tm-women-s-ideal-racerback-tank-azul-real.jpg
Next Level™ Women's Ideal Racerback Tank;next-level-tm-women-s-ideal-racerback-tank;PRD-VSA13NCKX;Cardinal;771c2d;cardenal;/media/product_images/ropa_y_bolsos/polos/next-level-tm-women-s-ideal-racerback-tank-cardenal.jpg
Next Level™ Women's Ideal Racerback Tank;next-level-tm-women-s-ideal-racerback-tank;PRD-VSA13NCKX;Turquoise;016dab;turquoise;/media/product_images/ropa_y_bolsos/polos/next-level-tm-women-s-ideal-racerback-tank-turquoise.jpg
Next Level™ Women's Ideal Racerback Tank;next-level-tm-women-s-ideal-racerback-tank;PRD-VSA13NCKX;Dark Grey;615d5e;gris;/media/product_images/ropa_y_bolsos/polos/next-level-tm-women-s-ideal-racerback-tank-gris.jpg
Port & Company® Tri-Blend Unisex Tee;port-company-r-tri-blend-unisex-tee;PRD-QBAQTUIUR;Black;1a1a1a;negro;/media/product_images/ropa_y_bolsos/polos/port-company-r-tri-blend-unisex-tee-negro.jpg
Port & Company® Tri-Blend Unisex Tee;port-company-r-tri-blend-unisex-tee;PRD-QBAQTUIUR;Heather Royal;4a6dbd;azul-real;/media/product_images/ropa_y_bolsos/polos/port-company-r-tri-blend-unisex-tee-azul-real.jpg
Port & Company® Tri-Blend Unisex Tee;port-company-r-tri-blend-unisex-tee;PRD-QBAQTUIUR;Deep Orange Heather;ea5e34;naranja;/media/product_images/ropa_y_bolsos/polos/port-company-r-tri-blend-unisex-tee-naranja.jpg
Port & Company® Tri-Blend Unisex Tee;port-company-r-tri-blend-unisex-tee;PRD-QBAQTUIUR;Vivid Teal Heather;437683;verde-azulado;/media/product_images/ropa_y_bolsos/polos/port-company-r-tri-blend-unisex-tee-verde-azulado.jpg
Port & Company® Tri-Blend Unisex Tee;port-company-r-tri-blend-unisex-tee;PRD-QBAQTUIUR;Forest Green Heather;3c4c3b;verde;/media/product_images/ropa_y_bolsos/polos/port-company-r-tri-blend-unisex-tee-verde.jpg
Port & Company® Tri-Blend Unisex Tee;port-company-r-tri-blend-unisex-tee;PRD-QBAQTUIUR;Team Purple Heather;3d2c57;morado;/media/product_images/ropa_y_bolsos/polos/port-company-r-tri-blend-unisex-tee-morado.jpg
Port & Company® Tri-Blend Unisex Tee;port-company-r-tri-blend-unisex-tee;PRD-QBAQTUIUR;Coyote Brown Heather;685b3d;marron;/media/product_images/ropa_y_bolsos/polos/port-company-r-tri-blend-unisex-tee-marron.jpg
District® Youth Very Important Tee® with Full-Front and Back Print;district-r-youth-very-important-tee-r-with-full-front-and-back-print;PRD-Z5HAWRD3D;Deep Royal;2a4a8b;azul-real;/media/product_images/ropa_y_bolsos/polos/district-r-youth-very-important-tee-r-with-full-front-and-back-print-azul-real.jpg
District® Youth Very Important Tee® with Full-Front and Back Print;district-r-youth-very-important-tee-r-with-full-front-and-back-print;PRD-Z5HAWRD3D;Heathered Kelly Green;548d6c;rojo;/media/product_images/ropa_y_bolsos/polos/district-r-youth-very-important-tee-r-with-full-front-and-back-print-rojo.jpg
District® Youth Very Important Tee® with Full-Front and Back Print;district-r-youth-very-important-tee-r-with-full-front-and-back-print;PRD-Z5HAWRD3D;Grey Frost;919191;gris;/media/product_images/ropa_y_bolsos/polos/district-r-youth-very-important-tee-r-with-full-front-and-back-print-gris.jpg
District® Youth Very Important Tee® with Full-Front and Back Print;district-r-youth-very-important-tee-r-with-full-front-and-back-print;PRD-Z5HAWRD3D;Heathered Charcoal;575254;carbon;/media/product_images/ropa_y_bolsos/polos/district-r-youth-very-important-tee-r-with-full-front-and-back-print-carbon.jpg
District® Youth Very Important Tee® with Full-Front and Back Print;district-r-youth-very-important-tee-r-with-full-front-and-back-print;PRD-Z5HAWRD3D;Black;222222;negro;/media/product_images/ropa_y_bolsos/polos/district-r-youth-very-important-tee-r-with-full-front-and-back-print-negro.jpg
JERZEES® Dri-Power® Active Long Sleeve T-Shirt;jerzees-r-dri-power-r-active-long-sleeve-t-shirt;PRD-EXX98EXIX;Black;0;negro;/media/product_images/ropa_y_bolsos/polos/jerzees-r-dri-power-r-active-long-sleeve-t-shirt-negro.jpg
JERZEES® Dri-Power® Active Long Sleeve T-Shirt;jerzees-r-dri-power-r-active-long-sleeve-t-shirt;PRD-EXX98EXIX;California Blue;0189a1;azul;/media/product_images/ropa_y_bolsos/polos/jerzees-r-dri-power-r-active-long-sleeve-t-shirt-azul.jpg
JERZEES® Dri-Power® Active Long Sleeve T-Shirt;jerzees-r-dri-power-r-active-long-sleeve-t-shirt;PRD-EXX98EXIX;Cyber Pink;e43975;rosa;/media/product_images/ropa_y_bolsos/polos/jerzees-r-dri-power-r-active-long-sleeve-t-shirt-rosa.jpg
JERZEES® Dri-Power® Active Long Sleeve T-Shirt;jerzees-r-dri-power-r-active-long-sleeve-t-shirt;PRD-EXX98EXIX;Burnt Orange;fe4f26;naranja;/media/product_images/ropa_y_bolsos/polos/jerzees-r-dri-power-r-active-long-sleeve-t-shirt-naranja.jpg
JERZEES® Dri-Power® Active Long Sleeve T-Shirt;jerzees-r-dri-power-r-active-long-sleeve-t-shirt;PRD-EXX98EXIX;J. Navy;121420;azul-marino;/media/product_images/ropa_y_bolsos/polos/jerzees-r-dri-power-r-active-long-sleeve-t-shirt-azul-marino.jpg
JERZEES® Dri-Power® Active Long Sleeve T-Shirt;jerzees-r-dri-power-r-active-long-sleeve-t-shirt;PRD-EXX98EXIX;Cardinal;8f1025;cardenal;/media/product_images/ropa_y_bolsos/polos/jerzees-r-dri-power-r-active-long-sleeve-t-shirt-cardenal.jpg
JERZEES® Dri-Power® Active Long Sleeve T-Shirt;jerzees-r-dri-power-r-active-long-sleeve-t-shirt;PRD-EXX98EXIX;Sandstone;d4cbbd;arena;/media/product_images/ropa_y_bolsos/polos/jerzees-r-dri-power-r-active-long-sleeve-t-shirt-arena.jpg
District® Very Important Tee® V-Neck with Full-Front Print and Back Print;district-r-very-important-tee-r-v-neck-with-full-front-print-and-back;PRD-0DZGFKNVD;New Navy;131728;azul-marino;/media/product_images/ropa_y_bolsos/polos/district-r-very-important-tee-r-v-neck-with-full-front-print-and-back-azul-marino.jpg
District® Very Important Tee® V-Neck with Full-Front Print and Back Print;district-r-very-important-tee-r-v-neck-with-full-front-print-and-back;PRD-0DZGFKNVD;Heathered Royal;5c80ce;azul-real;/media/product_images/ropa_y_bolsos/polos/district-r-very-important-tee-r-v-neck-with-full-front-print-and-back-azul-real.jpg
District® Very Important Tee® V-Neck with Full-Front Print and Back Print;district-r-very-important-tee-r-v-neck-with-full-front-print-and-back;PRD-0DZGFKNVD;Black;212121;negro;/media/product_images/ropa_y_bolsos/polos/district-r-very-important-tee-r-v-neck-with-full-front-print-and-back-negro.jpg
District® Very Important Tee® V-Neck with Full-Front Print and Back Print;district-r-very-important-tee-r-v-neck-with-full-front-print-and-back;PRD-0DZGFKNVD;White;ededed;blanco;/media/product_images/ropa_y_bolsos/polos/district-r-very-important-tee-r-v-neck-with-full-front-print-and-back-blanco.jpg
District® Very Important Tee® V-Neck with Full-Front Print and Back Print;district-r-very-important-tee-r-v-neck-with-full-front-print-and-back;PRD-0DZGFKNVD;Heathered Charcoal;46464a;carbon;/media/product_images/ropa_y_bolsos/polos/district-r-very-important-tee-r-v-neck-with-full-front-print-and-back-carbon.jpg
District® Very Important Tee® V-Neck with Full-Front Print and Back Print;district-r-very-important-tee-r-v-neck-with-full-front-print-and-back;PRD-0DZGFKNVD;Light Heather Grey;afafaf;gris;/media/product_images/ropa_y_bolsos/polos/district-r-very-important-tee-r-v-neck-with-full-front-print-and-back-gris.jpg
District® Women’s V.I.T.™ Gathered Back Tank with Left Chest Print;district-r-women-s-v-i-t-tm-gathered-back-tank-with-left-chest-print;PRD-DWOTAYAUF;Heathered Bright Turquoise;2e93cf;rojo;/media/product_images/ropa_y_bolsos/polos/district-r-women-s-v-i-t-tm-gathered-back-tank-with-left-chest-print-rojo.jpg
District® Women’s V.I.T.™ Gathered Back Tank with Left Chest Print;district-r-women-s-v-i-t-tm-gathered-back-tank-with-left-chest-print;PRD-DWOTAYAUF;New Navy;22222e;azul-marino;/media/product_images/ropa_y_bolsos/polos/district-r-women-s-v-i-t-tm-gathered-back-tank-with-left-chest-print-azul-marino.jpg
District® Women’s V.I.T.™ Gathered Back Tank with Left Chest Print;district-r-women-s-v-i-t-tm-gathered-back-tank-with-left-chest-print;PRD-DWOTAYAUF;Black;24201f;negro;/media/product_images/ropa_y_bolsos/polos/district-r-women-s-v-i-t-tm-gathered-back-tank-with-left-chest-print-negro.jpg
District® Women’s V.I.T.™ Gathered Back Tank with Left Chest Print;district-r-women-s-v-i-t-tm-gathered-back-tank-with-left-chest-print;PRD-DWOTAYAUF;Deep Royal;2b3486;azul-real;/media/product_images/ropa_y_bolsos/polos/district-r-women-s-v-i-t-tm-gathered-back-tank-with-left-chest-print-azul-real.jpg
District® Women’s V.I.T.™ Gathered Back Tank with Left Chest Print;district-r-women-s-v-i-t-tm-gathered-back-tank-with-left-chest-print;PRD-DWOTAYAUF;Heathered Charcoal;524a4d;carbon;/media/product_images/ropa_y_bolsos/polos/district-r-women-s-v-i-t-tm-gathered-back-tank-with-left-chest-print-carbon.jpg
District® Women’s V.I.T.™ Gathered Back Tank with Left Chest Print;district-r-women-s-v-i-t-tm-gathered-back-tank-with-left-chest-print;PRD-DWOTAYAUF;White;f2f2f2;blanco;/media/product_images/ropa_y_bolsos/polos/district-r-women-s-v-i-t-tm-gathered-back-tank-with-left-chest-print-blanco.jpg
District® Women’s V.I.T.™ Gathered Back Tank with Left Chest Print;district-r-women-s-v-i-t-tm-gathered-back-tank-with-left-chest-print;PRD-DWOTAYAUF;Grey Frost;7c7770;gris;/media/product_images/ropa_y_bolsos/polos/district-r-women-s-v-i-t-tm-gathered-back-tank-with-left-chest-print-gris.jpg
Next Level Festival Women's Crop T-shirt;next-level-apparel-ladies-festival-cali-crop-t-shirt;PRD-S33PK8AIF;Black;0;negro;/media/product_images/ropa_y_bolsos/polos/next-level-apparel-ladies-festival-cali-crop-t-shirt-negro.jpg
Next Level Festival Women's Crop T-shirt;next-level-apparel-ladies-festival-cali-crop-t-shirt;PRD-S33PK8AIF;Royal Pine;547564;azul-real;/media/product_images/ropa_y_bolsos/polos/next-level-apparel-ladies-festival-cali-crop-t-shirt-azul-real.jpg
Next Level Festival Women's Crop T-shirt;next-level-apparel-ladies-festival-cali-crop-t-shirt;PRD-S33PK8AIF;Desert Pink;f1beab;rosa;/media/product_images/ropa_y_bolsos/polos/next-level-apparel-ladies-festival-cali-crop-t-shirt-rosa.jpg
Next Level Festival Women's Crop T-shirt;next-level-apparel-ladies-festival-cali-crop-t-shirt;PRD-S33PK8AIF;Antique Gold;c69d45;dorado;/media/product_images/ropa_y_bolsos/polos/next-level-apparel-ladies-festival-cali-crop-t-shirt-dorado.jpg
Next Level Festival Women's Crop T-shirt;next-level-apparel-ladies-festival-cali-crop-t-shirt;PRD-S33PK8AIF;Smoked Paprika;6d4344;smoked-paprika;/media/product_images/ropa_y_bolsos/polos/next-level-apparel-ladies-festival-cali-crop-t-shirt-smoked-paprika.jpg
Next Level Festival Women's Crop T-shirt;next-level-apparel-ladies-festival-cali-crop-t-shirt;PRD-S33PK8AIF;Shiraz;593541;shiraz;/media/product_images/ropa_y_bolsos/polos/next-level-apparel-ladies-festival-cali-crop-t-shirt-shiraz.jpg
Next Level Festival Women's Crop T-shirt;next-level-apparel-ladies-festival-cali-crop-t-shirt;PRD-S33PK8AIF;Stonewash Denim;a4acb9;ceniza;/media/product_images/ropa_y_bolsos/polos/next-level-apparel-ladies-festival-cali-crop-t-shirt-ceniza.jpg
Next Level Festival Women's Crop T-shirt;next-level-apparel-ladies-festival-cali-crop-t-shirt;PRD-S33PK8AIF;Charcoal;42474b;carbon;/media/product_images/ropa_y_bolsos/polos/next-level-apparel-ladies-festival-cali-crop-t-shirt-carbon.jpg
District® Women's Racerback Tank Top – Heat Transfer;district-r-women-s-racerback-tank-top-heat-transfer;PRD-NTXDCUXST;Black Frost;333333;negro;/media/product_images/ropa_y_bolsos/polos/district-r-women-s-racerback-tank-top-heat-transfer-negro.jpg
District® Women's Racerback Tank Top – Heat Transfer;district-r-women-s-racerback-tank-top-heat-transfer;PRD-NTXDCUXST;Turquoise Frost;67aece;turquoise-frost;/media/product_images/ropa_y_bolsos/polos/district-r-women-s-racerback-tank-top-heat-transfer-turquoise-frost.jpg
District® Women's Racerback Tank Top – Heat Transfer;district-r-women-s-racerback-tank-top-heat-transfer;PRD-NTXDCUXST;White;e5e6e8;blanco;/media/product_images/ropa_y_bolsos/polos/district-r-women-s-racerback-tank-top-heat-transfer-blanco.jpg
District® Women's Racerback Tank Top – Heat Transfer;district-r-women-s-racerback-tank-top-heat-transfer;PRD-NTXDCUXST;Red Frost;b63a44;rojo;/media/product_images/ropa_y_bolsos/polos/district-r-women-s-racerback-tank-top-heat-transfer-rojo.jpg
District® Women's Racerback Tank Top – Heat Transfer;district-r-women-s-racerback-tank-top-heat-transfer;PRD-NTXDCUXST;Purple Frost;52457d;morado;/media/product_images/ropa_y_bolsos/polos/district-r-women-s-racerback-tank-top-heat-transfer-morado.jpg
District® Women's Racerback Tank Top – Heat Transfer;district-r-women-s-racerback-tank-top-heat-transfer;PRD-NTXDCUXST;Fuchsia Frost;e25982;fuchsia-frost;/media/product_images/ropa_y_bolsos/polos/district-r-women-s-racerback-tank-top-heat-transfer-fuchsia-frost.jpg
District® Women's Racerback Tank Top – Heat Transfer;district-r-women-s-racerback-tank-top-heat-transfer;PRD-NTXDCUXST;Navy Frost;545a68;azul-marino;/media/product_images/ropa_y_bolsos/polos/district-r-women-s-racerback-tank-top-heat-transfer-azul-marino.jpg
District® Women's Racerback Tank Top – Heat Transfer;district-r-women-s-racerback-tank-top-heat-transfer;PRD-NTXDCUXST;Royal Frost;5760aa;azul-real;/media/product_images/ropa_y_bolsos/polos/district-r-women-s-racerback-tank-top-heat-transfer-azul-real.jpg
