product_slug;color_slug;image_url;is_primary;display_order
gildan-r-softstyle-r-unisex-t-shirt;negro;/media/product_images/ropa_y_bolsos/polos/gildan-r-softstyle-r-unisex-t-shirt-negro.jpg;True;0
gildan-r-softstyle-r-unisex-t-shirt;coral-seda;/media/product_images/ropa_y_bolsos/polos/gildan-r-softstyle-r-unisex-t-shirt-coral-seda.jpg;False;1
gildan-r-softstyle-r-unisex-t-shirt;blanco;/media/product_images/ropa_y_bolsos/polos/gildan-r-softstyle-r-unisex-t-shirt-blanco.jpg;False;1
gildan-r-softstyle-r-unisex-t-shirt;gris-deportivo;/media/product_images/ropa_y_bolsos/polos/gildan-r-softstyle-r-unisex-t-shirt-gris-deportivo.jpg;False;1
gildan-r-softstyle-r-unisex-t-shirt;azul-real;/media/product_images/ropa_y_bolsos/polos/gildan-r-softstyle-r-unisex-t-shirt-azul-real.jpg;False;1
gildan-r-softstyle-r-unisex-t-shirt;azul-marino-jaspeado;/media/product_images/ropa_y_bolsos/polos/gildan-r-softstyle-r-unisex-t-shirt-azul-marino-jaspeado.jpg;False;1
gildan-r-softstyle-r-unisex-t-shirt;morado;/media/product_images/ropa_y_bolsos/polos/gildan-r-softstyle-r-unisex-t-shirt-morado.jpg;False;1
gildan-r-softstyle-r-unisex-t-shirt;rojo;/media/product_images/ropa_y_bolsos/polos/gildan-r-softstyle-r-unisex-t-shirt-rojo.jpg;False;1
bella-canvas-r-ultra-soft-jersey-unisex-t-shirt;azul-real;/media/product_images/ropa_y_bolsos/polos/bella-canvas-r-ultra-soft-jersey-unisex-t-shirt-azul-real.jpg;True;0
bella-canvas-r-ultra-soft-jersey-unisex-t-shirt;negro;/media/product_images/ropa_y_bolsos/polos/bella-canvas-r-ultra-soft-jersey-unisex-t-shirt-negro.jpg;False;1
bella-canvas-r-ultra-soft-jersey-unisex-t-shirt;blanco;/media/product_images/ropa_y_bolsos/polos/bella-canvas-r-ultra-soft-jersey-unisex-t-shirt-blanco.jpg;False;1
bella-canvas-r-ultra-soft-jersey-unisex-t-shirt;azul-marino;/media/product_images/ropa_y_bolsos/polos/bella-canvas-r-ultra-soft-jersey-unisex-t-shirt-azul-marino.jpg;False;1
bella-canvas-r-ultra-soft-jersey-unisex-t-shirt;asfalto;/media/product_images/ropa_y_bolsos/polos/bella-canvas-r-ultra-soft-jersey-unisex-t-shirt-asfalto.jpg;False;1
bella-canvas-r-ultra-soft-jersey-unisex-t-shirt;rojo;/media/product_images/ropa_y_bolsos/polos/bella-canvas-r-ultra-soft-jersey-unisex-t-shirt-rojo.jpg;False;1
bella-canvas-r-ultra-soft-jersey-unisex-t-shirt;rosa;/media/product_images/ropa_y_bolsos/polos/bella-canvas-r-ultra-soft-jersey-unisex-t-shirt-rosa.jpg;False;1
bella-canvas-r-ultra-soft-jersey-unisex-t-shirt;natural;/media/product_images/ropa_y_bolsos/polos/bella-canvas-r-ultra-soft-jersey-unisex-t-shirt-natural.jpg;False;1
allmade-r-organic-cotton-unisex-t-shirt;azul-cielo-nocturno;/media/product_images/ropa_y_bolsos/polos/allmade-r-organic-cotton-unisex-t-shirt-azul-cielo-nocturno.jpg;True;0
allmade-r-organic-cotton-unisex-t-shirt;negro-profundo;/media/product_images/ropa_y_bolsos/polos/allmade-r-organic-cotton-unisex-t-shirt-negro-profundo.jpg;False;1
allmade-r-organic-cotton-unisex-t-shirt;gris-terreno;/media/product_images/ropa_y_bolsos/polos/allmade-r-organic-cotton-unisex-t-shirt-gris-terreno.jpg;False;1
allmade-r-organic-cotton-unisex-t-shirt;blanco-brillante;/media/product_images/ropa_y_bolsos/polos/allmade-r-organic-cotton-unisex-t-shirt-blanco-brillante.jpg;False;1
district-r-very-important-tee-r-with-left-chest-and-back-print;azul-marino;/media/product_images/ropa_y_bolsos/polos/district-r-very-important-tee-r-with-left-chest-and-back-print-azul-marino.jpg;True;0
district-r-very-important-tee-r-with-left-chest-and-back-print;rojo;/media/product_images/ropa_y_bolsos/polos/district-r-very-important-tee-r-with-left-chest-and-back-print-rojo.jpg;False;1
district-r-very-important-tee-r-with-left-chest-and-back-print;azul-real;/media/product_images/ropa_y_bolsos/polos/district-r-very-important-tee-r-with-left-chest-and-back-print-azul-real.jpg;False;1
district-r-very-important-tee-r-with-left-chest-and-back-print;verde;/media/product_images/ropa_y_bolsos/polos/district-r-very-important-tee-r-with-left-chest-and-back-print-verde.jpg;False;1
district-r-very-important-tee-r-with-left-chest-and-back-print;morado;/media/product_images/ropa_y_bolsos/polos/district-r-very-important-tee-r-with-left-chest-and-back-print-morado.jpg;False;1
soft-touch-mens-t-shirt;negro;/media/product_images/ropa_y_bolsos/polos/soft-touch-mens-t-shirt-negro.jpg;True;0
soft-touch-mens-t-shirt;blanco;/media/product_images/ropa_y_bolsos/polos/soft-touch-mens-t-shirt-blanco.jpg;False;1
soft-touch-mens-t-shirt;rojo;/media/product_images/ropa_y_bolsos/polos/soft-touch-mens-t-shirt-rojo.jpg;False;1
soft-touch-mens-t-shirt;carbon;/media/product_images/ropa_y_bolsos/polos/soft-touch-mens-t-shirt-carbon.jpg;False;1
soft-touch-mens-t-shirt;azul-marino;/media/product_images/ropa_y_bolsos/polos/soft-touch-mens-t-shirt-azul-marino.jpg;False;1
soft-touch-mens-t-shirt;azul-real;/media/product_images/ropa_y_bolsos/polos/soft-touch-mens-t-shirt-azul-real.jpg;False;1
soft-touch-mens-t-shirt;rosa-fucsia;/media/product_images/ropa_y_bolsos/polos/soft-touch-mens-t-shirt-rosa-fucsia.jpg;False;1
gildan-r-softstyle-long-sleeve-t-shirt;azul-marino;/media/product_images/ropa_y_bolsos/polos/gildan-r-softstyle-long-sleeve-t-shirt-azul-marino.jpg;True;0
gildan-r-softstyle-long-sleeve-t-shirt;gris-deportivo;/media/product_images/ropa_y_bolsos/polos/gildan-r-softstyle-long-sleeve-t-shirt-gris-deportivo.jpg;False;1
gildan-r-softstyle-long-sleeve-t-shirt;verde-militar;/media/product_images/ropa_y_bolsos/polos/gildan-r-softstyle-long-sleeve-t-shirt-verde-militar.jpg;False;1
gildan-r-softstyle-long-sleeve-t-shirt;carbon;/media/product_images/ropa_y_bolsos/polos/gildan-r-softstyle-long-sleeve-t-shirt-carbon.jpg;False;1
gildan-r-softstyle-long-sleeve-t-shirt;negro;/media/product_images/ropa_y_bolsos/polos/gildan-r-softstyle-long-sleeve-t-shirt-negro.jpg;False;1
gildan-r-softstyle-long-sleeve-t-shirt;rojo-cereza;/media/product_images/ropa_y_bolsos/polos/gildan-r-softstyle-long-sleeve-t-shirt-rojo-cereza.jpg;False;1
district-r-very-important-tee-r-long-sleeve-with-left-chest-print-and-back-printing;negro;/media/product_images/ropa_y_bolsos/polos/district-r-very-important-tee-r-long-sleeve-with-left-chest-print-and-back-printing-negro.jpg;True;0
district-r-very-important-tee-r-long-sleeve-with-left-chest-print-and-back-printing;blanco;/media/product_images/ropa_y_bolsos/polos/district-r-very-important-tee-r-long-sleeve-with-left-chest-print-and-back-printing-blanco.jpg;False;1
district-r-very-important-tee-r-long-sleeve-with-left-chest-print-and-back-printing;gris;/media/product_images/ropa_y_bolsos/polos/district-r-very-important-tee-r-long-sleeve-with-left-chest-print-and-back-printing-gris.jpg;False;1
district-r-very-important-tee-r-long-sleeve-with-left-chest-print-and-back-printing;azul-marino;/media/product_images/ropa_y_bolsos/polos/district-r-very-important-tee-r-long-sleeve-with-left-chest-print-and-back-printing-azul-marino.jpg;False;1
district-r-very-important-tee-r-long-sleeve-with-left-chest-print-and-back-printing;carbon;/media/product_images/ropa_y_bolsos/polos/district-r-very-important-tee-r-long-sleeve-with-left-chest-print-and-back-printing-carbon.jpg;False;1
district-r-very-important-tee-r-with-left-chest-print;rojo;/media/product_images/ropa_y_bolsos/polos/district-r-very-important-tee-r-with-left-chest-print-rojo.jpg;True;0
district-r-very-important-tee-r-with-left-chest-print;verde;/media/product_images/ropa_y_bolsos/polos/district-r-very-important-tee-r-with-left-chest-print-verde.jpg;False;1
district-r-very-important-tee-r-with-left-chest-print;morado;/media/product_images/ropa_y_bolsos/polos/district-r-very-important-tee-r-with-left-chest-print-morado.jpg;False;1
district-r-very-important-tee-r-with-left-chest-print;azul-marino;/media/product_images/ropa_y_bolsos/polos/district-r-very-important-tee-r-with-left-chest-print-azul-marino.jpg;False;1
district-r-very-important-tee-r-with-left-chest-print;carbon;/media/product_images/ropa_y_bolsos/polos/district-r-very-important-tee-r-with-left-chest-print-carbon.jpg;False;1
district-r-very-important-tee-r-with-left-chest-print;gris;/media/product_images/ropa_y_bolsos/polos/district-r-very-important-tee-r-with-left-chest-print-gris.jpg;False;1
soft-touch-womens-t-shirt;azul-real;/media/product_images/ropa_y_bolsos/polos/soft-touch-womens-t-shirt-azul-real.jpg;True;0
soft-touch-womens-t-shirt;blanco;/media/product_images/ropa_y_bolsos/polos/soft-touch-womens-t-shirt-blanco.jpg;False;1
soft-touch-womens-t-shirt;negro;/media/product_images/ropa_y_bolsos/polos/soft-touch-womens-t-shirt-negro.jpg;False;1
soft-touch-womens-t-shirt;carbon;/media/product_images/ropa_y_bolsos/polos/soft-touch-womens-t-shirt-carbon.jpg;False;1
soft-touch-womens-t-shirt;azul-marino;/media/product_images/ropa_y_bolsos/polos/soft-touch-womens-t-shirt-azul-marino.jpg;False;1
soft-touch-womens-t-shirt;rojo;/media/product_images/ropa_y_bolsos/polos/soft-touch-womens-t-shirt-rojo.jpg;False;1
soft-touch-womens-t-shirt;rosa-fucsia;/media/product_images/ropa_y_bolsos/polos/soft-touch-womens-t-shirt-rosa-fucsia.jpg;False;1
district-r-women-s-very-important-tee-r-with-full-front-print;negro;/media/product_images/ropa_y_bolsos/polos/district-r-women-s-very-important-tee-r-with-full-front-print-negro.jpg;True;0
district-r-women-s-very-important-tee-r-with-full-front-print;azul-real;/media/product_images/ropa_y_bolsos/polos/district-r-women-s-very-important-tee-r-with-full-front-print-azul-real.jpg;False;1
district-r-women-s-very-important-tee-r-with-full-front-print;morado;/media/product_images/ropa_y_bolsos/polos/district-r-women-s-very-important-tee-r-with-full-front-print-morado.jpg;False;1
district-r-women-s-very-important-tee-r-with-full-front-print;carbon;/media/product_images/ropa_y_bolsos/polos/district-r-women-s-very-important-tee-r-with-full-front-print-carbon.jpg;False;1
district-r-women-s-very-important-tee-r-with-full-front-print;azul-marino;/media/product_images/ropa_y_bolsos/polos/district-r-women-s-very-important-tee-r-with-full-front-print-azul-marino.jpg;False;1
district-r-women-s-very-important-tee-r-with-full-front-print;gris;/media/product_images/ropa_y_bolsos/polos/district-r-women-s-very-important-tee-r-with-full-front-print-gris.jpg;False;1
hanes-r-essential-unisex-t-shirt;naranja;/media/product_images/ropa_y_bolsos/polos/hanes-r-essential-unisex-t-shirt-naranja.jpg;True;0
hanes-r-essential-unisex-t-shirt;azul-real;/media/product_images/ropa_y_bolsos/polos/hanes-r-essential-unisex-t-shirt-azul-real.jpg;False;1
hanes-r-essential-unisex-t-shirt;deep-forest;/media/product_images/ropa_y_bolsos/polos/hanes-r-essential-unisex-t-shirt-deep-forest.jpg;False;1
hanes-r-essential-unisex-t-shirt;morado;/media/product_images/ropa_y_bolsos/polos/hanes-r-essential-unisex-t-shirt-morado.jpg;False;1
hanes-r-essential-unisex-t-shirt;azul-marino;/media/product_images/ropa_y_bolsos/polos/hanes-r-essential-unisex-t-shirt-azul-marino.jpg;False;1
hanes-r-essential-unisex-t-shirt;light-steel;/media/product_images/ropa_y_bolsos/polos/hanes-r-essential-unisex-t-shirt-light-steel.jpg;False;1
hanes-r-essential-unisex-t-shirt;gris;/media/product_images/ropa_y_bolsos/polos/hanes-r-essential-unisex-t-shirt-gris.jpg;False;1
hanes-r-essential-unisex-t-shirt;negro;/media/product_images/ropa_y_bolsos/polos/hanes-r-essential-unisex-t-shirt-negro.jpg;False;1
port-company-r-performance-tee;negro;/media/product_images/ropa_y_bolsos/polos/port-company-r-performance-tee-negro.jpg;True;0
port-company-r-performance-tee;azul-real;/media/product_images/ropa_y_bolsos/polos/port-company-r-performance-tee-azul-real.jpg;False;1
port-company-r-performance-tee;azul-real-verdadero;/media/product_images/ropa_y_bolsos/polos/port-company-r-performance-tee-azul-real-verdadero.jpg;False;1
port-company-r-performance-tee;morado-equipo;/media/product_images/ropa_y_bolsos/polos/port-company-r-performance-tee-morado-equipo.jpg;False;1
port-company-r-performance-tee;gris;/media/product_images/ropa_y_bolsos/polos/port-company-r-performance-tee-gris.jpg;False;1
port-company-r-performance-tee;azul-carolina;/media/product_images/ropa_y_bolsos/polos/port-company-r-performance-tee-azul-carolina.jpg;False;1
port-company-r-performance-tee;amarillo;/media/product_images/ropa_y_bolsos/polos/port-company-r-performance-tee-amarillo.jpg;False;1
port-company-r-performance-tee;rosa;/media/product_images/ropa_y_bolsos/polos/port-company-r-performance-tee-rosa.jpg;False;1
district-r-women-s-v-i-t-tm-gathered-back-tank-with-full-front-print;rojo;/media/product_images/ropa_y_bolsos/polos/district-r-women-s-v-i-t-tm-gathered-back-tank-with-full-front-print-rojo.jpg;True;0
district-r-women-s-v-i-t-tm-gathered-back-tank-with-full-front-print;blanco;/media/product_images/ropa_y_bolsos/polos/district-r-women-s-v-i-t-tm-gathered-back-tank-with-full-front-print-blanco.jpg;False;1
district-r-women-s-v-i-t-tm-gathered-back-tank-with-full-front-print;azul-marino;/media/product_images/ropa_y_bolsos/polos/district-r-women-s-v-i-t-tm-gathered-back-tank-with-full-front-print-azul-marino.jpg;False;1
district-r-women-s-v-i-t-tm-gathered-back-tank-with-full-front-print;azul-real;/media/product_images/ropa_y_bolsos/polos/district-r-women-s-v-i-t-tm-gathered-back-tank-with-full-front-print-azul-real.jpg;False;1
district-r-women-s-v-i-t-tm-gathered-back-tank-with-full-front-print;gris;/media/product_images/ropa_y_bolsos/polos/district-r-women-s-v-i-t-tm-gathered-back-tank-with-full-front-print-gris.jpg;False;1
district-r-women-s-v-i-t-tm-gathered-back-tank-with-full-front-print;negro;/media/product_images/ropa_y_bolsos/polos/district-r-women-s-v-i-t-tm-gathered-back-tank-with-full-front-print-negro.jpg;False;1
district-r-women-s-v-i-t-tm-gathered-back-tank-with-full-front-print;carbon;/media/product_images/ropa_y_bolsos/polos/district-r-women-s-v-i-t-tm-gathered-back-tank-with-full-front-print-carbon.jpg;False;1
district-r-women-s-very-important-tee-r-v-neck-with-left-chest-and-back-print;blanco;/media/product_images/ropa_y_bolsos/polos/district-r-women-s-very-important-tee-r-v-neck-with-left-chest-and-back-print-blanco.jpg;True;0
district-r-women-s-very-important-tee-r-v-neck-with-left-chest-and-back-print;azul-real;/media/product_images/ropa_y_bolsos/polos/district-r-women-s-very-important-tee-r-v-neck-with-left-chest-and-back-print-azul-real.jpg;False;1
district-r-women-s-very-important-tee-r-v-neck-with-left-chest-and-back-print;gris;/media/product_images/ropa_y_bolsos/polos/district-r-women-s-very-important-tee-r-v-neck-with-left-chest-and-back-print-gris.jpg;False;1
district-r-women-s-very-important-tee-r-v-neck-with-left-chest-and-back-print;azul-marino;/media/product_images/ropa_y_bolsos/polos/district-r-women-s-very-important-tee-r-v-neck-with-left-chest-and-back-print-azul-marino.jpg;False;1
district-r-women-s-very-important-tee-r-v-neck-with-left-chest-and-back-print;carbon;/media/product_images/ropa_y_bolsos/polos/district-r-women-s-very-important-tee-r-v-neck-with-left-chest-and-back-print-carbon.jpg;False;1
district-r-women-s-very-important-tee-r-v-neck-with-left-chest-and-back-print;fuchsia-frost;/media/product_images/ropa_y_bolsos/polos/district-r-women-s-very-important-tee-r-v-neck-with-left-chest-and-back-print-fuchsia-frost.jpg;False;1
district-r-youth-very-important-tee-r-with-full-front-print-and-back;negro;/media/product_images/ropa_y_bolsos/polos/district-r-youth-very-important-tee-r-with-full-front-print-and-back-negro.jpg;True;0
district-r-youth-very-important-tee-r-with-full-front-print-and-back;azul-real;/media/product_images/ropa_y_bolsos/polos/district-r-youth-very-important-tee-r-with-full-front-print-and-back-azul-real.jpg;False;1
district-r-youth-very-important-tee-r-with-full-front-print-and-back;rojo;/media/product_images/ropa_y_bolsos/polos/district-r-youth-very-important-tee-r-with-full-front-print-and-back-rojo.jpg;False;1
district-r-youth-very-important-tee-r-with-full-front-print-and-back;azul-marino;/media/product_images/ropa_y_bolsos/polos/district-r-youth-very-important-tee-r-with-full-front-print-and-back-azul-marino.jpg;False;1
district-r-youth-very-important-tee-r-with-full-front-print-and-back;gris;/media/product_images/ropa_y_bolsos/polos/district-r-youth-very-important-tee-r-with-full-front-print-and-back-gris.jpg;False;1
district-r-youth-very-important-tee-r-with-full-front-print-and-back;carbon;/media/product_images/ropa_y_bolsos/polos/district-r-youth-very-important-tee-r-with-full-front-print-and-back-carbon.jpg;False;1
district-r-very-important-tee-r-with-full-front-and-back-print;morado;/media/product_images/ropa_y_bolsos/polos/district-r-very-important-tee-r-with-full-front-and-back-print-morado.jpg;True;0
district-r-very-important-tee-r-with-full-front-and-back-print;verde;/media/product_images/ropa_y_bolsos/polos/district-r-very-important-tee-r-with-full-front-and-back-print-verde.jpg;False;1
district-r-very-important-tee-r-with-full-front-and-back-print;azul-marino;/media/product_images/ropa_y_bolsos/polos/district-r-very-important-tee-r-with-full-front-and-back-print-azul-marino.jpg;False;1
district-r-very-important-tee-r-with-full-front-and-back-print;gris;/media/product_images/ropa_y_bolsos/polos/district-r-very-important-tee-r-with-full-front-and-back-print-gris.jpg;False;1
district-r-very-important-tee-r-with-full-front-and-back-print;rojo;/media/product_images/ropa_y_bolsos/polos/district-r-very-important-tee-r-with-full-front-and-back-print-rojo.jpg;False;1
district-r-very-important-tee-r-with-full-front-and-back-print;azul-real;/media/product_images/ropa_y_bolsos/polos/district-r-very-important-tee-r-with-full-front-and-back-print-azul-real.jpg;False;1
district-r-very-important-tee-r-with-full-front-and-back-print;negro;/media/product_images/ropa_y_bolsos/polos/district-r-very-important-tee-r-with-full-front-and-back-print-negro.jpg;False;1
next-level-triblend-short-sleeve-crew;azul;/media/product_images/ropa_y_bolsos/polos/next-level-triblend-short-sleeve-crew-azul.jpg;True;0
next-level-triblend-short-sleeve-crew;vintage-turquoise;/media/product_images/ropa_y_bolsos/polos/next-level-triblend-short-sleeve-crew-vintage-turquoise.jpg;False;1
next-level-triblend-short-sleeve-crew;azul-real;/media/product_images/ropa_y_bolsos/polos/next-level-triblend-short-sleeve-crew-azul-real.jpg;False;1
next-level-triblend-short-sleeve-crew;rojo;/media/product_images/ropa_y_bolsos/polos/next-level-triblend-short-sleeve-crew-rojo.jpg;False;1
next-level-triblend-short-sleeve-crew;indigo;/media/product_images/ropa_y_bolsos/polos/next-level-triblend-short-sleeve-crew-indigo.jpg;False;1
next-level-triblend-short-sleeve-crew;morado;/media/product_images/ropa_y_bolsos/polos/next-level-triblend-short-sleeve-crew-morado.jpg;False;1
next-level-triblend-short-sleeve-crew;azul-marino;/media/product_images/ropa_y_bolsos/polos/next-level-triblend-short-sleeve-crew-azul-marino.jpg;False;1
district-r-women-s-very-important-tee-r-v-neck-with-left-chest-print-and-back-printing;negro;/media/product_images/ropa_y_bolsos/polos/district-r-women-s-very-important-tee-r-v-neck-with-left-chest-print-and-back-printing-negro.jpg;True;0
district-r-women-s-very-important-tee-r-v-neck-with-left-chest-print-and-back-printing;azul-real;/media/product_images/ropa_y_bolsos/polos/district-r-women-s-very-important-tee-r-v-neck-with-left-chest-print-and-back-printing-azul-real.jpg;False;1
district-r-women-s-very-important-tee-r-v-neck-with-left-chest-print-and-back-printing;rojo;/media/product_images/ropa_y_bolsos/polos/district-r-women-s-very-important-tee-r-v-neck-with-left-chest-print-and-back-printing-rojo.jpg;False;1
district-r-women-s-very-important-tee-r-v-neck-with-left-chest-print-and-back-printing;carbon;/media/product_images/ropa_y_bolsos/polos/district-r-women-s-very-important-tee-r-v-neck-with-left-chest-print-and-back-printing-carbon.jpg;False;1
district-r-women-s-very-important-tee-r-v-neck-with-left-chest-print-and-back-printing;gris;/media/product_images/ropa_y_bolsos/polos/district-r-women-s-very-important-tee-r-v-neck-with-left-chest-print-and-back-printing-gris.jpg;False;1
district-r-women-s-very-important-tee-r-v-neck-with-left-chest-print-and-back-printing;azul-marino;/media/product_images/ropa_y_bolsos/polos/district-r-women-s-very-important-tee-r-v-neck-with-left-chest-print-and-back-printing-azul-marino.jpg;False;1
district-r-women-s-very-important-tee-r-v-neck-with-left-chest-print-and-back-printing;fuchsia-frost;/media/product_images/ropa_y_bolsos/polos/district-r-women-s-very-important-tee-r-v-neck-with-left-chest-print-and-back-printing-fuchsia-frost.jpg;False;1
gildan-r-heavy-cotton-tm-youth-t-shirt;arena;/media/product_images/ropa_y_bolsos/polos/gildan-r-heavy-cotton-tm-youth-t-shirt-arena.jpg;True;0
gildan-r-heavy-cotton-tm-youth-t-shirt;amarillo;/media/product_images/ropa_y_bolsos/polos/gildan-r-heavy-cotton-tm-youth-t-shirt-amarillo.jpg;False;1
gildan-r-heavy-cotton-tm-youth-t-shirt;margarita;/media/product_images/ropa_y_bolsos/polos/gildan-r-heavy-cotton-tm-youth-t-shirt-margarita.jpg;False;1
gildan-r-heavy-cotton-tm-youth-t-shirt;cardenal;/media/product_images/ropa_y_bolsos/polos/gildan-r-heavy-cotton-tm-youth-t-shirt-cardenal.jpg;False;1
gildan-r-heavy-cotton-tm-youth-t-shirt;violeta;/media/product_images/ropa_y_bolsos/polos/gildan-r-heavy-cotton-tm-youth-t-shirt-violeta.jpg;False;1
gildan-r-heavy-cotton-tm-youth-t-shirt;verde;/media/product_images/ropa_y_bolsos/polos/gildan-r-heavy-cotton-tm-youth-t-shirt-verde.jpg;False;1
gildan-r-heavy-cotton-tm-youth-t-shirt;verde-irlandes;/media/product_images/ropa_y_bolsos/polos/gildan-r-heavy-cotton-tm-youth-t-shirt-verde-irlandes.jpg;False;1
gildan-r-heavy-cotton-tm-youth-t-shirt;azalea;/media/product_images/ropa_y_bolsos/polos/gildan-r-heavy-cotton-tm-youth-t-shirt-azalea.jpg;False;1
tultex-unisex-poly-rich-t-shirt;heather-peach;/media/product_images/ropa_y_bolsos/polos/tultex-unisex-poly-rich-t-shirt-heather-peach.jpg;True;0
tultex-unisex-poly-rich-t-shirt;azul-marino-jaspeado;/media/product_images/ropa_y_bolsos/polos/tultex-unisex-poly-rich-t-shirt-azul-marino-jaspeado.jpg;False;1
tultex-unisex-poly-rich-t-shirt;negro;/media/product_images/ropa_y_bolsos/polos/tultex-unisex-poly-rich-t-shirt-negro.jpg;False;1
tultex-unisex-poly-rich-t-shirt;azul;/media/product_images/ropa_y_bolsos/polos/tultex-unisex-poly-rich-t-shirt-azul.jpg;False;1
tultex-unisex-poly-rich-t-shirt;verde;/media/product_images/ropa_y_bolsos/polos/tultex-unisex-poly-rich-t-shirt-verde.jpg;False;1
tultex-unisex-poly-rich-t-shirt;rojo;/media/product_images/ropa_y_bolsos/polos/tultex-unisex-poly-rich-t-shirt-rojo.jpg;False;1
tultex-unisex-poly-rich-t-shirt;naranja;/media/product_images/ropa_y_bolsos/polos/tultex-unisex-poly-rich-t-shirt-naranja.jpg;False;1
tultex-unisex-poly-rich-t-shirt;azul-marino;/media/product_images/ropa_y_bolsos/polos/tultex-unisex-poly-rich-t-shirt-azul-marino.jpg;False;1
jerzees-r-dri-power-r-active-unisex-t-shirt;rosa;/media/product_images/ropa_y_bolsos/polos/jerzees-r-dri-power-r-active-unisex-t-shirt-rosa.jpg;True;0
jerzees-r-dri-power-r-active-unisex-t-shirt;rojo;/media/product_images/ropa_y_bolsos/polos/jerzees-r-dri-power-r-active-unisex-t-shirt-rojo.jpg;False;1
jerzees-r-dri-power-r-active-unisex-t-shirt;azul-claro;/media/product_images/ropa_y_bolsos/polos/jerzees-r-dri-power-r-active-unisex-t-shirt-azul-claro.jpg;False;1
jerzees-r-dri-power-r-active-unisex-t-shirt;blanco;/media/product_images/ropa_y_bolsos/polos/jerzees-r-dri-power-r-active-unisex-t-shirt-blanco.jpg;False;1
jerzees-r-dri-power-r-active-unisex-t-shirt;verde-militar;/media/product_images/ropa_y_bolsos/polos/jerzees-r-dri-power-r-active-unisex-t-shirt-verde-militar.jpg;False;1
jerzees-r-dri-power-r-active-unisex-t-shirt;verde;/media/product_images/ropa_y_bolsos/polos/jerzees-r-dri-power-r-active-unisex-t-shirt-verde.jpg;False;1
jerzees-r-dri-power-r-active-unisex-t-shirt;morado;/media/product_images/ropa_y_bolsos/polos/jerzees-r-dri-power-r-active-unisex-t-shirt-morado.jpg;False;1
district-r-v-i-t-tm-muscle-tank-with-full-front-and-back-print;negro;/media/product_images/ropa_y_bolsos/polos/district-r-v-i-t-tm-muscle-tank-with-full-front-and-back-print-negro.jpg;True;0
district-r-v-i-t-tm-muscle-tank-with-full-front-and-back-print;azul-real;/media/product_images/ropa_y_bolsos/polos/district-r-v-i-t-tm-muscle-tank-with-full-front-and-back-print-azul-real.jpg;False;1
district-r-v-i-t-tm-muscle-tank-with-full-front-and-back-print;gris;/media/product_images/ropa_y_bolsos/polos/district-r-v-i-t-tm-muscle-tank-with-full-front-and-back-print-gris.jpg;False;1
district-r-v-i-t-tm-muscle-tank-with-full-front-and-back-print;blanco;/media/product_images/ropa_y_bolsos/polos/district-r-v-i-t-tm-muscle-tank-with-full-front-and-back-print-blanco.jpg;False;1
port-company-r-fan-favorite-tm-unisex-t-shirt;negro;/media/product_images/ropa_y_bolsos/polos/port-company-r-fan-favorite-tm-unisex-t-shirt-negro.jpg;True;0
port-company-r-fan-favorite-tm-unisex-t-shirt;gris;/media/product_images/ropa_y_bolsos/polos/port-company-r-fan-favorite-tm-unisex-t-shirt-gris.jpg;False;1
port-company-r-fan-favorite-tm-unisex-t-shirt;granate;/media/product_images/ropa_y_bolsos/polos/port-company-r-fan-favorite-tm-unisex-t-shirt-granate.jpg;False;1
gildan-r-dryblend-tm-long-sleeve-t-shirt;negro;/media/product_images/ropa_y_bolsos/polos/gildan-r-dryblend-tm-long-sleeve-t-shirt-negro.jpg;True;0
gildan-r-dryblend-tm-long-sleeve-t-shirt;gris-deportivo;/media/product_images/ropa_y_bolsos/polos/gildan-r-dryblend-tm-long-sleeve-t-shirt-gris-deportivo.jpg;False;1
gildan-r-dryblend-tm-long-sleeve-t-shirt;azul-real;/media/product_images/ropa_y_bolsos/polos/gildan-r-dryblend-tm-long-sleeve-t-shirt-azul-real.jpg;False;1
gildan-r-dryblend-tm-long-sleeve-t-shirt;naranja;/media/product_images/ropa_y_bolsos/polos/gildan-r-dryblend-tm-long-sleeve-t-shirt-naranja.jpg;False;1
gildan-r-dryblend-tm-long-sleeve-t-shirt;azul-marino;/media/product_images/ropa_y_bolsos/polos/gildan-r-dryblend-tm-long-sleeve-t-shirt-azul-marino.jpg;False;1
gildan-r-dryblend-tm-long-sleeve-t-shirt;verde-bosque;/media/product_images/ropa_y_bolsos/polos/gildan-r-dryblend-tm-long-sleeve-t-shirt-verde-bosque.jpg;False;1
gildan-r-dryblend-tm-long-sleeve-t-shirt;rojo;/media/product_images/ropa_y_bolsos/polos/gildan-r-dryblend-tm-long-sleeve-t-shirt-rojo.jpg;False;1
gildan-r-dryblend-tm-long-sleeve-t-shirt;blanco;/media/product_images/ropa_y_bolsos/polos/gildan-r-dryblend-tm-long-sleeve-t-shirt-blanco.jpg;False;1
hanes-r-cool-dri-r-performance-t-shirt;azul-claro;/media/product_images/ropa_y_bolsos/polos/hanes-r-cool-dri-r-performance-t-shirt-azul-claro.jpg;True;0
hanes-r-cool-dri-r-performance-t-shirt;negro;/media/product_images/ropa_y_bolsos/polos/hanes-r-cool-dri-r-performance-t-shirt-negro.jpg;False;1
hanes-r-cool-dri-r-performance-t-shirt;rojo;/media/product_images/ropa_y_bolsos/polos/hanes-r-cool-dri-r-performance-t-shirt-rojo.jpg;False;1
hanes-r-cool-dri-r-performance-t-shirt;blanco;/media/product_images/ropa_y_bolsos/polos/hanes-r-cool-dri-r-performance-t-shirt-blanco.jpg;False;1
hanes-r-cool-dri-r-performance-t-shirt;graphite;/media/product_images/ropa_y_bolsos/polos/hanes-r-cool-dri-r-performance-t-shirt-graphite.jpg;False;1
hanes-r-cool-dri-r-performance-t-shirt;azul-marino;/media/product_images/ropa_y_bolsos/polos/hanes-r-cool-dri-r-performance-t-shirt-azul-marino.jpg;False;1
port-company-r-men-s-core-cotton-t-shirt-screenprint;verde-azulado;/media/product_images/ropa_y_bolsos/polos/port-company-r-men-s-core-cotton-t-shirt-screenprint-verde-azulado.jpg;True;0
port-company-r-men-s-core-cotton-t-shirt-screenprint;cardenal;/media/product_images/ropa_y_bolsos/polos/port-company-r-men-s-core-cotton-t-shirt-screenprint-cardenal.jpg;False;1
port-company-r-men-s-core-cotton-t-shirt-screenprint;kelly;/media/product_images/ropa_y_bolsos/polos/port-company-r-men-s-core-cotton-t-shirt-screenprint-kelly.jpg;False;1
port-company-r-men-s-core-cotton-t-shirt-screenprint;verde-oscuro;/media/product_images/ropa_y_bolsos/polos/port-company-r-men-s-core-cotton-t-shirt-screenprint-verde-oscuro.jpg;False;1
port-company-r-men-s-core-cotton-t-shirt-screenprint;sangria;/media/product_images/ropa_y_bolsos/polos/port-company-r-men-s-core-cotton-t-shirt-screenprint-sangria.jpg;False;1
port-company-r-men-s-core-cotton-t-shirt-screenprint;azul-claro;/media/product_images/ropa_y_bolsos/polos/port-company-r-men-s-core-cotton-t-shirt-screenprint-azul-claro.jpg;False;1
port-company-r-men-s-core-cotton-t-shirt-screenprint;amarillo;/media/product_images/ropa_y_bolsos/polos/port-company-r-men-s-core-cotton-t-shirt-screenprint-amarillo.jpg;False;1
port-company-r-men-s-core-cotton-t-shirt-screenprint;heather-sangria;/media/product_images/ropa_y_bolsos/polos/port-company-r-men-s-core-cotton-t-shirt-screenprint-heather-sangria.jpg;False;1
port-company-r-ladies-fan-favorite-tee;naranja;/media/product_images/ropa_y_bolsos/polos/port-company-r-ladies-fan-favorite-tee-naranja.jpg;True;0
port-company-r-ladies-fan-favorite-tee;blanco;/media/product_images/ropa_y_bolsos/polos/port-company-r-ladies-fan-favorite-tee-blanco.jpg;False;1
port-company-r-ladies-fan-favorite-tee;azul-marino;/media/product_images/ropa_y_bolsos/polos/port-company-r-ladies-fan-favorite-tee-azul-marino.jpg;False;1
port-company-r-ladies-fan-favorite-tee;morado-equipo;/media/product_images/ropa_y_bolsos/polos/port-company-r-ladies-fan-favorite-tee-morado-equipo.jpg;False;1
port-company-r-ladies-fan-favorite-tee;rojo;/media/product_images/ropa_y_bolsos/polos/port-company-r-ladies-fan-favorite-tee-rojo.jpg;False;1
port-company-r-ladies-fan-favorite-tee;azul-real-verdadero;/media/product_images/ropa_y_bolsos/polos/port-company-r-ladies-fan-favorite-tee-azul-real-verdadero.jpg;False;1
port-company-r-ladies-fan-favorite-tee;rosa;/media/product_images/ropa_y_bolsos/polos/port-company-r-ladies-fan-favorite-tee-rosa.jpg;False;1
port-company-r-ladies-fan-favorite-tee;verde-bosque;/media/product_images/ropa_y_bolsos/polos/port-company-r-ladies-fan-favorite-tee-verde-bosque.jpg;False;1
elevate-men-s-omi-short-sleeve-tech-t-shirt;blanco;/media/product_images/ropa_y_bolsos/polos/elevate-men-s-omi-short-sleeve-tech-t-shirt-blanco.jpg;True;0
elevate-men-s-omi-short-sleeve-tech-t-shirt;negro;/media/product_images/ropa_y_bolsos/polos/elevate-men-s-omi-short-sleeve-tech-t-shirt-negro.jpg;False;1
elevate-men-s-omi-short-sleeve-tech-t-shirt;gris;/media/product_images/ropa_y_bolsos/polos/elevate-men-s-omi-short-sleeve-tech-t-shirt-gris.jpg;False;1
elevate-men-s-omi-short-sleeve-tech-t-shirt;azul-marino;/media/product_images/ropa_y_bolsos/polos/elevate-men-s-omi-short-sleeve-tech-t-shirt-azul-marino.jpg;False;1
elevate-men-s-omi-short-sleeve-tech-t-shirt;azul-real;/media/product_images/ropa_y_bolsos/polos/elevate-men-s-omi-short-sleeve-tech-t-shirt-azul-real.jpg;False;1
elevate-men-s-omi-short-sleeve-tech-t-shirt;naranja;/media/product_images/ropa_y_bolsos/polos/elevate-men-s-omi-short-sleeve-tech-t-shirt-naranja.jpg;False;1
elevate-men-s-omi-short-sleeve-tech-t-shirt;rojo;/media/product_images/ropa_y_bolsos/polos/elevate-men-s-omi-short-sleeve-tech-t-shirt-rojo.jpg;False;1
elevate-men-s-omi-short-sleeve-tech-t-shirt;sky;/media/product_images/ropa_y_bolsos/polos/elevate-men-s-omi-short-sleeve-tech-t-shirt-sky.jpg;False;1
hanes-r-authentic-short-sleeve-t-shirt;rosa;/media/product_images/ropa_y_bolsos/polos/hanes-r-authentic-short-sleeve-t-shirt-rosa.jpg;True;0
hanes-r-authentic-short-sleeve-t-shirt;naranja;/media/product_images/ropa_y_bolsos/polos/hanes-r-authentic-short-sleeve-t-shirt-naranja.jpg;False;1
hanes-r-authentic-short-sleeve-t-shirt;gris;/media/product_images/ropa_y_bolsos/polos/hanes-r-authentic-short-sleeve-t-shirt-gris.jpg;False;1
hanes-r-authentic-short-sleeve-t-shirt;rojo;/media/product_images/ropa_y_bolsos/polos/hanes-r-authentic-short-sleeve-t-shirt-rojo.jpg;False;1
hanes-r-authentic-short-sleeve-t-shirt;azul-claro;/media/product_images/ropa_y_bolsos/polos/hanes-r-authentic-short-sleeve-t-shirt-azul-claro.jpg;False;1
hanes-r-authentic-short-sleeve-t-shirt;verde-kelly;/media/product_images/ropa_y_bolsos/polos/hanes-r-authentic-short-sleeve-t-shirt-verde-kelly.jpg;False;1
hanes-r-authentic-short-sleeve-t-shirt;morado;/media/product_images/ropa_y_bolsos/polos/hanes-r-authentic-short-sleeve-t-shirt-morado.jpg;False;1
gildan-r-ultra-cotton-tm-long-sleeve-t-shirt;azul-real;/media/product_images/ropa_y_bolsos/polos/gildan-r-ultra-cotton-tm-long-sleeve-t-shirt-azul-real.jpg;True;0
gildan-r-ultra-cotton-tm-long-sleeve-t-shirt;naranja;/media/product_images/ropa_y_bolsos/polos/gildan-r-ultra-cotton-tm-long-sleeve-t-shirt-naranja.jpg;False;1
gildan-r-ultra-cotton-tm-long-sleeve-t-shirt;morado;/media/product_images/ropa_y_bolsos/polos/gildan-r-ultra-cotton-tm-long-sleeve-t-shirt-morado.jpg;False;1
gildan-r-ultra-cotton-tm-long-sleeve-t-shirt;gris-deportivo;/media/product_images/ropa_y_bolsos/polos/gildan-r-ultra-cotton-tm-long-sleeve-t-shirt-gris-deportivo.jpg;False;1
gildan-r-ultra-cotton-tm-long-sleeve-t-shirt;azul;/media/product_images/ropa_y_bolsos/polos/gildan-r-ultra-cotton-tm-long-sleeve-t-shirt-azul.jpg;False;1
gildan-r-ultra-cotton-tm-long-sleeve-t-shirt;carbon;/media/product_images/ropa_y_bolsos/polos/gildan-r-ultra-cotton-tm-long-sleeve-t-shirt-carbon.jpg;False;1
gildan-r-ultra-cotton-tm-long-sleeve-t-shirt;verde-militar;/media/product_images/ropa_y_bolsos/polos/gildan-r-ultra-cotton-tm-long-sleeve-t-shirt-verde-militar.jpg;False;1
district-r-very-important-tee-r-long-sleeve-with-full-front-and-back-print;gris;/media/product_images/ropa_y_bolsos/polos/district-r-very-important-tee-r-long-sleeve-with-full-front-and-back-print-gris.jpg;True;0
district-r-very-important-tee-r-long-sleeve-with-full-front-and-back-print;negro;/media/product_images/ropa_y_bolsos/polos/district-r-very-important-tee-r-long-sleeve-with-full-front-and-back-print-negro.jpg;False;1
district-r-very-important-tee-r-long-sleeve-with-full-front-and-back-print;carbon;/media/product_images/ropa_y_bolsos/polos/district-r-very-important-tee-r-long-sleeve-with-full-front-and-back-print-carbon.jpg;False;1
district-r-very-important-tee-r-long-sleeve-with-full-front-and-back-print;azul-marino;/media/product_images/ropa_y_bolsos/polos/district-r-very-important-tee-r-long-sleeve-with-full-front-and-back-print-azul-marino.jpg;False;1
district-r-very-important-tee-r-long-sleeve-with-full-front-and-back-print;blanco;/media/product_images/ropa_y_bolsos/polos/district-r-very-important-tee-r-long-sleeve-with-full-front-and-back-print-blanco.jpg;False;1
district-r-very-important-tee-r-with-full-front-print-and-back-printing;azul-marino;/media/product_images/ropa_y_bolsos/polos/district-r-very-important-tee-r-with-full-front-print-and-back-printing-azul-marino.jpg;True;0
district-r-very-important-tee-r-with-full-front-print-and-back-printing;azul-real;/media/product_images/ropa_y_bolsos/polos/district-r-very-important-tee-r-with-full-front-print-and-back-printing-azul-real.jpg;False;1
district-r-very-important-tee-r-with-full-front-print-and-back-printing;rojo;/media/product_images/ropa_y_bolsos/polos/district-r-very-important-tee-r-with-full-front-print-and-back-printing-rojo.jpg;False;1
district-r-very-important-tee-r-with-full-front-print-and-back-printing;morado;/media/product_images/ropa_y_bolsos/polos/district-r-very-important-tee-r-with-full-front-print-and-back-printing-morado.jpg;False;1
district-r-very-important-tee-r-with-full-front-print-and-back-printing;negro;/media/product_images/ropa_y_bolsos/polos/district-r-very-important-tee-r-with-full-front-print-and-back-printing-negro.jpg;False;1
district-r-women-s-very-important-tee-r-long-sleeve-v-neck-with-left-chest-print-and-back-printing;gris;/media/product_images/ropa_y_bolsos/polos/district-r-women-s-very-important-tee-r-long-sleeve-v-neck-with-left-chest-print-and-back-printing-gris.jpg;True;0
district-r-women-s-very-important-tee-r-long-sleeve-v-neck-with-left-chest-print-and-back-printing;azul-marino;/media/product_images/ropa_y_bolsos/polos/district-r-women-s-very-important-tee-r-long-sleeve-v-neck-with-left-chest-print-and-back-printing-azul-marino.jpg;False;1
district-r-women-s-very-important-tee-r-long-sleeve-v-neck-with-left-chest-print-and-back-printing;carbon;/media/product_images/ropa_y_bolsos/polos/district-r-women-s-very-important-tee-r-long-sleeve-v-neck-with-left-chest-print-and-back-printing-carbon.jpg;False;1
district-r-women-s-very-important-tee-r-long-sleeve-v-neck-with-left-chest-print-and-back-printing;negro;/media/product_images/ropa_y_bolsos/polos/district-r-women-s-very-important-tee-r-long-sleeve-v-neck-with-left-chest-print-and-back-printing-negro.jpg;False;1
district-r-women-s-very-important-tee-r-long-sleeve-v-neck-with-left-chest-print-and-back-printing;blanco;/media/product_images/ropa_y_bolsos/polos/district-r-women-s-very-important-tee-r-long-sleeve-v-neck-with-left-chest-print-and-back-printing-blanco.jpg;False;1
district-r-very-important-tee-r-v-neck-with-full-front-and-back-print;negro;/media/product_images/ropa_y_bolsos/polos/district-r-very-important-tee-r-v-neck-with-full-front-and-back-print-negro.jpg;True;0
district-r-very-important-tee-r-v-neck-with-full-front-and-back-print;azul-marino;/media/product_images/ropa_y_bolsos/polos/district-r-very-important-tee-r-v-neck-with-full-front-and-back-print-azul-marino.jpg;False;1
district-r-very-important-tee-r-v-neck-with-full-front-and-back-print;azul-real;/media/product_images/ropa_y_bolsos/polos/district-r-very-important-tee-r-v-neck-with-full-front-and-back-print-azul-real.jpg;False;1
district-r-very-important-tee-r-v-neck-with-full-front-and-back-print;gris;/media/product_images/ropa_y_bolsos/polos/district-r-very-important-tee-r-v-neck-with-full-front-and-back-print-gris.jpg;False;1
district-r-very-important-tee-r-v-neck-with-full-front-and-back-print;carbon;/media/product_images/ropa_y_bolsos/polos/district-r-very-important-tee-r-v-neck-with-full-front-and-back-print-carbon.jpg;False;1
district-r-very-important-tee-r-v-neck-with-full-front-and-back-print;blanco;/media/product_images/ropa_y_bolsos/polos/district-r-very-important-tee-r-v-neck-with-full-front-and-back-print-blanco.jpg;False;1
district-r-very-important-tee-r-v-neck-with-full-front-and-back-print;rojo;/media/product_images/ropa_y_bolsos/polos/district-r-very-important-tee-r-v-neck-with-full-front-and-back-print-rojo.jpg;False;1
gildan-r-performance-long-sleeve-shirt;verde;/media/product_images/ropa_y_bolsos/polos/gildan-r-performance-long-sleeve-shirt-verde.jpg;True;0
gildan-r-performance-long-sleeve-shirt;blanco;/media/product_images/ropa_y_bolsos/polos/gildan-r-performance-long-sleeve-shirt-blanco.jpg;False;1
gildan-r-performance-long-sleeve-shirt;azul-real;/media/product_images/ropa_y_bolsos/polos/gildan-r-performance-long-sleeve-shirt-azul-real.jpg;False;1
gildan-r-performance-long-sleeve-shirt;azul-marino;/media/product_images/ropa_y_bolsos/polos/gildan-r-performance-long-sleeve-shirt-azul-marino.jpg;False;1
gildan-r-performance-long-sleeve-shirt;carbon;/media/product_images/ropa_y_bolsos/polos/gildan-r-performance-long-sleeve-shirt-carbon.jpg;False;1
gildan-r-performance-long-sleeve-shirt;negro;/media/product_images/ropa_y_bolsos/polos/gildan-r-performance-long-sleeve-shirt-negro.jpg;False;1
gildan-r-performance-long-sleeve-shirt;naranja;/media/product_images/ropa_y_bolsos/polos/gildan-r-performance-long-sleeve-shirt-naranja.jpg;False;1
gildan-r-performance-long-sleeve-shirt;morado;/media/product_images/ropa_y_bolsos/polos/gildan-r-performance-long-sleeve-shirt-morado.jpg;False;1
gildan-r-heavy-cotton-women-s-t-shirt;negro;/media/product_images/ropa_y_bolsos/polos/gildan-r-heavy-cotton-women-s-t-shirt-negro.jpg;True;0
gildan-r-heavy-cotton-women-s-t-shirt;margarita;/media/product_images/ropa_y_bolsos/polos/gildan-r-heavy-cotton-women-s-t-shirt-margarita.jpg;False;1
gildan-r-heavy-cotton-women-s-t-shirt;coral-seda;/media/product_images/ropa_y_bolsos/polos/gildan-r-heavy-cotton-women-s-t-shirt-coral-seda.jpg;False;1
gildan-r-heavy-cotton-women-s-t-shirt;zafiro;/media/product_images/ropa_y_bolsos/polos/gildan-r-heavy-cotton-women-s-t-shirt-zafiro.jpg;False;1
gildan-r-heavy-cotton-women-s-t-shirt;azul;/media/product_images/ropa_y_bolsos/polos/gildan-r-heavy-cotton-women-s-t-shirt-azul.jpg;False;1
gildan-r-heavy-cotton-women-s-t-shirt;naranja;/media/product_images/ropa_y_bolsos/polos/gildan-r-heavy-cotton-women-s-t-shirt-naranja.jpg;False;1
gildan-r-heavy-cotton-women-s-t-shirt;rosa-claro;/media/product_images/ropa_y_bolsos/polos/gildan-r-heavy-cotton-women-s-t-shirt-rosa-claro.jpg;False;1
gildan-r-heavy-cotton-women-s-t-shirt;azul-claro;/media/product_images/ropa_y_bolsos/polos/gildan-r-heavy-cotton-women-s-t-shirt-azul-claro.jpg;False;1
district-r-v-i-t-tm-muscle-tank-with-left-chest-and-back-print;gris;/media/product_images/ropa_y_bolsos/polos/district-r-v-i-t-tm-muscle-tank-with-left-chest-and-back-print-gris.jpg;True;0
district-r-v-i-t-tm-muscle-tank-with-left-chest-and-back-print;negro;/media/product_images/ropa_y_bolsos/polos/district-r-v-i-t-tm-muscle-tank-with-left-chest-and-back-print-negro.jpg;False;1
district-r-v-i-t-tm-muscle-tank-with-left-chest-and-back-print;azul-real;/media/product_images/ropa_y_bolsos/polos/district-r-v-i-t-tm-muscle-tank-with-left-chest-and-back-print-azul-real.jpg;False;1
port-company-r-fan-favorite-tm-long-sleeve-t-shirt;azul-real-verdadero;/media/product_images/ropa_y_bolsos/polos/port-company-r-fan-favorite-tm-long-sleeve-t-shirt-azul-real-verdadero.jpg;True;0
port-company-r-fan-favorite-tm-long-sleeve-t-shirt;rojo;/media/product_images/ropa_y_bolsos/polos/port-company-r-fan-favorite-tm-long-sleeve-t-shirt-rojo.jpg;False;1
port-company-r-fan-favorite-tm-long-sleeve-t-shirt;cardenal;/media/product_images/ropa_y_bolsos/polos/port-company-r-fan-favorite-tm-long-sleeve-t-shirt-cardenal.jpg;False;1
port-company-r-fan-favorite-tm-long-sleeve-t-shirt;azul-marino;/media/product_images/ropa_y_bolsos/polos/port-company-r-fan-favorite-tm-long-sleeve-t-shirt-azul-marino.jpg;False;1
port-company-r-fan-favorite-tm-long-sleeve-t-shirt;carbon;/media/product_images/ropa_y_bolsos/polos/port-company-r-fan-favorite-tm-long-sleeve-t-shirt-carbon.jpg;False;1
port-company-r-fan-favorite-tm-long-sleeve-t-shirt;negro;/media/product_images/ropa_y_bolsos/polos/port-company-r-fan-favorite-tm-long-sleeve-t-shirt-negro.jpg;False;1
port-company-r-fan-favorite-tm-long-sleeve-t-shirt;verde-bosque;/media/product_images/ropa_y_bolsos/polos/port-company-r-fan-favorite-tm-long-sleeve-t-shirt-verde-bosque.jpg;False;1
port-company-r-fan-favorite-tm-long-sleeve-t-shirt;gris;/media/product_images/ropa_y_bolsos/polos/port-company-r-fan-favorite-tm-long-sleeve-t-shirt-gris.jpg;False;1
tultex-unisex-fine-jersey-tank-top;negro;/media/product_images/ropa_y_bolsos/polos/tultex-unisex-fine-jersey-tank-top-negro.jpg;True;0
tultex-unisex-fine-jersey-tank-top;azul-marino;/media/product_images/ropa_y_bolsos/polos/tultex-unisex-fine-jersey-tank-top-azul-marino.jpg;False;1
tultex-unisex-fine-jersey-tank-top;blanco;/media/product_images/ropa_y_bolsos/polos/tultex-unisex-fine-jersey-tank-top-blanco.jpg;False;1
tultex-unisex-fine-jersey-tank-top;rojo;/media/product_images/ropa_y_bolsos/polos/tultex-unisex-fine-jersey-tank-top-rojo.jpg;False;1
tultex-unisex-fine-jersey-tank-top;gris-jaspeado;/media/product_images/ropa_y_bolsos/polos/tultex-unisex-fine-jersey-tank-top-gris-jaspeado.jpg;False;1
district-r-very-important-tee-r-v-neck-with-left-chest-and-back-print;azul-marino;/media/product_images/ropa_y_bolsos/polos/district-r-very-important-tee-r-v-neck-with-left-chest-and-back-print-azul-marino.jpg;True;0
district-r-very-important-tee-r-v-neck-with-left-chest-and-back-print;negro;/media/product_images/ropa_y_bolsos/polos/district-r-very-important-tee-r-v-neck-with-left-chest-and-back-print-negro.jpg;False;1
district-r-very-important-tee-r-v-neck-with-left-chest-and-back-print;carbon;/media/product_images/ropa_y_bolsos/polos/district-r-very-important-tee-r-v-neck-with-left-chest-and-back-print-carbon.jpg;False;1
district-r-very-important-tee-r-v-neck-with-left-chest-and-back-print;gris;/media/product_images/ropa_y_bolsos/polos/district-r-very-important-tee-r-v-neck-with-left-chest-and-back-print-gris.jpg;False;1
district-r-very-important-tee-r-v-neck-with-left-chest-and-back-print;azul-real;/media/product_images/ropa_y_bolsos/polos/district-r-very-important-tee-r-v-neck-with-left-chest-and-back-print-azul-real.jpg;False;1
district-r-very-important-tee-r-v-neck-with-left-chest-and-back-print;blanco;/media/product_images/ropa_y_bolsos/polos/district-r-very-important-tee-r-v-neck-with-left-chest-and-back-print-blanco.jpg;False;1
district-r-very-important-tee-r-v-neck-with-left-chest-and-back-print;rojo;/media/product_images/ropa_y_bolsos/polos/district-r-very-important-tee-r-v-neck-with-left-chest-and-back-print-rojo.jpg;False;1
next-level-tm-women-s-ideal-racerback-tank;verde-kelly;/media/product_images/ropa_y_bolsos/polos/next-level-tm-women-s-ideal-racerback-tank-verde-kelly.jpg;True;0
next-level-tm-women-s-ideal-racerback-tank;azul;/media/product_images/ropa_y_bolsos/polos/next-level-tm-women-s-ideal-racerback-tank-azul.jpg;False;1
next-level-tm-women-s-ideal-racerback-tank;lila;/media/product_images/ropa_y_bolsos/polos/next-level-tm-women-s-ideal-racerback-tank-lila.jpg;False;1
next-level-tm-women-s-ideal-racerback-tank;rojo;/media/product_images/ropa_y_bolsos/polos/next-level-tm-women-s-ideal-racerback-tank-rojo.jpg;False;1
next-level-tm-women-s-ideal-racerback-tank;azul-real;/media/product_images/ropa_y_bolsos/polos/next-level-tm-women-s-ideal-racerback-tank-azul-real.jpg;False;1
next-level-tm-women-s-ideal-racerback-tank;cardenal;/media/product_images/ropa_y_bolsos/polos/next-level-tm-women-s-ideal-racerback-tank-cardenal.jpg;False;1
next-level-tm-women-s-ideal-racerback-tank;turquoise;/media/product_images/ropa_y_bolsos/polos/next-level-tm-women-s-ideal-racerback-tank-turquoise.jpg;False;1
next-level-tm-women-s-ideal-racerback-tank;gris;/media/product_images/ropa_y_bolsos/polos/next-level-tm-women-s-ideal-racerback-tank-gris.jpg;False;1
port-company-r-tri-blend-unisex-tee;negro;/media/product_images/ropa_y_bolsos/polos/port-company-r-tri-blend-unisex-tee-negro.jpg;True;0
port-company-r-tri-blend-unisex-tee;azul-real;/media/product_images/ropa_y_bolsos/polos/port-company-r-tri-blend-unisex-tee-azul-real.jpg;False;1
port-company-r-tri-blend-unisex-tee;naranja;/media/product_images/ropa_y_bolsos/polos/port-company-r-tri-blend-unisex-tee-naranja.jpg;False;1
port-company-r-tri-blend-unisex-tee;verde-azulado;/media/product_images/ropa_y_bolsos/polos/port-company-r-tri-blend-unisex-tee-verde-azulado.jpg;False;1
port-company-r-tri-blend-unisex-tee;verde;/media/product_images/ropa_y_bolsos/polos/port-company-r-tri-blend-unisex-tee-verde.jpg;False;1
port-company-r-tri-blend-unisex-tee;morado;/media/product_images/ropa_y_bolsos/polos/port-company-r-tri-blend-unisex-tee-morado.jpg;False;1
port-company-r-tri-blend-unisex-tee;marron;/media/product_images/ropa_y_bolsos/polos/port-company-r-tri-blend-unisex-tee-marron.jpg;False;1
district-r-youth-very-important-tee-r-with-full-front-and-back-print;azul-real;/media/product_images/ropa_y_bolsos/polos/district-r-youth-very-important-tee-r-with-full-front-and-back-print-azul-real.jpg;True;0
district-r-youth-very-important-tee-r-with-full-front-and-back-print;rojo;/media/product_images/ropa_y_bolsos/polos/district-r-youth-very-important-tee-r-with-full-front-and-back-print-rojo.jpg;False;1
district-r-youth-very-important-tee-r-with-full-front-and-back-print;gris;/media/product_images/ropa_y_bolsos/polos/district-r-youth-very-important-tee-r-with-full-front-and-back-print-gris.jpg;False;1
district-r-youth-very-important-tee-r-with-full-front-and-back-print;carbon;/media/product_images/ropa_y_bolsos/polos/district-r-youth-very-important-tee-r-with-full-front-and-back-print-carbon.jpg;False;1
district-r-youth-very-important-tee-r-with-full-front-and-back-print;negro;/media/product_images/ropa_y_bolsos/polos/district-r-youth-very-important-tee-r-with-full-front-and-back-print-negro.jpg;False;1
jerzees-r-dri-power-r-active-long-sleeve-t-shirt;negro;/media/product_images/ropa_y_bolsos/polos/jerzees-r-dri-power-r-active-long-sleeve-t-shirt-negro.jpg;True;0
jerzees-r-dri-power-r-active-long-sleeve-t-shirt;azul;/media/product_images/ropa_y_bolsos/polos/jerzees-r-dri-power-r-active-long-sleeve-t-shirt-azul.jpg;False;1
jerzees-r-dri-power-r-active-long-sleeve-t-shirt;rosa;/media/product_images/ropa_y_bolsos/polos/jerzees-r-dri-power-r-active-long-sleeve-t-shirt-rosa.jpg;False;1
jerzees-r-dri-power-r-active-long-sleeve-t-shirt;naranja;/media/product_images/ropa_y_bolsos/polos/jerzees-r-dri-power-r-active-long-sleeve-t-shirt-naranja.jpg;False;1
jerzees-r-dri-power-r-active-long-sleeve-t-shirt;azul-marino;/media/product_images/ropa_y_bolsos/polos/jerzees-r-dri-power-r-active-long-sleeve-t-shirt-azul-marino.jpg;False;1
jerzees-r-dri-power-r-active-long-sleeve-t-shirt;cardenal;/media/product_images/ropa_y_bolsos/polos/jerzees-r-dri-power-r-active-long-sleeve-t-shirt-cardenal.jpg;False;1
jerzees-r-dri-power-r-active-long-sleeve-t-shirt;arena;/media/product_images/ropa_y_bolsos/polos/jerzees-r-dri-power-r-active-long-sleeve-t-shirt-arena.jpg;False;1
district-r-very-important-tee-r-v-neck-with-full-front-print-and-back;azul-marino;/media/product_images/ropa_y_bolsos/polos/district-r-very-important-tee-r-v-neck-with-full-front-print-and-back-azul-marino.jpg;True;0
district-r-very-important-tee-r-v-neck-with-full-front-print-and-back;azul-real;/media/product_images/ropa_y_bolsos/polos/district-r-very-important-tee-r-v-neck-with-full-front-print-and-back-azul-real.jpg;False;1
district-r-very-important-tee-r-v-neck-with-full-front-print-and-back;negro;/media/product_images/ropa_y_bolsos/polos/district-r-very-important-tee-r-v-neck-with-full-front-print-and-back-negro.jpg;False;1
district-r-very-important-tee-r-v-neck-with-full-front-print-and-back;blanco;/media/product_images/ropa_y_bolsos/polos/district-r-very-important-tee-r-v-neck-with-full-front-print-and-back-blanco.jpg;False;1
district-r-very-important-tee-r-v-neck-with-full-front-print-and-back;carbon;/media/product_images/ropa_y_bolsos/polos/district-r-very-important-tee-r-v-neck-with-full-front-print-and-back-carbon.jpg;False;1
district-r-very-important-tee-r-v-neck-with-full-front-print-and-back;gris;/media/product_images/ropa_y_bolsos/polos/district-r-very-important-tee-r-v-neck-with-full-front-print-and-back-gris.jpg;False;1
district-r-women-s-v-i-t-tm-gathered-back-tank-with-left-chest-print;rojo;/media/product_images/ropa_y_bolsos/polos/district-r-women-s-v-i-t-tm-gathered-back-tank-with-left-chest-print-rojo.jpg;True;0
district-r-women-s-v-i-t-tm-gathered-back-tank-with-left-chest-print;azul-marino;/media/product_images/ropa_y_bolsos/polos/district-r-women-s-v-i-t-tm-gathered-back-tank-with-left-chest-print-azul-marino.jpg;False;1
district-r-women-s-v-i-t-tm-gathered-back-tank-with-left-chest-print;negro;/media/product_images/ropa_y_bolsos/polos/district-r-women-s-v-i-t-tm-gathered-back-tank-with-left-chest-print-negro.jpg;False;1
district-r-women-s-v-i-t-tm-gathered-back-tank-with-left-chest-print;azul-real;/media/product_images/ropa_y_bolsos/polos/district-r-women-s-v-i-t-tm-gathered-back-tank-with-left-chest-print-azul-real.jpg;False;1
district-r-women-s-v-i-t-tm-gathered-back-tank-with-left-chest-print;carbon;/media/product_images/ropa_y_bolsos/polos/district-r-women-s-v-i-t-tm-gathered-back-tank-with-left-chest-print-carbon.jpg;False;1
district-r-women-s-v-i-t-tm-gathered-back-tank-with-left-chest-print;blanco;/media/product_images/ropa_y_bolsos/polos/district-r-women-s-v-i-t-tm-gathered-back-tank-with-left-chest-print-blanco.jpg;False;1
district-r-women-s-v-i-t-tm-gathered-back-tank-with-left-chest-print;gris;/media/product_images/ropa_y_bolsos/polos/district-r-women-s-v-i-t-tm-gathered-back-tank-with-left-chest-print-gris.jpg;False;1
next-level-apparel-ladies-festival-cali-crop-t-shirt;negro;/media/product_images/ropa_y_bolsos/polos/next-level-apparel-ladies-festival-cali-crop-t-shirt-negro.jpg;True;0
next-level-apparel-ladies-festival-cali-crop-t-shirt;azul-real;/media/product_images/ropa_y_bolsos/polos/next-level-apparel-ladies-festival-cali-crop-t-shirt-azul-real.jpg;False;1
next-level-apparel-ladies-festival-cali-crop-t-shirt;rosa;/media/product_images/ropa_y_bolsos/polos/next-level-apparel-ladies-festival-cali-crop-t-shirt-rosa.jpg;False;1
next-level-apparel-ladies-festival-cali-crop-t-shirt;dorado;/media/product_images/ropa_y_bolsos/polos/next-level-apparel-ladies-festival-cali-crop-t-shirt-dorado.jpg;False;1
next-level-apparel-ladies-festival-cali-crop-t-shirt;smoked-paprika;/media/product_images/ropa_y_bolsos/polos/next-level-apparel-ladies-festival-cali-crop-t-shirt-smoked-paprika.jpg;False;1
next-level-apparel-ladies-festival-cali-crop-t-shirt;shiraz;/media/product_images/ropa_y_bolsos/polos/next-level-apparel-ladies-festival-cali-crop-t-shirt-shiraz.jpg;False;1
next-level-apparel-ladies-festival-cali-crop-t-shirt;ceniza;/media/product_images/ropa_y_bolsos/polos/next-level-apparel-ladies-festival-cali-crop-t-shirt-ceniza.jpg;False;1
next-level-apparel-ladies-festival-cali-crop-t-shirt;carbon;/media/product_images/ropa_y_bolsos/polos/next-level-apparel-ladies-festival-cali-crop-t-shirt-carbon.jpg;False;1
district-r-women-s-racerback-tank-top-heat-transfer;negro;/media/product_images/ropa_y_bolsos/polos/district-r-women-s-racerback-tank-top-heat-transfer-negro.jpg;True;0
district-r-women-s-racerback-tank-top-heat-transfer;turquoise-frost;/media/product_images/ropa_y_bolsos/polos/district-r-women-s-racerback-tank-top-heat-transfer-turquoise-frost.jpg;False;1
district-r-women-s-racerback-tank-top-heat-transfer;blanco;/media/product_images/ropa_y_bolsos/polos/district-r-women-s-racerback-tank-top-heat-transfer-blanco.jpg;False;1
district-r-women-s-racerback-tank-top-heat-transfer;rojo;/media/product_images/ropa_y_bolsos/polos/district-r-women-s-racerback-tank-top-heat-transfer-rojo.jpg;False;1
district-r-women-s-racerback-tank-top-heat-transfer;morado;/media/product_images/ropa_y_bolsos/polos/district-r-women-s-racerback-tank-top-heat-transfer-morado.jpg;False;1
district-r-women-s-racerback-tank-top-heat-transfer;fuchsia-frost;/media/product_images/ropa_y_bolsos/polos/district-r-women-s-racerback-tank-top-heat-transfer-fuchsia-frost.jpg;False;1
district-r-women-s-racerback-tank-top-heat-transfer;azul-marino;/media/product_images/ropa_y_bolsos/polos/district-r-women-s-racerback-tank-top-heat-transfer-azul-marino.jpg;False;1
district-r-women-s-racerback-tank-top-heat-transfer;azul-real;/media/product_images/ropa_y_bolsos/polos/district-r-women-s-racerback-tank-top-heat-transfer-azul-real.jpg;False;1
