product_slug,product_name,category_slug,subcategory_slug,sku,description,base_image_url,status,genero,tipo_cuello,tipo_manga,marca,colores,colores_hex
postal-estandar-4x6,Postal EstÃ¡ndar 4x6,postales-publicidad,postales-estandar,PO-EST-001,El tamaÃ±o de la postal es de 4x6 pulgadas.,/images/products/postal-4x6.jpg,active,,,,,,
postal-estandar-5x7,Postal EstÃ¡ndar 5x7,postales-publicidad,postales-estandar,PO-EST-002,Postal tamaÃ±ÃÆÃÆÃâÃÆÃÆÃâÃâÃÆÃÆÃÆÃâÃâÃÆÃâÃâÃâÃÆÃÆÃâÃÆÃÆÃâÃâÃâÃÆÃÆÃâÃâÃÆÃâÃâÃÂo 5x7 pulgadas,/images/products/postal-5x7.jpg,active,,,,,,
descripcin-general-postal,Correo panorÃ¡mico,postales-publicidad,postales-panoramicas,PO-PAN-001,Postal en formato panorÃ¡mico alargado,/images/products/postal-panoramica.jpg,active,,,,,,
carta-folleto,Folleto TamaÃ±o Carta,postales-publicidad,volantes,FL-001,Volante publicitario tamaÃ±ÃÆÃÆÃâÃÆÃÆÃâÃâÃÆÃÆÃÆÃâÃâÃÆÃâÃâÃâÃÆÃÆÃâÃÆÃÆÃâÃâÃâÃÆÃÆÃâÃâÃÆÃâÃâÃÂo carta,/images/products/flyer-carta.jpg,active,,,,,,
folleto-media-carta,Folleto Carta de Medios,postales-publicidad,volantes,FL-002,Volante publicitario media carta,/images/products/flyer-media-carta.jpg,active,,,,,,
folleto-a4,Folleto A4,postales-publicidad,folletos,FO-001,Folleto informativo tamaÃÆÃÆÃâÃÂ±o A4,/images/products/folleto-a4.jpg,active,,,,,,
triptico-carta,Carta TrÃ­pica,postales-publicidad,tripticos,TR-001,Folleto doblado en tres partes tamaÃ±ÃÆÃÆÃâÃÆÃÆÃâÃâÃÆÃÆÃÆÃâÃâÃÆÃâÃâÃâÃÆÃÆÃâÃÆÃÆÃâÃâÃâÃÆÃÆÃâÃâÃÆÃâÃâÃÂo carta,/images/products/triptico.jpg,active,,,,,,
diptico-carta,Carta DÃ­ptica,postales-publicidad,dipticos,DI-001,Folleto doblado por la mitad tamaÃ±ÃÆÃÆÃâÃÆÃÆÃâÃâÃÆÃÆÃÆÃâÃâÃÆÃâÃâÃâÃÆÃÆÃâÃÆÃÆÃâÃâÃâÃÆÃÆÃâÃâÃÆÃâÃâÃÂo carta,/images/products/diptico.jpg,active,,,,,,
catalogo-grapado,CatÃ¡logo Grapado,postales-publicidad,catalogos,CA-001,CatÃ¡logo de productos con grapa central,/images/products/catalogo-grapado.jpg,active,,,,,,
catalogo-anillado,CatÃ¡logo Anillado,postales-publicidad,catalogos,CA-002,CatÃ¡logo con anillado espiral,/images/products/catalogo-anillado.jpg,active,,,,,,
pancarta-vinilo-1x2,Lona Vinilo 1x2m,letreros-banners,pancartas-vinilicos,BV-001,Lona vinÃÆÃÆÃâÃÂ­lica 1x2 metros,/images/products/banner-1x2.jpg,active,,,,,,
pancarta-vinilo-2x3,Banner VinÃ­cola 2x3m,letreros-banners,pancartas-vinilicos,BV-002,Banner de vinilo 2x3 metros,/images/products/banner-2x3.jpg,active,,,,,,
banner-vinilo-personalizado,Banner de vinilo personalizado,letreros-banners,pancartas-vinilicos,BV-003,Banner de vinilo tamaÃ±ÃÆÃÆÃâÃÆÃÆÃâÃâÃÆÃÆÃÆÃâÃâÃÆÃâÃâÃâÃÆÃÆÃâÃÆÃÆÃâÃâÃâÃÆÃÆÃâÃâÃÆÃâÃâÃÂo personalizado,/images/products/banner-personalizado.jpg,active,,,,,,
cartel-a3,Cartel A3,letreros-banners,posters-impresos,POS-001,PÃ³ster impreso tamaÃ±ÃÆÃÆÃâÃÆÃÆÃâÃâÃÆÃÆÃÆÃâÃâÃÆÃâÃâÃâÃÆÃÆÃâÃÆÃÆÃâÃâÃâÃÆÃÆÃâÃâÃÆÃâÃâÃÂo A3,/images/products/poster-a3.jpg,active,,,,,,
cartel-a2,Cartel A2,letreros-banners,posters-impresos,POS-002,PÃ³ster impreso tamaÃ±ÃÆÃÆÃâÃÆÃÆÃâÃâÃÆÃÆÃÆÃâÃâÃÆÃâÃâÃâÃÆÃÆÃâÃÆÃÆÃâÃâÃâÃÆÃÆÃâÃâÃÆÃâÃâÃÂo A2,/images/products/poster-a2.jpg,active,,,,,,
cartel-a1,Cartel A1,letreros-banners,posters-impresos,POS-003,PÃ³ster impreso tamaÃ±ÃÆÃÆÃâÃÆÃÆÃâÃâÃÆÃÆÃÆÃâÃâÃÆÃâÃâÃâÃÆÃÆÃâÃÆÃÆÃâÃâÃâÃÆÃÆÃâÃâÃÆÃâÃâÃÂo A1,/images/products/poster-a1.jpg,active,,,,,,
letrero-forex,Letrero en Forex,letreros-banners,letreros-rigidos,LE-FOR-001,Letrero en PVC forex rÃ­gido,/images/products/letrero-forex.jpg,active,,,,,,
letrero-acrilico,Letrero AcrÃ­lico,letreros-banners,letreros-rigidos,LE-ACR-001,Letrero en acrÃ­lico transparente,/images/products/letrero-acrilico.jpg,active,,,,,,
display-retctil-80,Display RetrÃ¡ctil 80cm,letreros-banners,pantallas-retrctiles,DR-001,Banner enrrollable 80cm ancho,/images/products/display-80.jpg,active,,,,,,
display-retractil-100,Display RetrÃ¡ctil 100cm,letreros-banners,pantallas-retrctiles,DR-002,Banner enrrollable 100cm ancho,/images/products/display-100.jpg,active,,,,,,
letrero-aluminio,Letrero Aluminio Exterior,letreros-banners,senalizacion-exterior,LE-EXT-001,SeÃ±ÃÆÃÆÃâÃÆÃÆÃâÃâÃÆÃÆÃÆÃâÃâÃÆÃâÃâÃâÃÆÃÆÃâÃÆÃÆÃâÃâÃâÃÆÃÆÃâÃâÃÆÃâÃâÃÂalizaciÃ³n para exteriores en aluminio,/images/products/letrero-aluminio.jpg,active,,,,,,
bandera-pluma,Bandera Pluma,letreros-banners,banderas-publicitarias,BA-001,Bandera publicitaria tipo pluma,/images/products/bandera-pluma.jpg,active,,,,,,
bandera-gota,Bandera Gota,letreros-banners,banderas-publicitarias,BA-002,Bandera publicitaria tipo gota,/images/products/bandera-gota.jpg,active,,,,,,
marco-a4,Marco para pÃ³ster A4,letreros-banners,marcos-pantallas,MA-001,Marco porta carteles tamaÃ±o A4,/images/products/marco-a4.jpg,active,,,,,,
pantalla-mesa,Display de Mesa,letreros-banners,marcos-pantallas,DM-001,Expositor de mesa promocional,/images/products/display-mesa.jpg,active,,,,,,
pegatinas-personalizadas,Pegatinas personalizadas,stickers-etiquetas,stickers-individuales,ST-IND-001,Stickers con diseÃ±ÃÆÃÆÃâÃÆÃÆÃâÃâÃÆÃÆÃÆÃâÃâÃÆÃâÃâÃâÃÆÃÆÃâÃÆÃÆÃâÃâÃâÃÆÃÆÃâÃâÃÆÃâÃâÃÂo personalizado,/images/products/stickers-personalizados.jpg,active,,,,,,
pegatinas-plancha-a4,plano adhesivo A4,stickers-etiquetas,pegatinas-plancha,ST-PLA-001,Plancha completa de stickers tamaÃ±ÃÆÃÆÃâÃÆÃÆÃâÃâÃÆÃÆÃÆÃâÃâÃÆÃâÃâÃâÃÆÃÆÃâÃÆÃÆÃâÃâÃâÃÆÃÆÃâÃâÃÆÃâÃâÃÂo A4,/images/products/plancha-stickers-a4.jpg,active,,,,,,
rollo-pegatinas-1000,Rollo de Stickers 1000 unidades,stickers-etiquetas,pegatinas-en-rollo,ST-ROL-001,Rollo con 1000 pegatinas,/images/products/rollo-1000.jpg,active,,,,,,
etiqueta-producto-circular,Etiqueta Circular,stickers-etiquetas,etiquetas-productos,ET-PRO-001,Etiqueta circular para productos,/images/products/etiqueta-circular.jpg,active,,,,,,
etiqueta-producto-rectangular,Etiqueta Rectangular,stickers-etiquetas,etiquetas-productos,ET-PRO-002,Etiqueta rectangular para productos,/images/products/etiqueta-rectangular.jpg,active,,,,,,
pegatinas-auto,Stickers para Auto,stickers-etiquetas,calcomanias-vehiculos,CA-VEH-001,Stickers de gran formato para vehÃ­culos,/images/products/calcomanias-auto.jpg,active,,,,,,
gorros,Gorros,ropa-bolsos,gorros,GOR-001,Gorros unisex,,active,,,,,,
viseras,Viseras,ropa-bolsos,gorros,GOR-002,Viseras unisex,,active,,,,,,
chullos,Chullos,ropa-bolsos,gorros,GOR-003,Chullos,,,,,,,,
sombrero-de-cubo,Sombrero de cubo,ropa-bolsos,gorros,GOR-004,Sombrero de cubo,,,,,,,,
taza-ceramica,Taza de CerÃ¡mica,productos-promocionales,tazas-vasos,TAZ-001,Taza de cerÃ¡mica 11oz personalizable,/images/products/taza-ceramica.jpg,active,,,,,,
mirar,Taza MÃ¡gica,productos-promocionales,tazas-vasos,TAZ-002,Taza que cambia con temperatura,/images/products/taza-magica.jpg,active,,,,,,
florero-termal,Vaso TÃ©rmico,productos-promocionales,tazas-vasos,VAS-001,Vaso tÃ©rmico para bebidas,/images/products/vaso-termico.jpg,active,,,,,,
llavero-acrilico,Llavero AcrÃ­lico,productos-promocionales,llaveros,LLA-001,Llavero en acrÃ­lico personalizado,/images/products/llavero-acrilico.jpg,active,,,,,,
llavero-metal,Llavero Metal,productos-promocionales,llaveros,LLA-002,Llavero de metal grabado,/images/products/llavero-metal.jpg,active,,,,,,
bola-grafodeplastico,BolÃ­grafo PlÃ¡stico,productos-promocionales,plumas-boligrafos,BOL-001,BolÃ­grafo plÃ¡stico con logo,/images/products/boligrafo-plastico.jpg,active,,,,,,
pluma-de-metal,BolÃ­grafo Metal,productos-promocionales,plumas-boligrafos,BOL-002,BolÃ­grafo de metal premium,/images/products/boligrafo-metal.jpg,active,,,,,,
usb-8gb,USB 8GB,productos-promocionales,tecnologa-usb,USB-001,Memoria USB personalizada de 8GB,/images/products/usb-8gb.jpg,active,,,,,,
usb-16gb,USB 16GB,productos-promocionales,tecnologa-usb,USB-002,Memoria USB 16GB personalizada,/images/products/usb-16gb.jpg,active,,,,,,
alfombrilla-de-ratn,Alfombrilla de ratÃ¡n,productos-promocionales,articulos-escritorio,ESC-001,Alfombrilla de ratÃ¡n personalizada,/images/products/mousepad.jpg,active,,,,,,
libreta-notas,Libreta de Notas,productos-promocionales,articulos-escritorio,ESC-002,Libreta con logo corporativo,/images/products/libreta-notas.jpg,active,,,,,,
termo-acero,Termo Acero Inoxidable,productos-promocionales,termos-botellas,TER-001,Termo tÃ©rmico de acero 500ml,/images/products/termo-acero.jpg,active,,,,,,
botella-plastico,Botella PlÃ¡stica,productos-promocionales,termos-botellas,BOT-001,Botella deportiva 750ml,/images/products/botella-plastico.jpg,active,,,,,,
toalla-microfibra,Toalla Microfibra,productos-promocionales,articulos-deportivos,DEP-001,Toalla de microfibra personalizada,/images/products/toalla-microfibra.jpg,active,,,,,,
balon-futbol,BalÃ³n de FÃºtbol,productos-promocionales,articulos-deportivos,DEP-002,BalÃ³n de fÃºtbol con logo,/images/products/balon-futbol.jpg,active,,,,,,
peluche-oso,Peluche Oso,productos-promocionales,juguetes-peluches,JUG-001,Oso de peluche personalizable,/images/products/peluche-oso.jpg,active,,,,,,
caja-carton-pequena,Caja PequeÃ±a,embalaje,cajas-personalizadas,CAJ-001,Caja de cartÃ³n personalizada pequeÃ±ÃÆÃÆÃâÃÆÃÆÃâÃâÃÆÃÆÃÆÃâÃâÃÆÃâÃâÃâÃÆÃÆÃâÃÆÃÆÃâÃâÃâÃÆÃÆÃâÃâÃÆÃâÃâÃÂa,/images/products/caja-pequena.jpg,active,,,,,,
caja-carton-mediana,Caja Mediana,embalaje,cajas-personalizadas,CAJ-002,Caja de cartÃ³n personalizada mediana,/images/products/caja-mediana.jpg,active,,,,,,
caja-carton-grande,Caja Grande,embalaje,cajas-personalizadas,CAJ-003,Caja de cartÃ³n personalizada grande,/images/products/caja-grande.jpg,active,,,,,,
bolsa-papel-kraft,Bolsa Kraft,embalaje,bolsas-de-papel,BPA-001,Bolsa de papel kraft con asa,/images/products/bolsa-kraft.jpg,active,,,,,,
alimentacia3n-equique,etiqueta,embalaje,equiquetas-feed,ETP-001,Etiqueta adhesiva para empaques,/images/products/etiqueta-packaging.jpg,active,,,,,,
logotipo-de-amor,CinturÃ³n con logotipo,embalaje,cinta-personalizada,TAP-001,Cinta adhesiva personalizada,/images/products/tape-logo.jpg,active,,,,,,
papel-seda-colores,Papel Seda,embalaje,papel-it,PSE-001,Papel de seda para envolver,/images/products/papel-seda.jpg,active,,,,,,
sobre-c5,Acerca de C5,embalaje,sobres-personalizados,SOB-001,Acerca del tamaÃ±o C5 personalizado,/images/products/sobre-c5.jpg,active,,,,,,
invitacion-boda-clasica,InvitaciÃ³n Boda ClÃ¡sica,invitaciones-papeleria,invitaciones-boda,INV-BOD-001,InvitaciÃ³n elegante para bodas,/images/products/invitacion-boda-clasica.jpg,active,,,,,,
invitacion-boda-moderna,InvitaciÃ³n Boda Moderna,invitaciones-papeleria,invitaciones-boda,INV-BOD-002,InvitaciÃ³n de boda con diseÃ±ÃÆÃÆÃâÃÆÃÆÃâÃâÃÆÃÆÃÆÃâÃâÃÆÃâÃâÃâÃÆÃÆÃâÃÆÃÆÃâÃâÃâÃÆÃÆÃâÃâÃÆÃâÃâÃÂo moderno,/images/products/invitacion-boda-moderna.jpg,active,,,,,,
guardar-fecha-postal,Guarde la fecha postal,invitaciones-papeleria,guardar-la-fecha,STD-001,Postal save the date para bodas,/images/products/save-date.jpg,active,,,,,,
programa-boda,Programa de Boda,invitaciones-papeleria,programasdeeventos,PRO-001,Programa impreso para ceremonia,/images/products/programa-boda.jpg,active,,,,,,
men-boda,MenÃº de Boda,invitaciones-papeleria,menus-personalizados,MEN-001,menÃÆÃÆÃâÃÂº de eventos personalizado,/images/products/menu-boda.jpg,active,,,,,,
tarjeta-gracias,Tarjeta de Agradecimiento,invitaciones-papeleria,tarjetas-agradecimiento,TAG-001,Tarjeta de agradecimiento personalizada,/images/products/tarjeta-gracias.jpg,active,,,,,,
invitacion-cumpleanos-infantil,Saludos de InvitaciÃ¡n Infantil,invitaciones-papeleria,invitaciones-cumpleanos,INV-CUM-001,InvitaciÃ³n para fiesta infantil,/images/products/invitacion-cumple-nino.jpg,active,,,,,,
invitacion-cumpleanos-adulto,Saludos de invitaciÃ¡n para adultos,invitaciones-papeleria,invitaciones-cumpleanos,INV-CUM-002,InvitaciÃ¡n elegante para adultos.,/images/products/invitacion-cumple-adulto.jpg,active,,,,,,
membreteado,Hoja Membretada,invitaciones-papeleria,papeleria-corporativa,PAP-001,Rol de membresÃÆÃÆÃâÃÆÃÆÃâÃâÃÆÃÆÃÆÃâÃâÃÆÃâÃâÃÆÃÆÃÆÃâÃÆÃÆÃâÃâÃâÃÆÃÆÃâÃâÃÆÃâÃâÃÂ­a corporativa,/images/products/membreteado.jpg,active,,,,,,
logo-bsico,DiseÃ±o de logotipo bÃ¡sico,logo-web-social,diseno-logo,LOG-001,DiseÃ±ÃÆÃÆÃâÃÆÃÆÃâÃâÃÆÃÆÃÆÃâÃâÃÆÃâÃâÃâÃÆÃÆÃâÃÆÃÆÃâÃâÃâÃÆÃÆÃâÃâÃÆÃâÃâÃÂo de logotipo profesional bÃ¡sico,/images/products/logo-basico.jpg,active,,,,,,
logo-premium,DiseÃ±o de logotipo premium,logo-web-social,diseno-logo,LOG-002,DiseÃ±ÃÆÃÆÃâÃÆÃÆÃâÃâÃÆÃÆÃÆÃâÃâÃÆÃâÃâÃâÃÆÃÆÃâÃÆÃÆÃâÃâÃâÃÆÃÆÃâÃâÃÆÃâÃâÃÂo de logotipo premium completo,/images/products/logo-premium.jpg,active,,,,,,
aterrizaje-web,PÃ­pina de destino,logo-web-social,diseno-web,WEB-001,DiseÃ±ÃÆÃÆÃâÃÆÃÆÃâÃâÃÆÃÆÃÆÃâÃâÃÆÃâÃâÃâÃÆÃÆÃâÃÆÃÆÃâÃâÃâÃÆÃÆÃâÃâÃÆÃâÃâÃÂo de pÃ¡gina de aterrizaje,/images/products/web-landing.jpg,active,,,,,,
web-completo,Sitio Web Completo,logo-web-social,diseno-web,WEB-002,DiseÃ±ÃÆÃÆÃâÃÆÃÆÃâÃâÃÆÃÆÃÆÃâÃâÃÆÃâÃâÃâÃÆÃÆÃâÃÆÃÆÃâÃâÃâÃÆÃÆÃâÃâÃÆÃâÃâÃÂo de sitio web multipÃ¡gina,/images/products/web-completo.jpg,active,,,,,,
pack-redes-sociales,Pack Redes Sociales,logo-web-social,diseno-redes-sociales,RED-001,Pack de contenido para redes sociales,/images/products/pack-redes.jpg,active,,,,,,
manual-marca,Manual de Marca,logo-web-social,identidad-corporativa,IDE-001,Manual de identidad corporativa completo,/images/products/manual-marca.jpg,active,,,,,,
diseno-personalizado,DiseÃ±o grÃ¡fico personalizado,servicios-diseno,diseno-grafico,DIS-001,Servicio de diseÃ±ÃÆÃÆÃâÃÆÃÆÃâÃâÃÆÃÆÃÆÃâÃâÃÆÃâÃâÃâÃÆÃÆÃâÃÆÃÆÃâÃâÃâÃÆÃÆÃâÃâÃÆÃâÃâÃÂo grÃ¡fico a medida,/images/products/diseno-personalizado.jpg,active,,,,,,
diseno-packaging-caja,DiseÃ±o de Caja,servicios-diseno,diseo-embalaje,PAC-001,DiseÃ±o de embalaje para caja,/images/products/diseno-caja.jpg,active,,,,,,
diseno-etiqueta,DiseÃ±o de Etiqueta,servicios-diseno,diseo-embalaje,PAC-002,DiseÃ±ÃÆÃÆÃâÃÆÃÆÃâÃâÃÆÃÆÃÆÃâÃâÃÆÃâÃâÃâÃÆÃÆÃâÃÆÃÆÃâÃâÃâÃÆÃÆÃâÃâÃÆÃâÃâÃÂo de etiqueta para producto,/images/products/diseno-etiqueta.jpg,active,,,,,,
diseno-catalogo,DiseÃ±o de CatÃ¡logo,servicios-diseno,diseno-editorial,EDI-001,DiseÃ±ÃÆÃÆÃâÃÆÃÆÃâÃâÃÆÃÆÃÆÃâÃâÃÆÃâÃâÃâÃÆÃÆÃâÃÆÃÆÃâÃâÃâÃÆÃÆÃâÃâÃÆÃâÃâÃÂo de catÃ¡logo profesional,/images/products/diseno-catalogo.jpg,active,,,,,,
diseno-revista,DiseÃ±o de Revista,servicios-diseno,diseno-editorial,EDI-002,DiseÃ±o de revista,/images/products/diseno-revista.jpg,active,,,,,,
campana-publicitaria,CampaÃ±a Publicitaria,servicios-diseno,diseno-publicitario,PUB-001,DiseÃ±ÃÆÃÆÃâÃÆÃÆÃâÃâÃÆÃÆÃÆÃâÃâÃÆÃâÃâÃâÃÆÃÆÃâÃÆÃÆÃâÃâÃâÃÆÃÆÃâÃâÃÆÃâÃâÃÂo de campaÃ±ÃÆÃÆÃâÃÆÃÆÃâÃâÃÆÃÆÃÆÃâÃâÃÆÃâÃâÃâÃÆÃÆÃâÃÆÃÆÃâÃâÃâÃÆÃÆÃâÃâÃÆÃâÃâÃÂa publicitaria completa,/images/products/campana-publicitaria.jpg,active,,,,,,
pack-pegatinas-bf,Pack Pegatinas Viernes Negro,viernes-negro,ofertas-stickers,BF-ST-001,Pack especial de stickers con descuento,/images/products/pack-stickers-bf.jpg,seasonal,,,,,,
pack-ropa-bf,Pack Ropa Black Friday,viernes-negro,ofertas-ropa,BF-ROP-001,Pack de prendas con descuento especial,/images/products/pack-ropa-bf.jpg,seasonal,,,,,,
pack-tarjetas-bf,Pack Tarjetas Black Friday,viernes-negro,ofertas-tarjetas,BF-TAR-001,Pack de tarjetas con precio especial,/images/products/pack-tarjetas-bf.jpg,seasonal,,,,,,
combo-promocional-bf,Combo Promocional Black Friday,viernes-negro,paquetes-black-friday,BF-COM-001,Combo de productos variados con descuento,/images/products/combo-bf.jpg,seasonal,,,,,,
tarjeta-navidad-tradicional,Tarjeta Navidad Tradicional,tarjetas-navidad,tarjetas-navidad-clasicas,TNA-001,Tarjeta navideÃ±ÃÆÃÆÃâÃÆÃÆÃâÃâÃÆÃÆÃÆÃâÃâÃÆÃâÃâÃâÃÆÃÆÃâÃÆÃÆÃâÃâÃâÃÆÃÆÃâÃâÃÆÃâÃâÃÂa clÃ¡sica,/images/products/tarjeta-navidad-tradicional.jpg,seasonal,,,,,,
tarjeta-navidad-moderna,Tarjeta Navidad Moderna,tarjetas-navidad,tarjetas-navidad-clasicas,TNA-002,Tarjeta navideÃ±ÃÆÃÆÃâÃÆÃÆÃâÃâÃÆÃÆÃÆÃâÃâÃÆÃâÃâÃâÃÆÃÆÃâÃÆÃÆÃâÃâÃâÃÆÃÆÃâÃâÃÆÃâÃâÃÂa con diseÃ±ÃÆÃÆÃâÃÆÃÆÃâÃâÃÆÃÆÃÆÃâÃâÃÆÃâÃâÃâÃÆÃÆÃâÃÆÃÆÃâÃâÃâÃÆÃÆÃâÃâÃÆÃâÃâÃÂo moderno,/images/products/tarjeta-navidad-moderna.jpg,seasonal,,,,,,
tarjeta-ano-nuevo,Tarjeta AÃ±o Nuevo,tarjetas-navidad,tarjetas-ano-nuevo,TAN-001,Tarjeta para celebrar el nuevo aÃ±ÃÆÃÆÃâÃÆÃÆÃâÃâÃÆÃÆÃÆÃâÃâÃÆÃâÃâÃâÃÆÃÆÃâÃÆÃÆÃâÃâÃâÃÆÃÆÃâÃâÃÆÃâÃâÃÂo,/images/products/tarjeta-ano-nuevo.jpg,seasonal,,,,,,
tarjeta-empresarial-navidena,Tarjeta Empresarial NavideÃ±a,tarjetas-navidad,tarjetas-empresariales,TEM-001,Tarjeta corporativa para fin de aÃ±ÃÆÃÆÃâÃÆÃÆÃâÃâÃÆÃÆÃÆÃâÃâÃÆÃâÃâÃâÃÆÃÆÃâÃÆÃÆÃâÃâÃâÃÆÃÆÃâÃâÃÆÃâÃâÃÂo,/images/products/tarjeta-empresarial-navidad.jpg,seasonal,,,,,,
calendario-pared-2025,Calendario de Pared 2025,calendarios-regalos,calendarios-pared,CAL-PAR-001,Calendario de pared tamaÃ±ÃÆÃÆÃâÃÆÃÆÃâÃâÃÆÃÆÃÆÃâÃâÃÆÃâÃâÃâÃÆÃÆÃâÃÆÃÆÃâÃâÃâÃÆÃÆÃâÃâÃÆÃâÃâÃÂo grande,/images/products/calendario-pared.jpg,active,,,,,,
calendario-escritorio-2025,Calendario de Escritorio 2025,calendarios-regalos,calendarios-escritorio,CAL-ESC-001,Calendario compacto para mesa,/images/products/calendario-escritorio.jpg,active,,,,,,
horario-personalizado,Agenda personalizada,calendarios-regalos,calendarios-personalizados,AGE-001,Agenda anual personalizada,/images/products/agenda-personalizada.jpg,active,,,,,,
libreta-corporativa,Libreta Corporativa,calendarios-regalos,libretas-cuadernos,LIB-001,Cuaderno con logo corporativo,/images/products/libreta-corporativa.jpg,active,,,,,,
set-regalo-corporativo,Set de regalo corporativo,calendarios-regalos,regalos-corporativos,REG-001,Set de regalo para empresas,/images/products/set-regalo.jpg,active,,,,,,
bambu,BambÃº,tarjetas-presentacion,deluxe,TP-BAMBOO,Tarjetas de presentaciÃ³n en material de bambÃº ecolÃ³gico,/media/product_images/tarjetas_presentacion/bamboo.jpg,active,,,,,,
trigofina,Grano fino,tarjetas-presentacion,premium,TP-FINEGRIT,Tarjetas de presentaciÃ³n con textura de grano fino,/media/product_images/tarjetas_presentacion/fine_grit.jpg,active,,,,,,
plastico-transparente,PlÃ¡stico transparente,tarjetas-presentacion,deluxe,TP-CLEARPLASTIC,Tarjetas de presentaciÃ³n en plÃ¡stico transparente,/media/product_images/tarjetas_presentacion/clear_plastic.jpg,active,,,,,,
algodon,AlgodÃ³n,tarjetas-presentacion,premium,TP-COTTON,Tarjetas de presentaciÃ³n en papel de algodÃ³n premium,/media/product_images/tarjetas_presentacion/cotton.jpg,active,,,,,,
perla,Perlado,tarjetas-presentacion,deluxe,TP-PEARL,Tarjetas de presentaciÃ³n con acabado perlado elegante,/media/product_images/tarjetas_presentacion/pearl.jpg,active,,,,,,
premium-plus,Premium plus,tarjetas-presentacion,premium,TP-PREMIUMPLUS,Tarjetas de presentaciÃ³n premium de alta calidad,/media/product_images/tarjetas_presentacion/premium_plus.jpg,active,,,,,,
ultrasonido,Ultra Grueso,tarjetas-presentacion,deluxe,TP-ULTRATHICK,Tarjetas de presentaciÃ³n extra gruesas y resistentes,/media/product_images/tarjetas_presentacion/ultra_thick.jpg,active,,,,,,
reciclado-mate,Reciclado Mate,tarjetas-presentacion,estandar,TP-RECYCLEDMATTE,Tarjetas de presentaciÃ³n en papel reciclado mate,/media/product_images/tarjetas_presentacion/recycled_matte.jpg,active,,,,,,
plastico-esmerilado,PlÃ¡stico Esmerilado,tarjetas-presentacion,deluxe,TP-FROSTEDPLASTIC,Tarjetas de presentaciÃ³n en plÃ¡stico esmerilado,/media/product_images/tarjetas_presentacion/frosted_plastic.jpg,active,,,,,,
brillo-en-relieve,Relieve Brillante,tarjetas-presentacion,deluxe,TP-EMBOSSEDGLOSS,Tarjetas de presentaciÃ³n con relieve y acabado brillante,/media/product_images/tarjetas_presentacion/embossed_gloss.jpg,active,,,,,,
compaero,CompaÃ±ero,tarjetas-presentacion,estandar,TP-MATE,Tarjetas de presentaciÃ³n con acabado mate clÃ¡sico,/media/product_images/tarjetas_presentacion/mate.jpg,active,,,,,,
papelkraft,Kraft,tarjetas-presentacion,estandar,TP-KRAFT,Tarjetas de presentaciÃ³n en papel kraft natural,/media/product_images/tarjetas_presentacion/kraft.jpg,active,,,,,,
borde-pintado,Borde Pintado,tarjetas-presentacion,deluxe,TP-PAINTEDEDGE,Tarjetas de presentaciÃ³n con bordes pintados,/media/product_images/tarjetas_presentacion/painted_edge.jpg,active,,,,,,
lustroso,Brillante,tarjetas-presentacion,estandar,TP-GLOSSY,Tarjetas de presentaciÃ³n con acabado brillante,/media/product_images/tarjetas_presentacion/glossy.jpg,active,,,,,,
plastico-blanco,PlÃ¡stico Blanco,tarjetas-presentacion,premium,TP-WHITEPLASTIC,Tarjetas de presentaciÃ³n en plÃ¡stico blanco,/media/product_images/tarjetas_presentacion/white_plastic.jpg,active,,,,,,
texturanatural,Textura natural,tarjetas-presentacion,premium,TP-NATURALTEXTURED,Tarjetas de presentaciÃ³n con textura natural,/media/product_images/tarjetas_presentacion/natural_textured.jpg,active,,,,,,
lino,Lino,tarjetas-presentacion,premium,TP-LINEN,Tarjetas de presentaciÃ³n con textura de lino,/media/product_images/tarjetas_presentacion/linen.jpg,active,,,,,,
delalamina,Foil en relieve,tarjetas-presentacion,deluxe,TP-RAISEDFOIL,Tarjetas de presentaciÃ³n con foil en relieve,/media/product_images/tarjetas_presentacion/raised_foil.jpg,active,,,,,,
sin-recubrir,Sin Recubrimiento,tarjetas-presentacion,estandar,TP-UNCOATED,Tarjetas de presentaciÃ³n sin recubrimiento,/media/product_images/tarjetas_presentacion/uncoated.jpg,active,,,,,,
canamo,CÃ¡namo,tarjetas-presentacion,premium,TP-HEMP,Tarjetas de presentaciÃ³n en papel de cÃ¡Ã±ÃÆÃÆÃâÃÆÃÆÃâÃâÃÆÃÆÃÆÃâÃâÃÆÃâÃâÃâÃÆÃÆÃâÃÆÃÆÃâÃâÃâÃÆÃÆÃâÃâÃÆÃâÃâÃÂamo ecolÃ³gico,/media/product_images/tarjetas_presentacion/hemp.jpg,active,,,,,,
acento-de-aluminio,Detalles de lÃ¡mina,tarjetas-presentacion,deluxe,TP-FOILACCENT,Tarjetas de presentaciÃ³n con detalles en foil,/media/product_images/tarjetas_presentacion/foil_accent.jpg,active,,,,,,
tacto-suave,Tacto Suave,tarjetas-presentacion,premium,TP-SOFTTOUCH,Tarjetas de presentaciÃ³n con acabado suave al tacto,/media/product_images/tarjetas_presentacion/soft_touch.jpg,active,,,,,,
camiseta-unisex-gildan-r-softstyle-r,Polo Unisex GildÃ¡n Softstyle Cuello Redondo,ropa-bolsos,polos,PRD-XEHU3NESB,Polo Unisex GildanÃÆÃÆÃâÃÆÃÆÃâÃâÃÆÃÆÃÆÃâÃâÃÆÃâÃâÃâÃÆÃÆÃâÃÆÃÆÃâÃâÃâÃÆÃÆÃâÃâ SoftstyleÃÆÃÆÃâÃÆÃÆÃâÃâÃÆÃÆÃÆÃâÃâÃÆÃâÃâÃâÃÆÃÆÃâÃÆÃÆÃâÃâÃâÃÆÃÆÃâÃâ Cuello Redondo - Disponible en mÃÆÃÆÃâÃÆÃÆÃâÃâÃÆÃÆÃÆÃâÃâÃÆÃâÃâÃÆÃÆÃÆÃâÃÆÃÆÃâÃâÃâÃÆÃÆÃâÃâÃÆÃâÃâÃÂºltiples colores y tallas,/media/product_images/ropa_y_bolsos/polos/gildan-r-softstyle-r-unisex-t-shirt-negro.jpg,active,unisex,cuello_redondo,manga_corta,Gildan,"Negro, Coral Seda, Blanco, Gris Deportivo, Azul Real, Azul Marino Jaspeado, Morado, Rojo",negro:04080b|coral-seda:f67875|blanco:f2f2f2|gris-deportivo:d5d5d7|azul-real:3e63b1|azul-marino-jaspeado:555a65|morado:402768|rojo:cd2f3c
camiseta-unisex-de-jersey-ultra-suave-bella-canvas-r,Polo Unisex Bella Canvas Jersey Ultra Suave,ropa-bolsos,polos,PRD-J6SYEJEXK,Polo Unisex Bella   CanvasÃÆÃÆÃâÃÆÃÆÃâÃâÃÆÃÆÃÆÃâÃâÃÆÃâÃâÃâÃÆÃÆÃâÃÆÃÆÃâÃâÃâÃÆÃÆÃâÃâ Jersey Ultra Suave - Disponible en mÃÆÃÆÃâÃÆÃÆÃâÃâÃÆÃÆÃÆÃâÃâÃÆÃâÃâÃÆÃÆÃÆÃâÃÆÃÆÃâÃâÃâÃÆÃÆÃâÃâÃÆÃâÃâÃÂºltiples colores y tallas,/media/product_images/ropa_y_bolsos/polos/bella-canvas-r-ultra-soft-jersey-unisex-t-shirt-azul-real.jpg,active,unisex,cuello_redondo,manga_corta,Bella + Canvas,"Azul Real, Negro, Blanco, Azul Marino, Asfalto, Rojo, Rosa, Natural",azul-real:064fab|negro:1d1d1d|blanco:fcfcfc|azul-marino:393b47|asfalto:575757|rojo:ad132a|rosa:e8d1d7|natural:dedac8
camiseta-unisex-algodn-organico-allmade-r,Polo unisex de algodÃ³n orgÃ¡nico Allmade,ropa-bolsos,polos,PRD-TWEKBFWTX,Polo Unisex AllmadeÃÆÃÆÃâÃÆÃÆÃâÃâÃÆÃÆÃÆÃâÃâÃÆÃâÃâÃâÃÆÃÆÃâÃÆÃÆÃâÃâÃâÃÆÃÆÃâÃâ AlgodÃ¡n OrgÃ¡nico - Disponible en mÃÆÃÆÃâÃÆÃÆÃâÃâÃÆÃÆÃÆÃâÃâÃÆÃâÃâÃÆÃÆÃÆÃâÃÆÃÆÃâÃâÃâÃÆÃÆÃâÃâÃÆÃâÃâÃÂºltiples colores y tallas,/media/product_images/ropa_y_bolsos/polos/allmade-r-organic-cotton-unisex-t-shirt-azul-cielo-nocturno.jpg,active,unisex,cuello_redondo,manga_corta,Allmade,"Azul Cielo Nocturno, Negro Profundo, Gris Terreno, Blanco Brillante",azul-cielo-nocturno:28263a|negro-profundo:242224|gris-terreno:545556|blanco-brillante:f6f5f7
camiseta-muy-importante-de-district-r-con-estampado-en-el-pecho-y-espalda-izquierdo,Polo Unisex o con Estampado Pecho y Espalda,ropa-bolsos,polos,PRD-M4LEZOBPJ,Polo Unisex o con Estampado Pecho y Espalda - Disponible en mÃÆÃÆÃâÃÆÃÆÃâÃâÃÆÃÆÃÆÃâÃâÃÆÃâÃâÃÆÃÆÃÆÃâÃÆÃÆÃâÃâÃâÃÆÃÆÃâÃâÃÆÃâÃâÃÂºltiples colores y tallas,/media/product_images/ropa_y_bolsos/polos/district-r-very-important-tee-r-with-left-chest-and-back-print-azul-marino.jpg,active,unisex,cuello_redondo,manga_corta,District,"Azul Marino, Rojo, Azul Real, Verde, Morado",azul-marino:1a1e33|rojo:b43a49|azul-real:6381ce|verde:30534d|morado:503b76
camiseta-hombre-suave-al-tacto,Polo Unisex o Tacto Suave,ropa-bolsos,polos,PRD-RU50RIWPS,Polo Unisex o Tacto Suave - Disponible en mÃÆÃÆÃâÃÆÃÆÃâÃâÃÆÃÆÃÆÃâÃâÃÆÃâÃâÃÆÃÆÃÆÃâÃÆÃÆÃâÃâÃâÃÆÃÆÃâÃâÃÆÃâÃâÃÂºltiples colores y tallas,/media/product_images/ropa_y_bolsos/polos/soft-touch-mens-t-shirt-negro.jpg,active,unisex,cuello_redondo,manga_corta,District,"Negro, Blanco, Rojo, Carbon, Azul Marino, Azul Real, Rosa Fucsia",negro:0|blanco:ffffff|rojo:ba0c2f|carbon:53535a|azul-marino:1f2a44|azul-real:1d428a|rosa-fucsia:f67599
camiseta-de-manga-larga-gildan-r-softstyle,Polo Gildan Softstyle manga larga,ropa-bolsos,polos,PRD-5ONR2SNR5,Polo Unisex GildanÃÆÃÆÃâÃÆÃÆÃâÃâÃÆÃÆÃÆÃâÃâÃÆÃâÃâÃâÃÆÃÆÃâÃÆÃÆÃâÃâÃâÃÆÃÆÃâÃâ SoftstyleÃÆÃÆÃâÃÆÃÆÃâÃâÃÆÃÆÃÆÃâÃâÃÆÃâÃâÃâÃÆÃÆÃâÃÆÃÆÃâÃâÃâÃÆÃÆÃâÃâ Manga Larga - Disponible en mÃÆÃÆÃâÃÆÃÆÃâÃâÃÆÃÆÃÆÃâÃâÃÆÃâÃâÃÆÃÆÃÆÃâÃÆÃÆÃâÃâÃâÃÆÃÆÃâÃâÃÆÃâÃâÃÂºltiples colores y tallas,/media/product_images/ropa_y_bolsos/polos/gildan-r-softstyle-long-sleeve-t-shirt-azul-marino.jpg,active,unisex,cuello_redondo,manga_larga,Gildan,"Azul Marino, Gris Deportivo, Verde Militar, Carbon, Negro, Rojo Cereza",azul-marino:2c3041|gris-deportivo:d5d8df|verde-militar:7a805e|carbon:83827c|negro:312f31|rojo-cereza:de043e
camiseta-muy-importante-de-manga-larga-con-estampado-en-el-pecho-izquierdo-y-espalda-distrito-r,Polo Unisex o Manga Larga con Estampado,ropa-bolsos,polos,PRD-SJSSJY2V6,Polo Unisex o Manga Larga con Estampado - Disponible en mÃÆÃÆÃâÃÆÃÆÃâÃâÃÆÃÆÃÆÃâÃâÃÆÃâÃâÃÆÃÆÃÆÃâÃÆÃÆÃâÃâÃâÃÆÃÆÃâÃâÃÆÃâÃâÃÂºltiples colores y tallas,/media/product_images/ropa_y_bolsos/polos/district-r-very-important-tee-r-long-sleeve-with-left-chest-print-and-back-printing-negro.jpg,active,unisex,cuello_redondo,manga_larga,District,"Negro, Blanco, Gris, Azul Marino, Carbon",negro:1e1e1e|blanco:ececec|gris:c0c0c0|azul-marino:4a5364|carbon:58575b
camiseta-muy-importante-de-district-r-con-estampado-en-el-pecho-izquierdo,Polo Unisex o con Estampado en Pecho,ropa-bolsos,polos,PRD-KEC6VZAR2,Polo Unisex o con Estampado en Pecho - Disponible en mÃÆÃÆÃâÃÆÃÆÃâÃâÃÆÃÆÃÆÃâÃâÃÆÃâÃâÃÆÃÆÃÆÃâÃÆÃÆÃâÃâÃâÃÆÃÆÃâÃâÃÆÃâÃâÃÂºltiples colores y tallas,/media/product_images/ropa_y_bolsos/polos/district-r-very-important-tee-r-with-left-chest-print-rojo.jpg,active,unisex,cuello_redondo,manga_corta,District,"Rojo, Verde, Morado, Azul Marino, Carbon, Gris",rojo:b13947|verde:2d4d48|morado:443263|azul-marino:566478|carbon:3c4042|gris:ababab
camiseta-mujer-suave-tacto,Polo Mujer o Tacto Suave,ropa-bolsos,polos,PRD-J2VM1PY8B,Polo Mujer o Tacto Suave - Disponible en mÃÆÃÆÃâÃÆÃÆÃâÃâÃÆÃÆÃÆÃâÃâÃÆÃâÃâÃÆÃÆÃÆÃâÃÆÃÆÃâÃâÃâÃÆÃÆÃâÃâÃÆÃâÃâÃÂºltiples colores y tallas,/media/product_images/ropa_y_bolsos/polos/soft-touch-womens-t-shirt-azul-real.jpg,active,mujer,cuello_redondo,manga_corta,District,"Azul Real, Blanco, Negro, Carbon, Azul Marino, Rojo, Rosa Fucsia",azul-real:1d428a|blanco:ffffff|negro:0|carbon:53535a|azul-marino:1f2a44|rojo:ba0c2f|rosa-fucsia:f67599
camiseta-muy-importante-para-mujer-de-district-r-con-impresin-frontal-completa,Polo Mujer o con Estampado Frontal,ropa-bolsos,polos,PRD-XMJYT4MI5,Polo Mujer o con Estampado Frontal - Disponible en mÃÆÃÆÃâÃÆÃÆÃâÃâÃÆÃÆÃÆÃâÃâÃÆÃâÃâÃÆÃÆÃÆÃâÃÆÃÆÃâÃâÃâÃÆÃÆÃâÃâÃÆÃâÃâÃÂºltiples colores y tallas,/media/product_images/ropa_y_bolsos/polos/district-r-women-s-very-important-tee-r-with-full-front-print-negro.jpg,active,mujer,cuello_redondo,manga_corta,District,"Negro, Azul Real, Morado, Carbon, Azul Marino, Gris",negro:2b2726|azul-real:5565a4|morado:6a3595|carbon:5.64E+53|azul-marino:2c2b3d|gris:bcb6b4
camiseta-unisex-hanes-r-essential,Polo Unisex Hanes Esencial Cuello Redondo,ropa-bolsos,polos,PRD-RHQMTEUMM,Polo Unisex HanesÃÆÃÆÃâÃÆÃÆÃâÃâÃÆÃÆÃÆÃâÃâÃÆÃâÃâÃâÃÆÃÆÃâÃÆÃÆÃâÃâÃâÃÆÃÆÃâÃâ Esencial Cuello Redondo - Disponible en mÃÆÃÆÃâÃÆÃÆÃâÃâÃÆÃÆÃÆÃâÃâÃÆÃâÃâÃÆÃÆÃÆÃâÃÆÃÆÃâÃâÃâÃÆÃÆÃâÃâÃÆÃâÃâÃÂºltiples colores y tallas,/media/product_images/ropa_y_bolsos/polos/hanes-r-essential-unisex-t-shirt-naranja.jpg,active,unisex,cuello_redondo,manga_corta,Hanes,"Naranja, Azul Real, Deep Forest, Morado, Azul Marino, Light Steel, Gris, Negro",naranja:f36c40|azul-real:1b4587|deep-forest:152926|morado:52458d|azul-marino:72846|light-steel:bfbcc3|gris:5e5f65|negro:151020
camiseta-rendimiento-de-la-empresa-portuaria,Polo de rendimiento Port & Company,ropa-bolsos,polos,PRD-OJHC0V2BC,Port & CompanyÃÆÃÆÃâÃÆÃÆÃâÃâÃÆÃÆÃÆÃâÃâÃÆÃâÃâÃâÃÆÃÆÃâÃÆÃÆÃâÃâÃâÃÆÃÆÃâÃâ Performance Tee - Disponible en mÃÆÃÆÃâÃÆÃÆÃâÃâÃÆÃÆÃÆÃâÃâÃÆÃâÃâÃÆÃÆÃÆÃâÃÆÃÆÃâÃâÃâÃÆÃÆÃâÃâÃÆÃâÃâÃÂºltiples colores y tallas,/media/product_images/ropa_y_bolsos/polos/port-company-r-performance-tee-negro.jpg,active,unisex,cuello_redondo,manga_corta,Port & Company,"Negro, Azul Real, Azul Real Verdadero, Morado Equipo, Gris, Azul Carolina, Amarillo, Rosa",negro:212121|azul-real:4064a9|azul-real-verdadero:1f3d8e|morado-equipo:4d2a6e|gris:a09f9b|azul-carolina:6e84b6|amarillo:d1f86b|rosa:fe6995
distrito-r-mujer-s-v-i-t-tm-tanque-espalda-reunida-con-impresin-frontal-completa,Polo sin mangas mujer District VITâ¢ espalda fruncida,ropa-bolsos,polos,PRD-YCW6KTPHY,o WomenÃÆÃÆÃâÃÆÃÆÃâÃâÃÆÃÆÃÆÃâÃâÃÆÃâÃâÃÂ¢ÃÆÃÆÃâÃÆÃÆÃâÃâÃâÃÆÃÆÃâÃâÃÆÃâÃâÃâ¬ÃÆÃÆÃâÃÆÃÆÃâÃâÃâÃÆÃÆÃâÃâÃÆÃâÃâÃâ¢s V.I.T.ÃÆÃÆÃâÃÆÃÆÃâÃâÃÆÃÆÃÆÃâÃâÃÆÃâÃâÃÂ¢ÃÆÃÆÃâÃÆÃÆÃâÃâÃâÃÆÃÆÃâÃâÃÆÃâÃâÃâÃÆÃÆÃâÃÆÃÆÃâÃâÃâÃÆÃÆÃâÃâÃÆÃâÃâÃÂ¢ Gathered Back Camiseta Sin Mangas con Estampado Frontal - Disponible en mÃÆÃÆÃâÃÆÃÆÃâÃâÃÆÃÆÃÆÃâÃâÃÆÃâÃâÃÆÃÆÃÆÃâÃÆÃÆÃâÃâÃâÃÆÃÆÃâÃâÃÆÃâÃâÃÂºltiples colores y tallas,/media/product_images/ropa_y_bolsos/polos/district-r-women-s-v-i-t-tm-gathered-back-tank-with-full-front-print-rojo.jpg,active,mujer,sin_mangas,sin_mangas,District,"Rojo, Blanco, Azul Marino, Azul Real, Gris, Negro, Carbon",rojo:2e93cf|blanco:f2f2f2|azul-marino:22222e|azul-real:2b3486|gris:7c7770|negro:24201f|carbon:524a4d
camiseta-muy-importante-para-mujer-de-district-r-cuello-r-v-con-estampado-en-el-pecho-y-espalda-izquierdo,"Polo mujer District VITâ¢ cuello V con bolsillo izquierdo
",ropa-bolsos,polos,PRD-GURKDU3VZ,o WomenÃÆÃÆÃâÃÆÃÆÃâÃâÃÆÃÆÃÆÃâÃâÃÆÃâÃâÃÂ¢ÃÆÃÆÃâÃÆÃÆÃâÃâÃâÃÆÃÆÃâÃâÃÆÃâÃâÃâ¬ÃÆÃÆÃâÃÆÃÆÃâÃâÃâÃÆÃÆÃâÃâÃÆÃâÃâÃâ¢s Very Importante TeeÃÆÃÆÃâÃÆÃÆÃâÃâÃÆÃÆÃÆÃâÃâÃÆÃâÃâÃâÃÆÃÆÃâÃÆÃÆÃâÃâÃâÃÆÃÆÃâÃâ Cuello V con estampado en el lado izquierdo del pecho y la espalda - Disponible en mÃÆÃÆÃâÃÆÃÆÃâÃâÃÆÃÆÃÆÃâÃâÃÆÃâÃâÃÆÃÆÃÆÃâÃÆÃÆÃâÃâÃâÃÆÃÆÃâÃâÃÆÃâÃâÃÂºltiples colores y tallas,/media/product_images/ropa_y_bolsos/polos/district-r-women-s-very-important-tee-r-v-neck-with-left-chest-and-back-print-blanco.jpg,active,mujer,cuello_v,manga_corta,District,"Blanco, Azul Real, Gris, Azul Marino, Carbon, Fuchsia Frost",blanco:eeeeee|azul-real:505fa0|gris:b7b3b0|azul-marino:4e4e64|carbon:5a5254|fuchsia-frost:ec3f79
camiseta-muy-importante-juvenil-del-distrito-r-con-estampado-delantero-y-espalda-completo,"Polo juvenil District VIT
",ropa-bolsos,polos,PRD-M1SNAWARB,o Youth Very Important TeeÃÆÃÆÃâÃÆÃÆÃâÃâÃÆÃÆÃÆÃâÃâÃÆÃâÃâÃâÃÆÃÆÃâÃÆÃÆÃâÃâÃâÃÆÃÆÃâÃâ con Estampado Frontal and Back Print - Disponible en mÃÆÃÆÃâÃÆÃÆÃâÃâÃÆÃÆÃÆÃâÃâÃÆÃâÃâÃÆÃÆÃÆÃâÃÆÃÆÃâÃâÃâÃÆÃÆÃâÃâÃÆÃâÃâÃÂºltiples colores y tallas,/media/product_images/ropa_y_bolsos/polos/district-r-youth-very-important-tee-r-with-full-front-print-and-back-negro.jpg,active,juvenil,cuello_redondo,manga_corta,District,"Negro, Azul Real, Rojo, Azul Marino, Gris, Carbon",negro:222222|azul-real:4c69b5|rojo:cf0831|azul-marino:2e2d40|gris:919191|carbon:4c4d4f
camiseta-muy-importante-de-district-r-con-estampado-delantero-y-trasero-completo,Camiseta Very Importante de o con estampado frontal y posterior completo,ropa-bolsos,polos,PRD-PPLECE4MD,Camiseta o Very ImportanteÃÆÃÆÃâÃÆÃÆÃâÃâÃÆÃÆÃÆÃâÃâÃÆÃâÃâÃâÃÆÃÆÃâÃÆÃÆÃâÃâÃâÃÆÃÆÃâÃâ con estampado frontal y posterior completo - Disponible en mÃÆÃÆÃâÃÆÃÆÃâÃâÃÆÃÆÃÆÃâÃâÃÆÃâÃâÃÆÃÆÃÆÃâÃÆÃÆÃâÃâÃâÃÆÃÆÃâÃâÃÆÃâÃâÃÂºltiples colores y tallas,/media/product_images/ropa_y_bolsos/polos/district-r-very-important-tee-r-with-full-front-and-back-print-morado.jpg,active,unisex,cuello_redondo,manga_corta,District,"Morado, Verde, Azul Marino, Gris, Rojo, Azul Real, Negro",morado:5.03E+75|verde:2b4a45|azul-marino:515f6e|gris:a4a4a4|rojo:56966f|azul-real:5c7bcc|negro:1f1f1f
equipo-de-manga-corta-triblend-del-siguiente-nivel,Camiseta Triblend del siguiente nivel,ropa-bolsos,polos,PRD-QTRNRKNHR,Next Level Triblend T-Shirt - Disponible en mÃÆÃÆÃâÃÆÃÆÃâÃâÃÆÃÆÃÆÃâÃâÃÆÃâÃâÃÆÃÆÃÆÃâÃÆÃÆÃâÃâÃâÃÆÃÆÃâÃâÃÆÃâÃâÃÂºltiples colores y tallas,/media/product_images/ropa_y_bolsos/polos/next-level-triblend-short-sleeve-crew-azul.jpg,active,unisex,cuello_redondo,manga_corta,Next Level,"Azul, Vintage Turquoise, Azul Real, Rojo, Indigo, Morado, Azul Marino",azul:94e1e7|vintage-turquoise:39a4c6|azul-real:526ba2|rojo:be242a|indigo:51606c|morado:59434e|azul-marino:595b6e
camiseta-muy-importante-para-mujer-de-district-r-con-cuello-r-v-con-estampado-en-el-pecho-izquierdo-y-espalda,Camiseta mujer District VITâ¢ cuello V con estampado pequeÃ±o pecho izquierdo ,ropa-bolsos,polos,PRD-0HBESMDP5,Camiseta mujer District VITâ¢ cuello V con estampado pequeÃ±o pecho izquierdo  - Disponible en mÃÆÃÆÃâÃÆÃÆÃâÃâÃÆÃÆÃÆÃâÃâÃÆÃâÃâÃÆÃÆÃÆÃâÃÆÃÆÃâÃâÃâÃÆÃÆÃâÃâÃÆÃâÃâÃÂºltiples colores y tallas,/media/product_images/ropa_y_bolsos/polos/district-r-women-s-very-important-tee-r-v-neck-with-left-chest-print-and-back-printing-negro.jpg,active,mujer,cuello_v,manga_corta,District,"Negro, Azul Real, Rojo, Carbon, Gris, Azul Marino, Fuchsia Frost",negro:272323|azul-real:505fa0|rojo:ad3041|carbon:5a5254|gris:b7b3b0|azul-marino:4e4e64|fuchsia-frost:ec3f79
camiseta-juvenil-gildan-r-heavy-cotton-tm,Polo Juvenil GildÃ¡n Cuello Redondo,ropa-bolsos,polos,PRD-E9J8SM8FR,Polo Juvenil GildanÃÆÃÆÃâÃÆÃÆÃâÃâÃÆÃÆÃÆÃâÃâÃÆÃâÃâÃâÃÆÃÆÃâÃÆÃÆÃâÃâÃâÃÆÃÆÃâÃâ Heavy CottonÃÆÃÆÃâÃÆÃÆÃâÃâÃÆÃÆÃÆÃâÃâÃÆÃâÃâÃÂ¢ÃÆÃÆÃâÃÆÃÆÃâÃâÃâÃÆÃÆÃâÃâÃÆÃâÃâÃâÃÆÃÆÃâÃÆÃÆÃâÃâÃâÃÆÃÆÃâÃâÃÆÃâÃâÃÂ¢ Cuello Redondo - Disponible en mÃÆÃÆÃâÃÆÃÆÃâÃâÃÆÃÆÃÆÃâÃâÃÆÃâÃâÃÆÃÆÃÆÃâÃÆÃÆÃâÃâÃâÃÆÃÆÃâÃâÃÆÃâÃâÃÂºltiples colores y tallas,/media/product_images/ropa_y_bolsos/polos/gildan-r-heavy-cotton-tm-youth-t-shirt-arena.jpg,active,juvenil,cuello_redondo,manga_corta,Gildan,"Arena, Amarillo, Margarita, Cardenal, Violeta, Verde, Verde Irlandes, Azalea",arena:ebdfc9|amarillo:fdce7c|margarita:fee34b|cardenal:b1333e|violeta:a7a0c2|verde:77cf55|verde-irlandes:01bb6e|azalea:fe8fa8
tultex-unisex-poly-rich-camiseta,Polo Unisex Tultex Poly-Rich,ropa-bolsos,polos,PRD-BUJTP98EI,Polo Unisex TultexÃÆÃÆÃâÃÆÃÆÃâÃâÃÆÃÆÃÆÃâÃâÃÆÃâÃâÃâÃÆÃÆÃâÃÆÃÆÃâÃâÃâÃÆÃÆÃâÃâ Poly-Rich - Disponible en mÃÆÃÆÃâÃÆÃÆÃâÃâÃÆÃÆÃÆÃâÃâÃÆÃâÃâÃÆÃÆÃÆÃâÃÆÃÆÃâÃâÃâÃÆÃÆÃâÃâÃÆÃâÃâÃÂºltiples colores y tallas,/media/product_images/ropa_y_bolsos/polos/tultex-unisex-poly-rich-t-shirt-heather-peach.jpg,active,unisex,cuello_redondo,manga_corta,Tultex,"Heather Peach, Azul Marino Jaspeado, Negro, Azul, Verde, Rojo, Naranja, Azul Marino",heather-peach:e38062|azul-marino-jaspeado:686872|negro:0|azul:a1b9e2|verde:afbc92|rojo:c82030|naranja:d56e51|azul-marino:2d3044
jerzees-r-dri-power-r-active-camise-unissex,Polo unisex JERZEES Dri-Power Deportivo,ropa-bolsos,polos,PRD-L7BZCAPM3,Polo Unisex JERZEESÃÆÃÆÃâÃÆÃÆÃâÃâÃÆÃÆÃÆÃâÃâÃÆÃâÃâÃâÃÆÃÆÃâÃÆÃÆÃâÃâÃâÃÆÃÆÃâÃâ Dri-PowerÃÆÃÆÃâÃÆÃÆÃâÃâÃÆÃÆÃÆÃâÃâÃÆÃâÃâÃâÃÆÃÆÃâÃÆÃÆÃâÃâÃâÃÆÃÆÃâÃâ Deportivo - Disponible en mÃÆÃÆÃâÃÆÃÆÃâÃâÃÆÃÆÃÆÃâÃâÃÆÃâÃâÃÆÃÆÃÆÃâÃÆÃÆÃâÃâÃâÃÆÃÆÃâÃâÃÆÃâÃâÃÂºltiples colores y tallas,/media/product_images/ropa_y_bolsos/polos/jerzees-r-dri-power-r-active-unisex-t-shirt-rosa.jpg,active,unisex,cuello_redondo,manga_corta,JERZEES,"Rosa, Rojo, Azul Claro, Blanco, Verde Militar, Verde, Morado",rosa:ec81a5|rojo:7d060f|azul-claro:bfcfe6|blanco:f6f7f9|verde-militar:4b5232|verde:cef878|morado:35274a
district-r-v-i-t-tm-muscle-tanque-con-impresin-delantera-y-espalda-completa,"Camiseta sin mangas District VITâ¢ con estampado completo delantero y trasero
",ropa-bolsos,polos,PRD-5WKYM9NMU,Tank Top Unisex o V.I.T.ÃÆÃÆÃâÃÆÃÆÃâÃâÃÆÃÆÃÆÃâÃâÃÆÃâÃâÃÂ¢ÃÆÃÆÃâÃÆÃÆÃâÃâÃâÃÆÃÆÃâÃâÃÆÃâÃâÃâÃÆÃÆÃâÃÆÃÆÃâÃâÃâÃÆÃÆÃâÃâÃÆÃâÃâÃÂ¢ con Estampado - Disponible en mÃÆÃÆÃâÃÆÃÆÃâÃâÃÆÃÆÃÆÃâÃâÃÆÃâÃâÃÆÃÆÃÆÃâÃÆÃÆÃâÃâÃâÃÆÃÆÃâÃâÃÆÃâÃâÃÂºltiples colores y tallas,/media/product_images/ropa_y_bolsos/polos/district-r-v-i-t-tm-muscle-tank-with-full-front-and-back-print-negro.jpg,active,unisex,sin_mangas,sin_mangas,District,"Negro, Azul Real, Gris, Blanco",negro:1d1d1d|azul-real:5e7cc7|gris:8d8d8d|blanco:f7f7f7
camiseta-unisex-port-company-r-fan-favorite-tm,Camiseta unisex Port & Company Fan Favorite,ropa-bolsos,polos,PRD-HSQNEH9DV,Polo Unisex Port & CompanyÃÆÃÆÃâÃÆÃÆÃâÃâÃÆÃÆÃÆÃâÃâÃÆÃâÃâÃâÃÆÃÆÃâÃÆÃÆÃâÃâÃâÃÆÃÆÃâÃâ Fan FavoriteÃÆÃÆÃâÃÆÃÆÃâÃâÃÆÃÆÃÆÃâÃâÃÆÃâÃâÃÂ¢ÃÆÃÆÃâÃÆÃÆÃâÃâÃâÃÆÃÆÃâÃâÃÆÃâÃâÃâÃÆÃÆÃâÃÆÃÆÃâÃâÃâÃÆÃÆÃâÃâÃÆÃâÃâÃÂ¢ - Disponible en mÃÆÃÆÃâÃÆÃÆÃâÃâÃÆÃÆÃÆÃâÃâÃÆÃâÃâÃÆÃÆÃÆÃâÃÆÃÆÃâÃâÃâÃÆÃÆÃâÃâÃÆÃâÃâÃÂºltiples colores y tallas,/media/product_images/ropa_y_bolsos/polos/port-company-r-fan-favorite-tm-unisex-t-shirt-negro.jpg,active,unisex,cuello_redondo,manga_corta,Port & Company,"Negro, Gris, Granate",negro:2c2c2c|gris:393939|granate:5b202c
camiseta-de-manga-larga-gildan-r-dryblend-tm,Polo unisex Gildan DryblendTrum,ropa-bolsos,polos,PRD-1SRJVPVAY,Polo Unisex GildanÃÆÃÆÃâÃÆÃÆÃâÃâÃÆÃÆÃÆÃâÃâÃÆÃâÃâÃâÃÆÃÆÃâÃÆÃÆÃâÃâÃâÃÆÃÆÃâÃâ DryBlendÃÆÃÆÃâÃÆÃÆÃâÃâÃÆÃÆÃÆÃâÃâÃÆÃâÃâÃÂ¢ÃÆÃÆÃâÃÆÃÆÃâÃâÃâÃÆÃÆÃâÃâÃÆÃâÃâÃâÃÆÃÆÃâÃÆÃÆÃâÃâÃâÃÆÃÆÃâÃâÃÆÃâÃâÃÂ¢ Manga Larga - Disponible en mÃÆÃÆÃâÃÆÃÆÃâÃâÃÆÃÆÃÆÃâÃâÃÆÃâÃâÃÆÃÆÃÆÃâÃÆÃÆÃâÃâÃâÃÆÃÆÃâÃâÃÆÃâÃâÃÂºltiples colores y tallas,/media/product_images/ropa_y_bolsos/polos/gildan-r-dryblend-tm-long-sleeve-t-shirt-negro.jpg,active,unisex,cuello_redondo,manga_larga,Gildan,"Negro, Gris Deportivo, Azul Real, Naranja, Azul Marino, Verde Bosque, Rojo, Blanco",negro:0|gris-deportivo:cdcdcd|azul-real:4.17E+04|naranja:ffa500|azul-marino:80|verde-bosque:347235|rojo:ff0000|blanco:ffffff
camiseta-de-rendimiento-hanes-r-cool-dri-r,Camiseta tÃ©cnica Hanes Cool DRI,ropa-bolsos,polos,PRD-EFSSVRMEX,HanesÃÆÃÆÃâÃÆÃÆÃâÃâÃÆÃÆÃÆÃâÃâÃÆÃâÃâÃâÃÆÃÆÃâÃÆÃÆÃâÃâÃâÃÆÃÆÃâÃâ Cool DriÃÆÃÆÃâÃÆÃÆÃâÃâÃÆÃÆÃÆÃâÃâÃÆÃâÃâÃâÃÆÃÆÃâÃÆÃÆÃâÃâÃâÃÆÃÆÃâÃâ Short Sleeve Performance T-Shirt - Disponible en mÃÆÃÆÃâÃÆÃÆÃâÃâÃÆÃÆÃÆÃâÃâÃÆÃâÃâÃÆÃÆÃÆÃâÃÆÃÆÃâÃâÃâÃÆÃÆÃâÃâÃÆÃâÃâÃÂºltiples colores y tallas,/media/product_images/ropa_y_bolsos/polos/hanes-r-cool-dri-r-performance-t-shirt-azul-claro.jpg,active,unisex,cuello_redondo,manga_corta,Hanes,"Azul Claro, Negro, Rojo, Blanco, Graphite, Azul Marino",azul-claro:b2cae4|negro:312c30|rojo:d00449|blanco:ebecf0|graphite:948e9a|azul-marino:2d3e70
port-company-r-hombre-s-core-algodn-camiseta-serigrafa,Camiseta hombre Port & Company Core Cotton serigrafiada,ropa-bolsos,polos,PRD-I8ER8YMUI,Port & CompanyÃÆÃÆÃâÃÆÃÆÃâÃâÃÆÃÆÃÆÃâÃâÃÆÃâÃâÃâÃÆÃÆÃâÃÆÃÆÃâÃâÃâÃÆÃÆÃâÃâ Men's Core Cotton T-Shirt Screenprint - Disponible en mÃÆÃÆÃâÃÆÃÆÃâÃâÃÆÃÆÃÆÃâÃâÃÆÃâÃâÃÆÃÆÃÆÃâÃÆÃÆÃâÃâÃâÃÆÃÆÃâÃâÃÆÃâÃâÃÂºltiples colores y tallas,/media/product_images/ropa_y_bolsos/polos/port-company-r-men-s-core-cotton-t-shirt-screenprint-verde-azulado.jpg,active,hombre,cuello_redondo,manga_corta,Port & Company,"Verde Azulado, Cardenal, Kelly, Verde Oscuro, Sangria, Azul Claro, Amarillo, Heather Sangria",verde-azulado:006f7a|cardenal:8.41E+35|kelly:00af74|verde-oscuro:3.94E+43|sangria:f85582|azul-claro:b7d2dd|amarillo:edf063|heather-sangria:f76685
camiseta-favorita-de-los-fanticos-de-las-mujeres-port-company-r,Camiseta mujer Port & Company Fan Favorite,ropa-bolsos,polos,PRD-T3XZ8EPPH,Port & CompanyÃÆÃÆÃâÃÆÃÆÃâÃâÃÆÃÆÃÆÃâÃâÃÆÃâÃâÃâÃÆÃÆÃâÃÆÃÆÃâÃâÃâÃÆÃÆÃâÃâ Ladies Fan Favorite Tee - Disponible en mÃÆÃÆÃâÃÆÃÆÃâÃâÃÆÃÆÃÆÃâÃâÃÆÃâÃâÃÆÃÆÃÆÃâÃÆÃÆÃâÃâÃâÃÆÃÆÃâÃâÃÆÃâÃâÃÂºltiples colores y tallas,/media/product_images/ropa_y_bolsos/polos/port-company-r-ladies-fan-favorite-tee-naranja.jpg,active,mujer,cuello_redondo,manga_corta,Port & Company,"Naranja, Blanco, Azul Marino, Morado Equipo, Rojo, Azul Real Verdadero, Rosa, Verde Bosque",naranja:fe510d|blanco:f8f8f8|azul-marino:1f2437|morado-equipo:34194a|rojo:da1d33|azul-real-verdadero:022d64|rosa:fe87a5|verde-bosque:244331
camiseta-tech-de-manga-corta-elevate-men-s-omi,Camiseta tÃ©cnica hombre Elevate Omi blanca,ropa-bolsos,polos,PRD-ASID68BLC,Elevate Men's Omi Short Sleeve Tech T-Shirt - Disponible en mÃÆÃÆÃâÃÆÃÆÃâÃâÃÆÃÆÃÆÃâÃâÃÆÃâÃâÃÆÃÆÃÆÃâÃÆÃÆÃâÃâÃâÃÆÃÆÃâÃâÃÆÃâÃâÃÂºltiples colores y tallas,/media/product_images/ropa_y_bolsos/polos/elevate-men-s-omi-short-sleeve-tech-t-shirt-blanco.jpg,active,hombre,cuello_redondo,manga_corta,,"Blanco, Negro, Gris, Azul Marino, Azul Real, Naranja, Rojo, Sky",blanco:efefef|negro:20202|gris:949293|azul-marino:323846|azul-real:00448f|naranja:f36b39|rojo:a11e2b|sky:abc9e5
camiseta-manga-corta-hanes-r-authentic,Camiseta Hanes Authentic,ropa-bolsos,polos,PRD-PWSEOHXQV,HanesÃÆÃÆÃâÃÆÃÆÃâÃâÃÆÃÆÃÆÃâÃâÃÆÃâÃâÃâÃÆÃÆÃâÃÆÃÆÃâÃâÃâÃÆÃÆÃâÃâ Authentic Short Sleeve T-Shirt - Disponible en mÃÆÃÆÃâÃÆÃÆÃâÃâÃÆÃÆÃÆÃâÃâÃÆÃâÃâÃÆÃÆÃÆÃâÃÆÃÆÃâÃâÃâÃÆÃÆÃâÃâÃÆÃâÃâÃÂºltiples colores y tallas,/media/product_images/ropa_y_bolsos/polos/hanes-r-authentic-short-sleeve-t-shirt-rosa.jpg,active,unisex,cuello_redondo,manga_corta,Hanes,"Rosa, Naranja, Gris, Rojo, Azul Claro, Verde Kelly, Morado",rosa:ff668f|naranja:fe5629|gris:9f9f9f|rojo:df0037|azul-claro:bbd2dc|verde-kelly:02a774|morado:5b418a
camiseta-de-manga-larga-gildan-r-ultra-cotton-tm,Camiseta manga larga Gildan Ultra Cotton,ropa-bolsos,polos,PRD-PDCCDECIR,GildanÃÆÃÆÃâÃÆÃÆÃâÃâÃÆÃÆÃÆÃâÃâÃÆÃâÃâÃâÃÆÃÆÃâÃÆÃÆÃâÃâÃâÃÆÃÆÃâÃâ Ultra CottonÃÆÃÆÃâÃÆÃÆÃâÃâÃÆÃÆÃÆÃâÃâÃÆÃâÃâÃÂ¢ÃÆÃÆÃâÃÆÃÆÃâÃâÃâÃÆÃÆÃâÃâÃÆÃâÃâÃâÃÆÃÆÃâÃÆÃÆÃâÃâÃâÃÆÃÆÃâÃâÃÆÃâÃâÃÂ¢ Manga Larga T-Shirt - Disponible en mÃÆÃÆÃâÃÆÃÆÃâÃâÃÆÃÆÃÆÃâÃâÃÆÃâÃâÃÆÃÆÃÆÃâÃÆÃÆÃâÃâÃâÃÆÃÆÃâÃâÃÆÃâÃâÃÂºltiples colores y tallas,/media/product_images/ropa_y_bolsos/polos/gildan-r-ultra-cotton-tm-long-sleeve-t-shirt-azul-real.jpg,active,unisex,cuello_redondo,manga_larga,Gildan,"Azul Real, Naranja, Morado, Gris Deportivo, Azul, Carbon, Verde Militar",azul-real:2858ba|naranja:bf6f3a|morado:420078|gris-deportivo:c3c5d1|azul:4f678a|carbon:756e6f|verde-militar:646545
camiseta-muy-importante-de-manga-larga-con-estampado-delantero-y-trasero-completo,Camiseta manga larga District VIT con estampado completo delantero y trasero,ropa-bolsos,polos,PRD-WOIDWFFII,o Very Important TeeÃÆÃÆÃâÃÆÃÆÃâÃâÃÆÃÆÃÆÃâÃâÃÆÃâÃâÃâÃÆÃÆÃâÃÆÃÆÃâÃâÃâÃÆÃÆÃâÃâ Manga Larga with Full-Front and Back Print - Disponible en mÃÆÃÆÃâÃÆÃÆÃâÃâÃÆÃÆÃÆÃâÃâÃÆÃâÃâÃÆÃÆÃÆÃâÃÆÃÆÃâÃâÃâÃÆÃÆÃâÃâÃÆÃâÃâÃÂºltiples colores y tallas,/media/product_images/ropa_y_bolsos/polos/district-r-very-important-tee-r-long-sleeve-with-full-front-and-back-print-gris.jpg,active,unisex,cuello_redondo,manga_larga,District,"Gris, Negro, Carbon, Azul Marino, Blanco",gris:c0c0c0|negro:1e1e1e|carbon:58575b|azul-marino:3c4556|blanco:ececec
camiseta-muy-importante-del-distrito-r-con-impresin-frontal-y-trasera-completa,"Camiseta District VITâ¢ con estampado completo delantero y trasero azul marino
",ropa-bolsos,polos,PRD-A9UJBKWHR,Camiseta o Very ImportanteÃÆÃÆÃâÃÆÃÆÃâÃâÃÆÃÆÃÆÃâÃâÃÆÃâÃâÃâÃÆÃÆÃâÃÆÃÆÃâÃâÃâÃÆÃÆÃâÃâ con estampado frontal completo y estampado posterior - Disponible en mÃÆÃÆÃâÃÆÃÆÃâÃâÃÆÃÆÃÆÃâÃâÃÆÃâÃâÃÆÃÆÃÆÃâÃÆÃÆÃâÃâÃâÃÆÃÆÃâÃâÃÆÃâÃâÃÂºltiples colores y tallas,/media/product_images/ropa_y_bolsos/polos/district-r-very-important-tee-r-with-full-front-print-and-back-printing-azul-marino.jpg,active,unisex,cuello_redondo,manga_corta,District,"Azul Marino, Azul Real, Rojo, Morado, Negro",azul-marino:1a1e33|azul-real:2b4082|rojo:569c72|morado:4a356d|negro:1f1f1f
camiseta-muy-importante-de-mujer-de-district-r-manga-larga-cuello-en-v-con-estampado-en-el-pecho-izquierdo-y-espalda,Camiseta manga larga mujer District VITâ¢ cuello V con estampado pequeÃ±o pecho izquierdo + espalda,ropa-bolsos,polos,PRD-F2MFGXAZE,o Women's Very Important TeeÃÆÃÆÃâÃÆÃÆÃâÃâÃÆÃÆÃÆÃâÃâÃÆÃâÃâÃâÃÆÃÆÃâÃÆÃÆÃâÃâÃâÃÆÃÆÃâÃâ Manga Larga Cuello V con Estampado en Pecho and Back Printing - Disponible en mÃÆÃÆÃâÃÆÃÆÃâÃâÃÆÃÆÃÆÃâÃâÃÆÃâÃâÃÆÃÆÃÆÃâÃÆÃÆÃâÃâÃâÃÆÃÆÃâÃâÃÆÃâÃâÃÂºltiples colores y tallas,/media/product_images/ropa_y_bolsos/polos/district-r-women-s-very-important-tee-r-long-sleeve-v-neck-with-left-chest-print-and-back-printing-gris.jpg,active,mujer,cuello_v,manga_larga,District,"Gris, Azul Marino, Carbon, Negro, Blanco",gris:bab7b4|azul-marino:47485d|carbon:554c4f|negro:2b2727|blanco:f1f1f1
camiseta-muy-importante-de-district-r-con-cuello-r-v-y-estampado-delantero-y-trasero-completo,Camiseta DistrictÂ® Very Important Tee con cuello en V y estampado completo frontal y trasero,ropa-bolsos,polos,PRD-I8PDE6L63,o Very Important TeeÃÆÃÆÃâÃÆÃÆÃâÃâÃÆÃÆÃÆÃâÃâÃÆÃâÃâÃâÃÆÃÆÃâÃÆÃÆÃâÃâÃâÃÆÃÆÃâÃâ Cuello V with Full-Front and Back Print - Disponible en mÃÆÃÆÃâÃÆÃÆÃâÃâÃÆÃÆÃÆÃâÃâÃÆÃâÃâÃÆÃÆÃÆÃâÃÆÃÆÃâÃâÃâÃÆÃÆÃâÃâÃÆÃâÃâÃÂºltiples colores y tallas,/media/product_images/ropa_y_bolsos/polos/district-r-very-important-tee-r-v-neck-with-full-front-and-back-print-negro.jpg,active,unisex,cuello_v,manga_corta,District,"Negro, Azul Marino, Azul Real, Gris, Carbon, Blanco, Rojo",negro:212121|azul-marino:454f61|azul-real:5c80ce|gris:afafaf|carbon:46464a|blanco:ededed|rojo:8f1520
gildan-r-rendimiento-camisa-de-manga-larga,Camisa de manga larga Gildan Performance,ropa-bolsos,polos,PRD-0NZLVK7YQ,GildanÃÆÃÆÃâÃÆÃÆÃâÃâÃÆÃÆÃÆÃâÃâÃÆÃâÃâÃâÃÆÃÆÃâÃÆÃÆÃâÃâÃâÃÆÃÆÃâÃâ Performance Manga Larga Shirt - Disponible en mÃÆÃÆÃâÃÆÃÆÃâÃâÃÆÃÆÃÆÃâÃâÃÆÃâÃâÃÆÃÆÃÆÃâÃÆÃÆÃâÃâÃâÃÆÃÆÃâÃâÃÆÃâÃâÃÂºltiples colores y tallas,/media/product_images/ropa_y_bolsos/polos/gildan-r-performance-long-sleeve-shirt-verde.jpg,active,unisex,cuello_redondo,manga_larga,Gildan,"Verde, Blanco, Azul Real, Azul Marino, Carbon, Negro, Naranja, Morado",verde:dde00f|blanco:ffffff|azul-real:4.17E+04|azul-marino:80|carbon:34282c|negro:0|naranja:ffa500|morado:800080
gildan-r-camiseta-de-algodn-pesado-para-mujer,Camiseta Gildan Heavy Cotton para mujer,ropa-bolsos,polos,PRD-PFKK5FPRR,GildanÃÆÃÆÃâÃÆÃÆÃâÃâÃÆÃÆÃÆÃâÃâÃÆÃâÃâÃâÃÆÃÆÃâÃÆÃÆÃâÃâÃâÃÆÃÆÃâÃâ AlgodÃ¡n Pesado Polo Mujer - Disponible en mÃÆÃÆÃâÃÆÃÆÃâÃâÃÆÃÆÃÆÃâÃâÃÆÃâÃâÃÆÃÆÃÆÃâÃÆÃÆÃâÃâÃâÃÆÃÆÃâÃâÃÆÃâÃâÃÂºltiples colores y tallas,/media/product_images/ropa_y_bolsos/polos/gildan-r-heavy-cotton-women-s-t-shirt-negro.jpg,active,mujer,cuello_redondo,manga_corta,Gildan,"Negro, Margarita, Coral Seda, Zafiro, Azul, Naranja, Rosa Claro, Azul Claro",negro:151515|margarita:fecf08|coral-seda:fe6f6a|zafiro:5cafd8|azul:328d86|naranja:fe4b28|rosa-claro:ebb8c7|azul-claro:c4d7db
district-r-v-i-t-tm-muscle-tanque-con-estampado-de-pecho-y-espalda-izquierdo,Camiseta sin mangas DistrictÂ® V.I.T.â¢ Muscle Tank con estampado en pecho izquierdo y espalda,ropa-bolsos,polos,PRD-JPVAHITLF,Camiseta Musculada Sin Manga,/media/product_images/ropa_y_bolsos/polos/district-r-v-i-t-tm-muscle-tank-with-left-chest-and-back-print-gris.jpg,active,unisex,sin_mangas,sin_mangas,District,"Gris, Negro, Azul Real",gris:8d8d8d|negro:1d1d1d|azul-real:5e7cc7
camiseta-manga-larga-port-company-r-fan-favorite-tm,Camiseta de manga larga Favorita del Aficionadoâ¢ de Port & Company,ropa-bolsos,polos,PRD-NUSDNKNTA,Port & CompanyÃÆÃÆÃâÃÆÃÆÃâÃâÃÆÃÆÃÆÃâÃâÃÆÃâÃâÃâÃÆÃÆÃâÃÆÃÆÃâÃâÃâÃÆÃÆÃâÃâ Fan FavoriteÃÆÃÆÃâÃÆÃÆÃâÃâÃÆÃÆÃÆÃâÃâÃÆÃâÃâÃÂ¢ÃÆÃÆÃâÃÆÃÆÃâÃâÃâÃÆÃÆÃâÃâÃÆÃâÃâÃâÃÆÃÆÃâÃÆÃÆÃâÃâÃâÃÆÃÆÃâÃâÃÆÃâÃâÃÂ¢ Manga Larga T-shirt - Disponible en mÃÆÃÆÃâÃÆÃÆÃâÃâÃÆÃÆÃÆÃâÃâÃÆÃâÃâÃÆÃÆÃÆÃâÃÆÃÆÃâÃâÃâÃÆÃÆÃâÃâÃÆÃâÃâÃÂºltiples colores y tallas,/media/product_images/ropa_y_bolsos/polos/port-company-r-fan-favorite-tm-long-sleeve-t-shirt-azul-real-verdadero.jpg,active,unisex,cuello_redondo,manga_larga,Port & Company,"Azul Real Verdadero, Rojo, Cardenal, Azul Marino, Carbon, Negro, Verde Bosque, Gris",azul-real-verdadero:2943a0|rojo:d6323d|cardenal:af2b39|azul-marino:303749|carbon:424240|negro:2c2c2c|verde-bosque:304c3d|gris:494949
tultex-unisex-camiseta-de-jersey-fina,Tultex Fine Jersey Camiseta Sin Mangas,ropa-bolsos,polos,PRD-WNTFUHEU3,Tultex Fine Jersey Camiseta Sin Mangas - Disponible en mÃÆÃÆÃâÃÆÃÆÃâÃâÃÆÃÆÃÆÃâÃâÃÆÃâÃâÃÆÃÆÃÆÃâÃÆÃÆÃâÃâÃâÃÆÃÆÃâÃâÃÆÃâÃâÃÂºltiples colores y tallas,/media/product_images/ropa_y_bolsos/polos/tultex-unisex-fine-jersey-tank-top-negro.jpg,active,unisex,sin_mangas,sin_mangas,,"Negro, Azul Marino, Blanco, Rojo, Gris Jaspeado",negro:0|azul-marino:2f3246|blanco:ffffff|rojo:c82030|gris-jaspeado:a8a8a8
camiseta-muy-importante-de-district-r-con-cuello-r-v-y-estampado-de-pecho-y-espalda-izquierdo,Camiseta de cuello V Very Important TeeÂ® de District con estampado en el pecho izquierdo y la espalda,ropa-bolsos,polos,PRD-4DFJULNAR,o Very Important TeeÃÆÃÆÃâÃÆÃÆÃâÃâÃÆÃÆÃÆÃâÃâÃÆÃâÃâÃâÃÆÃÆÃâÃÆÃÆÃâÃâÃâÃÆÃÆÃâÃâ Cuello V with Left Chest and Back Print - Disponible en mÃÆÃÆÃâÃÆÃÆÃâÃâÃÆÃÆÃÆÃâÃâÃÆÃâÃâÃÆÃÆÃÆÃâÃÆÃÆÃâÃâÃâÃÆÃÆÃâÃâÃÆÃâÃâÃÂºltiples colores y tallas,/media/product_images/ropa_y_bolsos/polos/district-r-very-important-tee-r-v-neck-with-left-chest-and-back-print-azul-marino.jpg,active,unisex,cuello_v,manga_corta,District,"Azul Marino, Negro, Carbon, Gris, Azul Real, Blanco, Rojo",azul-marino:131728|negro:212121|carbon:46464a|gris:afafaf|azul-real:5c80ce|blanco:ededed|rojo:8f1520
camiseta-tanque-con-espalda-racer-ideal-para-mujer-siguiente-nivel-tm,Camiseta sin mangas espalda nadadora Ideal para mujer de Next Level,ropa-bolsos,polos,PRD-VSA13NCKX,Next LevelÃÆÃÆÃâÃÆÃÆÃâÃâÃÆÃÆÃÆÃâÃâÃÆÃâÃâÃÂ¢ÃÆÃÆÃâÃÆÃÆÃâÃâÃâÃÆÃÆÃâÃâÃÆÃâÃâÃâÃÆÃÆÃâÃÆÃÆÃâÃâÃâÃÆÃÆÃâÃâÃÆÃâÃâÃÂ¢ Women's Ideal Racerback Camiseta Sin Mangas - Disponible en mÃÆÃÆÃâÃÆÃÆÃâÃâÃÆÃÆÃÆÃâÃâÃÆÃâÃâÃÆÃÆÃÆÃâÃÆÃÆÃâÃâÃâÃÆÃÆÃâÃâÃÆÃâÃâÃÂºltiples colores y tallas,/media/product_images/ropa_y_bolsos/polos/next-level-tm-women-s-ideal-racerback-tank-verde-kelly.jpg,active,mujer,sin_mangas,sin_mangas,Next Level,"Verde Kelly, Azul, Lila, Rojo, Azul Real, Cardenal, Turquoise, Gris",verde-kelly:00b564|azul:00cfc9|lila:e7b0cd|rojo:bf0932|azul-real:114587|cardenal:771c2d|turquoise:016dab|gris:615d5e
camiseta-unisex-tri-blend-r-de-port-company-r,Camiseta Unisex de Tejido Tri-Blend de Port & Company,ropa-bolsos,polos,PRD-QBAQTUIUR,Port & CompanyÃÆÃÆÃâÃÆÃÆÃâÃâÃÆÃÆÃÆÃâÃâÃÆÃâÃâÃâÃÆÃÆÃâÃÆÃÆÃâÃâÃâÃÆÃÆÃâÃâ Tri-Blend Unisex Tee - Disponible en mÃÆÃÆÃâÃÆÃÆÃâÃâÃÆÃÆÃÆÃâÃâÃÆÃâÃâÃÆÃÆÃÆÃâÃÆÃÆÃâÃâÃâÃÆÃÆÃâÃâÃÆÃâÃâÃÂºltiples colores y tallas,/media/product_images/ropa_y_bolsos/polos/port-company-r-tri-blend-unisex-tee-negro.jpg,active,unisex,cuello_redondo,manga_corta,Port & Company,"Negro, Azul Real, Naranja, Verde Azulado, Verde, Morado, Marron",negro:1a1a1a|azul-real:4a6dbd|naranja:ea5e34|verde-azulado:437683|verde:3c4c3b|morado:3d2c57|marron:685b3d
camiseta-muy-importante-juvenil-del-distrito-r-con-impresin-delantera-y-trasera-completa,Camiseta juvenil Very Importante de o con estampado frontal y posterior,ropa-bolsos,polos,PRD-Z5HAWRD3D,Camiseta o Youth Very ImportanteÃÆÃÆÃâÃÆÃÆÃâÃâÃÆÃÆÃÆÃâÃâÃÆÃâÃâÃâÃÆÃÆÃâÃÆÃÆÃâÃâÃâÃÆÃÆÃâÃâ con estampado frontal y posterior completo - Disponible en mÃÆÃÆÃâÃÆÃÆÃâÃâÃÆÃÆÃÆÃâÃâÃÆÃâÃâÃÆÃÆÃÆÃâÃÆÃÆÃâÃâÃâÃÆÃÆÃâÃâÃÆÃâÃâÃÂºltiples colores y tallas,/media/product_images/ropa_y_bolsos/polos/district-r-youth-very-important-tee-r-with-full-front-and-back-print-azul-real.jpg,active,juvenil,cuello_redondo,manga_corta,District,"Azul Real, Rojo, Gris, Carbon, Negro",azul-real:2a4a8b|rojo:548d6c|gris:919191|carbon:575254|negro:222222
jerzees-camiseta-manga-lard-r-roper-ractive,Camiseta de manga larga Active Dri-Power de Jerzees,ropa-bolsos,polos,PRD-EXX98EXIX,Polo Unisex JERZEESÃÆÃÆÃâÃÆÃÆÃâÃâÃÆÃÆÃÆÃâÃâÃÆÃâÃâÃâÃÆÃÆÃâÃÆÃÆÃâÃâÃâÃÆÃÆÃâÃâ Dri-PowerÃÆÃÆÃâÃÆÃÆÃâÃâÃÆÃÆÃÆÃâÃâÃÆÃâÃâÃâÃÆÃÆÃâÃÆÃÆÃâÃâÃâÃÆÃÆÃâÃâ Manga Larga - Disponible en mÃÆÃÆÃâÃÆÃÆÃâÃâÃÆÃÆÃÆÃâÃâÃÆÃâÃâÃÆÃÆÃÆÃâÃÆÃÆÃâÃâÃâÃÆÃÆÃâÃâÃÆÃâÃâÃÂºltiples colores y tallas,/media/product_images/ropa_y_bolsos/polos/jerzees-r-dri-power-r-active-long-sleeve-t-shirt-negro.jpg,active,unisex,cuello_redondo,manga_larga,JERZEES,"Negro, Azul, Rosa, Naranja, Azul Marino, Cardenal, Arena",negro:0|azul:0189a1|rosa:e43975|naranja:fe4f26|azul-marino:121420|cardenal:8f1025|arena:d4cbbd
camiseta-muy-importante-de-district-r-con-cuello-r-v-con-estampado-delantero-y-espalda-completo,Camiseta de cuello V Very Important Tee de District con estampado completo frontal y en la espalda,ropa-bolsos,polos,PRD-0DZGFKNVD,Polo Unisex o Cuello V Estampado Completo - Disponible en mÃÆÃÆÃâÃÆÃÆÃâÃâÃÆÃÆÃÆÃâÃâÃÆÃâÃâÃÆÃÆÃÆÃâÃÆÃÆÃâÃâÃâÃÆÃÆÃâÃâÃÆÃâÃâÃÂºltiples colores y tallas,/media/product_images/ropa_y_bolsos/polos/district-r-very-important-tee-r-v-neck-with-full-front-print-and-back-azul-marino.jpg,active,unisex,cuello_v,manga_corta,District,"Azul Marino, Azul Real, Negro, Blanco, Carbon, Gris",azul-marino:131728|azul-real:5c80ce|negro:212121|blanco:ededed|carbon:46464a|gris:afafaf
distrito-r-mujer-s-v-i-t-tm-tanque-espalda-reunida-con-estampado-en-el-pecho-izquierdo,Tank Top de espalda fruncida V.I.T. para mujer de District con estampado en el pecho izquierdo,ropa-bolsos,polos,PRD-DWOTAYAUF,o WomenÃÆÃÆÃâÃÆÃÆÃâÃâÃÆÃÆÃÆÃâÃâÃÆÃâÃâÃÂ¢ÃÆÃÆÃâÃÆÃÆÃâÃâÃâÃÆÃÆÃâÃâÃÆÃâÃâÃâ¬ÃÆÃÆÃâÃÆÃÆÃâÃâÃâÃÆÃÆÃâÃâÃÆÃâÃâÃâ¢s V.I.T.ÃÆÃÆÃâÃÆÃÆÃâÃâÃÆÃÆÃÆÃâÃâÃÆÃâÃâÃÂ¢ÃÆÃÆÃâÃÆÃÆÃâÃâÃâÃÆÃÆÃâÃâÃÆÃâÃâÃâÃÆÃÆÃâÃÆÃÆÃâÃâÃâÃÆÃÆÃâÃâÃÆÃâÃâÃÂ¢ Gathered Back Camiseta Sin Mangas con Estampado en Pecho - Disponible en mÃÆÃÆÃâÃÆÃÆÃâÃâÃÆÃÆÃÆÃâÃâÃÆÃâÃâÃÆÃÆÃÆÃâÃÆÃÆÃâÃâÃâÃÆÃÆÃâÃâÃÆÃâÃâÃÂºltiples colores y tallas,/media/product_images/ropa_y_bolsos/polos/district-r-women-s-v-i-t-tm-gathered-back-tank-with-left-chest-print-rojo.jpg,active,mujer,sin_mangas,sin_mangas,District,"Rojo, Azul Marino, Negro, Azul Real, Carbon, Blanco, Gris",rojo:2e93cf|azul-marino:22222e|negro:24201f|azul-real:2b3486|carbon:524a4d|blanco:f2f2f2|gris:7c7770
camiseta-crop-de-damas-festival-cali-ropa-de-siguiente-nivel,Camiseta corta 'Festival Cali' para damas de Next Level Apparel,ropa-bolsos,polos,PRD-S33PK8AIF,Top Crop Mujer Next Level Festival - Disponible en mÃÆÃÆÃâÃÆÃÆÃâÃâÃÆÃÆÃÆÃâÃâÃÆÃâÃâÃÆÃÆÃÆÃâÃÆÃÆÃâÃâÃâÃÆÃÆÃâÃâÃÆÃâÃâÃÂºltiples colores y tallas,/media/product_images/ropa_y_bolsos/polos/next-level-apparel-ladies-festival-cali-crop-t-shirt-negro.jpg,active,mujer,crop_top,manga_corta,Next Level,"Negro, Azul Real, Rosa, Dorado, Smoked Paprika, Shiraz, Ceniza, Carbon",negro:0|azul-real:547564|rosa:f1beab|dorado:c69d45|smoked-paprika:6d4344|shiraz:593541|ceniza:a4acb9|carbon:42474b
distrito-r-mujer-racerback-camiseta-sin-mangas-transferencia-de-calor,Tank Top espalda nadadora para mujer de District - Transferencia de calor,ropa-bolsos,polos,PRD-NTXDCUXST,Tank Top Mujer o Espalda AtlÃÆÃÆÃâÃÆÃÆÃâÃâÃÆÃÆÃÆÃâÃâÃÆÃâÃâÃÆÃÆÃÆÃâÃÆÃÆÃâÃâÃâÃÆÃÆÃâÃâÃÆÃâÃâÃÂ©tica - Disponible en mÃÆÃÆÃâÃÆÃÆÃâÃâÃÆÃÆÃÆÃâÃâÃÆÃâÃâÃÆÃÆÃÆÃâÃÆÃÆÃâÃâÃâÃÆÃÆÃâÃâÃÆÃâÃâÃÂºltiples colores y tallas,/media/product_images/ropa_y_bolsos/polos/district-r-women-s-racerback-tank-top-heat-transfer-negro.jpg,active,mujer,sin_mangas,sin_mangas,District,"Negro, Turquoise Frost, Blanco, Rojo, Morado, Fuchsia Frost, Azul Marino, Azul Real",negro:333333|turquoise-frost:67aece|blanco:e5e6e8|rojo:b63a44|morado:52457d|fuchsia-frost:e25982|azul-marino:545a68|azul-real:5760aa
