category;subcategory;product;size;quantity;price
Stickers;;Stickers transparentes;3cm x 3cm;10;10
Stickers;;Stickers transparentes;3cm x 3cm;20;20
Stickers;;Stickers transparentes;3cm x 3cm;50;30
Stickers;;Stickers transparentes;3cm x 3cm;100;40
Stickers;;Stickers transparentes;3cm x 3cm;200;70
Stickers;;Stickers transparentes;3cm x 3cm;300;120
Stickers;;Stickers transparentes;3cm x 3cm;500;200
Stickers;;Stickers transparentes;3cm x 3cm;1000;300
Stickers;;Stickers transparentes;3cm x 3cm;2000;600
Stickers;;Stickers transparentes;5cm x 5cm;10;20
Stickers;;Stickers transparentes;5cm x 5cm;20;30
Stickers;;Stickers transparentes;5cm x 5cm;50;40
Stickers;;Stickers transparentes;5cm x 5cm;100;60
Stickers;;Stickers transparentes;5cm x 5cm;200;110
Stickers;;Stickers transparentes;5cm x 5cm;300;170
Stickers;;Stickers transparentes;5cm x 5cm;500;220
Stickers;;Stickers transparentes;5cm x 5cm;1000;400
Stickers;;Stickers transparentes;5cm x 5cm;2000;900
Stickers;;Stickers transparentes;7cm x 7cm;10;30
Stickers;;Stickers transparentes;7cm x 7cm;20;40
Stickers;;Stickers transparentes;7cm x 7cm;50;70
Stickers;;Stickers transparentes;7cm x 7cm;100;80
Stickers;;Stickers transparentes;7cm x 7cm;200;140
Stickers;;Stickers transparentes;7cm x 7cm;300;180
Stickers;;Stickers transparentes;7cm x 7cm;500;250
Stickers;;Stickers transparentes;7cm x 7cm;1000;480
Stickers;;Stickers transparentes;7cm x 7cm;2000;950
Stickers;;Stickers transparentes;10cm x 10cm;10;40
Stickers;;Stickers transparentes;10cm x 10cm;20;50
Stickers;;Stickers transparentes;10cm x 10cm;50;90
Stickers;;Stickers transparentes;10cm x 10cm;100;140
Stickers;;Stickers transparentes;10cm x 10cm;200;250
Stickers;;Stickers transparentes;10cm x 10cm;300;380
Stickers;;Stickers transparentes;10cm x 10cm;500;580
Stickers;;Stickers transparentes;10cm x 10cm;1000;1240
Stickers;;Stickers transparentes;10cm x 10cm;2000;2200
Stickers;;Stickers transparentes;13cm x 13cm;10;50
Stickers;;Stickers transparentes;13cm x 13cm;20;60
Stickers;;Stickers transparentes;13cm x 13cm;50;100
Stickers;;Stickers transparentes;13cm x 13cm;100;150
Stickers;;Stickers transparentes;13cm x 13cm;200;260
Stickers;;Stickers transparentes;13cm x 13cm;300;390
Stickers;;Stickers transparentes;13cm x 13cm;500;600
Stickers;;Stickers transparentes;13cm x 13cm;1000;1400
Stickers;;Stickers transparentes;13cm x 13cm;2000;2500
Stickers;;Stickers transparentes;15cm x 15cm;10;70
Stickers;;Stickers transparentes;15cm x 15cm;20;90
Stickers;;Stickers transparentes;15cm x 15cm;50;120
Stickers;;Stickers transparentes;15cm x 15cm;100;240
Stickers;;Stickers transparentes;15cm x 15cm;200;440
Stickers;;Stickers transparentes;15cm x 15cm;300;680
Stickers;;Stickers transparentes;15cm x 15cm;500;1400
Stickers;;Stickers transparentes;15cm x 15cm;1000;2200
Stickers;;Stickers transparentes;15cm x 15cm;2000;4400
Stickers;;Stickers troquelados;3cm x 3cm;10;10
Stickers;;Stickers troquelados;3cm x 3cm;20;20
Stickers;;Stickers troquelados;3cm x 3cm;50;30
Stickers;;Stickers troquelados;3cm x 3cm;100;50
Stickers;;Stickers troquelados;3cm x 3cm;200;80
Stickers;;Stickers troquelados;3cm x 3cm;300;140
Stickers;;Stickers troquelados;3cm x 3cm;500;200
Stickers;;Stickers troquelados;3cm x 3cm;1000;300
Stickers;;Stickers troquelados;3cm x 3cm;2000;600
Stickers;;Stickers troquelados;5cm x 5cm;10;20
Stickers;;Stickers troquelados;5cm x 5cm;20;30
Stickers;;Stickers troquelados;5cm x 5cm;50;50
Stickers;;Stickers troquelados;5cm x 5cm;100;60
Stickers;;Stickers troquelados;5cm x 5cm;200;130
Stickers;;Stickers troquelados;5cm x 5cm;300;170
Stickers;;Stickers troquelados;5cm x 5cm;500;220
Stickers;;Stickers troquelados;5cm x 5cm;1000;400
Stickers;;Stickers troquelados;5cm x 5cm;2000;900
Stickers;;Stickers troquelados;7cm x 7cm;10;30
Stickers;;Stickers troquelados;7cm x 7cm;20;50
Stickers;;Stickers troquelados;7cm x 7cm;50;80
Stickers;;Stickers troquelados;7cm x 7cm;100;100
Stickers;;Stickers troquelados;7cm x 7cm;200;170
Stickers;;Stickers troquelados;7cm x 7cm;300;220
Stickers;;Stickers troquelados;7cm x 7cm;500;270
Stickers;;Stickers troquelados;7cm x 7cm;1000;480
Stickers;;Stickers troquelados;7cm x 7cm;2000;950
Stickers;;Stickers troquelados;10cm x 10cm;10;50
Stickers;;Stickers troquelados;10cm x 10cm;20;60
Stickers;;Stickers troquelados;10cm x 10cm;50;90
Stickers;;Stickers troquelados;10cm x 10cm;100;130
Stickers;;Stickers troquelados;10cm x 10cm;200;240
Stickers;;Stickers troquelados;10cm x 10cm;300;380
Stickers;;Stickers troquelados;10cm x 10cm;500;580
Stickers;;Stickers troquelados;10cm x 10cm;1000;1240
Stickers;;Stickers troquelados;10cm x 10cm;2000;2200
Stickers;;Stickers troquelados;13cm x 13cm;10;60
Stickers;;Stickers troquelados;13cm x 13cm;20;70
Stickers;;Stickers troquelados;13cm x 13cm;50;100
Stickers;;Stickers troquelados;13cm x 13cm;100;140
Stickers;;Stickers troquelados;13cm x 13cm;200;270
Stickers;;Stickers troquelados;13cm x 13cm;300;380
Stickers;;Stickers troquelados;13cm x 13cm;500;600
Stickers;;Stickers troquelados;13cm x 13cm;1000;1400
Stickers;;Stickers troquelados;13cm x 13cm;2000;2500
Stickers;;Stickers troquelados;15cm x 15cm;10;70
Stickers;;Stickers troquelados;15cm x 15cm;20;90
Stickers;;Stickers troquelados;15cm x 15cm;50;120
Stickers;;Stickers troquelados;15cm x 15cm;100;240
Stickers;;Stickers troquelados;15cm x 15cm;200;440
Stickers;;Stickers troquelados;15cm x 15cm;300;680
Stickers;;Stickers troquelados;15cm x 15cm;500;1400
Stickers;;Stickers troquelados;15cm x 15cm;1000;2200
Stickers;;Stickers troquelados;15cm x 15cm;2000;4400
Stickers;;Stickers semitroquelados;3cm x 3cm;10;10
Stickers;;Stickers semitroquelados;3cm x 3cm;20;20
Stickers;;Stickers semitroquelados;3cm x 3cm;50;30
Stickers;;Stickers semitroquelados;3cm x 3cm;100;50
Stickers;;Stickers semitroquelados;3cm x 3cm;200;80
Stickers;;Stickers semitroquelados;3cm x 3cm;300;140
Stickers;;Stickers semitroquelados;3cm x 3cm;500;200
Stickers;;Stickers semitroquelados;3cm x 3cm;1000;300
Stickers;;Stickers semitroquelados;3cm x 3cm;2000;600
Stickers;;Stickers semitroquelados;5cm x 5cm;10;20
Stickers;;Stickers semitroquelados;5cm x 5cm;20;30
Stickers;;Stickers semitroquelados;5cm x 5cm;50;50
Stickers;;Stickers semitroquelados;5cm x 5cm;100;60
Stickers;;Stickers semitroquelados;5cm x 5cm;200;130
Stickers;;Stickers semitroquelados;5cm x 5cm;300;170
Stickers;;Stickers semitroquelados;5cm x 5cm;500;220
Stickers;;Stickers semitroquelados;5cm x 5cm;1000;400
Stickers;;Stickers semitroquelados;5cm x 5cm;2000;900
Stickers;;Stickers semitroquelados;7cm x 7cm;10;30
Stickers;;Stickers semitroquelados;7cm x 7cm;20;50
Stickers;;Stickers semitroquelados;7cm x 7cm;50;80
Stickers;;Stickers semitroquelados;7cm x 7cm;100;100
Stickers;;Stickers semitroquelados;7cm x 7cm;200;170
Stickers;;Stickers semitroquelados;7cm x 7cm;300;220
Stickers;;Stickers semitroquelados;7cm x 7cm;500;270
Stickers;;Stickers semitroquelados;7cm x 7cm;1000;480
Stickers;;Stickers semitroquelados;7cm x 7cm;2000;950
Stickers;;Stickers semitroquelados;10cm x 10cm;10;50
Stickers;;Stickers semitroquelados;10cm x 10cm;20;60
Stickers;;Stickers semitroquelados;10cm x 10cm;50;90
Stickers;;Stickers semitroquelados;10cm x 10cm;100;130
Stickers;;Stickers semitroquelados;10cm x 10cm;200;240
Stickers;;Stickers semitroquelados;10cm x 10cm;300;380
Stickers;;Stickers semitroquelados;10cm x 10cm;500;580
Stickers;;Stickers semitroquelados;10cm x 10cm;1000;1240
Stickers;;Stickers semitroquelados;10cm x 10cm;2000;2200
Stickers;;Stickers semitroquelados;13cm x 13cm;10;60
Stickers;;Stickers semitroquelados;13cm x 13cm;20;70
Stickers;;Stickers semitroquelados;13cm x 13cm;50;100
Stickers;;Stickers semitroquelados;13cm x 13cm;100;140
Stickers;;Stickers semitroquelados;13cm x 13cm;200;270
Stickers;;Stickers semitroquelados;13cm x 13cm;300;380
Stickers;;Stickers semitroquelados;13cm x 13cm;500;600
Stickers;;Stickers semitroquelados;13cm x 13cm;1000;1400
Stickers;;Stickers semitroquelados;13cm x 13cm;2000;2500
Stickers;;Stickers semitroquelados;15cm x 15cm;10;70
Stickers;;Stickers semitroquelados;15cm x 15cm;20;90
Stickers;;Stickers semitroquelados;15cm x 15cm;50;120
Stickers;;Stickers semitroquelados;15cm x 15cm;100;240
Stickers;;Stickers semitroquelados;15cm x 15cm;200;440
Stickers;;Stickers semitroquelados;15cm x 15cm;300;680
Stickers;;Stickers semitroquelados;15cm x 15cm;500;1400
Stickers;;Stickers semitroquelados;15cm x 15cm;1000;2200
Stickers;;Stickers semitroquelados;15cm x 15cm;2000;4400
Stickers;;Stickers ovalados;3cm x 3cm;10;10
Stickers;;Stickers ovalados;3cm x 3cm;20;20
Stickers;;Stickers ovalados;3cm x 3cm;50;30
Stickers;;Stickers ovalados;3cm x 3cm;100;50
Stickers;;Stickers ovalados;3cm x 3cm;200;80
Stickers;;Stickers ovalados;3cm x 3cm;300;140
Stickers;;Stickers ovalados;3cm x 3cm;500;200
Stickers;;Stickers ovalados;3cm x 3cm;1000;300
Stickers;;Stickers ovalados;3cm x 3cm;2000;600
Stickers;;Stickers ovalados;5cm x 5cm;10;20
Stickers;;Stickers ovalados;5cm x 5cm;20;30
Stickers;;Stickers ovalados;5cm x 5cm;50;50
Stickers;;Stickers ovalados;5cm x 5cm;100;60
Stickers;;Stickers ovalados;5cm x 5cm;200;130
Stickers;;Stickers ovalados;5cm x 5cm;300;170
Stickers;;Stickers ovalados;5cm x 5cm;500;220
Stickers;;Stickers ovalados;5cm x 5cm;1000;400
Stickers;;Stickers ovalados;5cm x 5cm;2000;900
Stickers;;Stickers ovalados;7cm x 7cm;10;30
Stickers;;Stickers ovalados;7cm x 7cm;20;50
Stickers;;Stickers ovalados;7cm x 7cm;50;80
Stickers;;Stickers ovalados;7cm x 7cm;100;100
Stickers;;Stickers ovalados;7cm x 7cm;200;170
Stickers;;Stickers ovalados;7cm x 7cm;300;220
Stickers;;Stickers ovalados;7cm x 7cm;500;270
Stickers;;Stickers ovalados;7cm x 7cm;1000;480
Stickers;;Stickers ovalados;7cm x 7cm;2000;950
Stickers;;Stickers ovalados;10cm x 10cm;10;50
Stickers;;Stickers ovalados;10cm x 10cm;20;60
Stickers;;Stickers ovalados;10cm x 10cm;50;90
Stickers;;Stickers ovalados;10cm x 10cm;100;130
Stickers;;Stickers ovalados;10cm x 10cm;200;240
Stickers;;Stickers ovalados;10cm x 10cm;300;380
Stickers;;Stickers ovalados;10cm x 10cm;500;580
Stickers;;Stickers ovalados;10cm x 10cm;1000;1240
Stickers;;Stickers ovalados;10cm x 10cm;2000;2200
Stickers;;Stickers ovalados;13cm x 13cm;10;60
Stickers;;Stickers ovalados;13cm x 13cm;20;70
Stickers;;Stickers ovalados;13cm x 13cm;50;100
Stickers;;Stickers ovalados;13cm x 13cm;100;140
Stickers;;Stickers ovalados;13cm x 13cm;200;270
Stickers;;Stickers ovalados;13cm x 13cm;300;380
Stickers;;Stickers ovalados;13cm x 13cm;500;600
Stickers;;Stickers ovalados;13cm x 13cm;1000;1400
Stickers;;Stickers ovalados;13cm x 13cm;2000;2500
Stickers;;Stickers ovalados;15cm x 15cm;10;70
Stickers;;Stickers ovalados;15cm x 15cm;20;90
Stickers;;Stickers ovalados;15cm x 15cm;50;120
Stickers;;Stickers ovalados;15cm x 15cm;100;240
Stickers;;Stickers ovalados;15cm x 15cm;200;440
Stickers;;Stickers ovalados;15cm x 15cm;300;680
Stickers;;Stickers ovalados;15cm x 15cm;500;1400
Stickers;;Stickers ovalados;15cm x 15cm;1000;2200
Stickers;;Stickers ovalados;15cm x 15cm;2000;4400
Stickers;;Stickers con esquinas redondeadas;3cm x 3cm;10;10
Stickers;;Stickers con esquinas redondeadas;3cm x 3cm;20;20
Stickers;;Stickers con esquinas redondeadas;3cm x 3cm;50;30
Stickers;;Stickers con esquinas redondeadas;3cm x 3cm;100;50
Stickers;;Stickers con esquinas redondeadas;3cm x 3cm;200;80
Stickers;;Stickers con esquinas redondeadas;3cm x 3cm;300;140
Stickers;;Stickers con esquinas redondeadas;3cm x 3cm;500;200
Stickers;;Stickers con esquinas redondeadas;3cm x 3cm;1000;300
Stickers;;Stickers con esquinas redondeadas;3cm x 3cm;2000;600
Stickers;;Stickers con esquinas redondeadas;5cm x 5cm;10;20
Stickers;;Stickers con esquinas redondeadas;5cm x 5cm;20;30
Stickers;;Stickers con esquinas redondeadas;5cm x 5cm;50;50
Stickers;;Stickers con esquinas redondeadas;5cm x 5cm;100;60
Stickers;;Stickers con esquinas redondeadas;5cm x 5cm;200;130
Stickers;;Stickers con esquinas redondeadas;5cm x 5cm;300;170
Stickers;;Stickers con esquinas redondeadas;5cm x 5cm;500;220
Stickers;;Stickers con esquinas redondeadas;5cm x 5cm;1000;400
Stickers;;Stickers con esquinas redondeadas;5cm x 5cm;2000;900
Stickers;;Stickers con esquinas redondeadas;7cm x 7cm;10;30
Stickers;;Stickers con esquinas redondeadas;7cm x 7cm;20;50
Stickers;;Stickers con esquinas redondeadas;7cm x 7cm;50;80
Stickers;;Stickers con esquinas redondeadas;7cm x 7cm;100;100
Stickers;;Stickers con esquinas redondeadas;7cm x 7cm;200;170
Stickers;;Stickers con esquinas redondeadas;7cm x 7cm;300;220
Stickers;;Stickers con esquinas redondeadas;7cm x 7cm;500;270
Stickers;;Stickers con esquinas redondeadas;7cm x 7cm;1000;480
Stickers;;Stickers con esquinas redondeadas;7cm x 7cm;2000;950
Stickers;;Stickers con esquinas redondeadas;10cm x 10cm;10;50
Stickers;;Stickers con esquinas redondeadas;10cm x 10cm;20;60
Stickers;;Stickers con esquinas redondeadas;10cm x 10cm;50;90
Stickers;;Stickers con esquinas redondeadas;10cm x 10cm;100;130
Stickers;;Stickers con esquinas redondeadas;10cm x 10cm;200;240
Stickers;;Stickers con esquinas redondeadas;10cm x 10cm;300;380
Stickers;;Stickers con esquinas redondeadas;10cm x 10cm;500;580
Stickers;;Stickers con esquinas redondeadas;10cm x 10cm;1000;1240
Stickers;;Stickers con esquinas redondeadas;10cm x 10cm;2000;2200
Stickers;;Stickers con esquinas redondeadas;13cm x 13cm;10;60
Stickers;;Stickers con esquinas redondeadas;13cm x 13cm;20;70
Stickers;;Stickers con esquinas redondeadas;13cm x 13cm;50;100
Stickers;;Stickers con esquinas redondeadas;13cm x 13cm;100;140
Stickers;;Stickers con esquinas redondeadas;13cm x 13cm;200;270
Stickers;;Stickers con esquinas redondeadas;13cm x 13cm;300;380
Stickers;;Stickers con esquinas redondeadas;13cm x 13cm;500;600
Stickers;;Stickers con esquinas redondeadas;13cm x 13cm;1000;1400
Stickers;;Stickers con esquinas redondeadas;13cm x 13cm;2000;2500
Stickers;;Stickers con esquinas redondeadas;15cm x 15cm;10;70
Stickers;;Stickers con esquinas redondeadas;15cm x 15cm;20;90
Stickers;;Stickers con esquinas redondeadas;15cm x 15cm;50;120
Stickers;;Stickers con esquinas redondeadas;15cm x 15cm;100;240
Stickers;;Stickers con esquinas redondeadas;15cm x 15cm;200;440
Stickers;;Stickers con esquinas redondeadas;15cm x 15cm;300;680
Stickers;;Stickers con esquinas redondeadas;15cm x 15cm;500;1400
Stickers;;Stickers con esquinas redondeadas;15cm x 15cm;1000;2200
Stickers;;Stickers con esquinas redondeadas;15cm x 15cm;2000;4400
Stickers;;Stickers rectangulares;3cm x 3cm;10;10
Stickers;;Stickers rectangulares;3cm x 3cm;20;20
Stickers;;Stickers rectangulares;3cm x 3cm;50;30
Stickers;;Stickers rectangulares;3cm x 3cm;100;50
Stickers;;Stickers rectangulares;3cm x 3cm;200;80
Stickers;;Stickers rectangulares;3cm x 3cm;300;140
Stickers;;Stickers rectangulares;3cm x 3cm;500;200
Stickers;;Stickers rectangulares;3cm x 3cm;1000;300
Stickers;;Stickers rectangulares;3cm x 3cm;2000;600
Stickers;;Stickers rectangulares;5cm x 5cm;10;20
Stickers;;Stickers rectangulares;5cm x 5cm;20;30
Stickers;;Stickers rectangulares;5cm x 5cm;50;50
Stickers;;Stickers rectangulares;5cm x 5cm;100;60
Stickers;;Stickers rectangulares;5cm x 5cm;200;130
Stickers;;Stickers rectangulares;5cm x 5cm;300;170
Stickers;;Stickers rectangulares;5cm x 5cm;500;220
Stickers;;Stickers rectangulares;5cm x 5cm;1000;400
Stickers;;Stickers rectangulares;5cm x 5cm;2000;900
Stickers;;Stickers rectangulares;7cm x 7cm;10;30
Stickers;;Stickers rectangulares;7cm x 7cm;20;50
Stickers;;Stickers rectangulares;7cm x 7cm;50;80
Stickers;;Stickers rectangulares;7cm x 7cm;100;100
Stickers;;Stickers rectangulares;7cm x 7cm;200;170
Stickers;;Stickers rectangulares;7cm x 7cm;300;220
Stickers;;Stickers rectangulares;7cm x 7cm;500;270
Stickers;;Stickers rectangulares;7cm x 7cm;1000;480
Stickers;;Stickers rectangulares;7cm x 7cm;2000;950
Stickers;;Stickers rectangulares;10cm x 10cm;10;50
Stickers;;Stickers rectangulares;10cm x 10cm;20;60
Stickers;;Stickers rectangulares;10cm x 10cm;50;90
Stickers;;Stickers rectangulares;10cm x 10cm;100;130
Stickers;;Stickers rectangulares;10cm x 10cm;200;240
Stickers;;Stickers rectangulares;10cm x 10cm;300;380
Stickers;;Stickers rectangulares;10cm x 10cm;500;580
Stickers;;Stickers rectangulares;10cm x 10cm;1000;1240
Stickers;;Stickers rectangulares;10cm x 10cm;2000;2200
Stickers;;Stickers rectangulares;13cm x 13cm;10;60
Stickers;;Stickers rectangulares;13cm x 13cm;20;70
Stickers;;Stickers rectangulares;13cm x 13cm;50;100
Stickers;;Stickers rectangulares;13cm x 13cm;100;140
Stickers;;Stickers rectangulares;13cm x 13cm;200;270
Stickers;;Stickers rectangulares;13cm x 13cm;300;380
Stickers;;Stickers rectangulares;13cm x 13cm;500;600
Stickers;;Stickers rectangulares;13cm x 13cm;1000;1400
Stickers;;Stickers rectangulares;13cm x 13cm;2000;2500
Stickers;;Stickers rectangulares;15cm x 15cm;10;70
Stickers;;Stickers rectangulares;15cm x 15cm;20;90
Stickers;;Stickers rectangulares;15cm x 15cm;50;120
Stickers;;Stickers rectangulares;15cm x 15cm;100;240
Stickers;;Stickers rectangulares;15cm x 15cm;200;440
Stickers;;Stickers rectangulares;15cm x 15cm;300;680
Stickers;;Stickers rectangulares;15cm x 15cm;500;1400
Stickers;;Stickers rectangulares;15cm x 15cm;1000;2200
Stickers;;Stickers rectangulares;15cm x 15cm;2000;4400
Stickers;;Stickers cuadrados;3cm x 3cm;10;10
Stickers;;Stickers cuadrados;3cm x 3cm;20;20
Stickers;;Stickers cuadrados;3cm x 3cm;50;30
Stickers;;Stickers cuadrados;3cm x 3cm;100;50
Stickers;;Stickers cuadrados;3cm x 3cm;200;80
Stickers;;Stickers cuadrados;3cm x 3cm;300;140
Stickers;;Stickers cuadrados;3cm x 3cm;500;200
Stickers;;Stickers cuadrados;3cm x 3cm;1000;300
Stickers;;Stickers cuadrados;3cm x 3cm;2000;600
Stickers;;Stickers cuadrados;5cm x 5cm;10;20
Stickers;;Stickers cuadrados;5cm x 5cm;20;30
Stickers;;Stickers cuadrados;5cm x 5cm;50;50
Stickers;;Stickers cuadrados;5cm x 5cm;100;60
Stickers;;Stickers cuadrados;5cm x 5cm;200;130
Stickers;;Stickers cuadrados;5cm x 5cm;300;170
Stickers;;Stickers cuadrados;5cm x 5cm;500;220
Stickers;;Stickers cuadrados;5cm x 5cm;1000;400
Stickers;;Stickers cuadrados;5cm x 5cm;2000;900
Stickers;;Stickers cuadrados;7cm x 7cm;10;30
Stickers;;Stickers cuadrados;7cm x 7cm;20;50
Stickers;;Stickers cuadrados;7cm x 7cm;50;80
Stickers;;Stickers cuadrados;7cm x 7cm;100;100
Stickers;;Stickers cuadrados;7cm x 7cm;200;170
Stickers;;Stickers cuadrados;7cm x 7cm;300;220
Stickers;;Stickers cuadrados;7cm x 7cm;500;270
Stickers;;Stickers cuadrados;7cm x 7cm;1000;480
Stickers;;Stickers cuadrados;7cm x 7cm;2000;950
Stickers;;Stickers cuadrados;10cm x 10cm;10;50
Stickers;;Stickers cuadrados;10cm x 10cm;20;60
Stickers;;Stickers cuadrados;10cm x 10cm;50;90
Stickers;;Stickers cuadrados;10cm x 10cm;100;130
Stickers;;Stickers cuadrados;10cm x 10cm;200;240
Stickers;;Stickers cuadrados;10cm x 10cm;300;380
Stickers;;Stickers cuadrados;10cm x 10cm;500;580
Stickers;;Stickers cuadrados;10cm x 10cm;1000;1240
Stickers;;Stickers cuadrados;10cm x 10cm;2000;2200
Stickers;;Stickers cuadrados;13cm x 13cm;10;60
Stickers;;Stickers cuadrados;13cm x 13cm;20;70
Stickers;;Stickers cuadrados;13cm x 13cm;50;100
Stickers;;Stickers cuadrados;13cm x 13cm;100;140
Stickers;;Stickers cuadrados;13cm x 13cm;200;270
Stickers;;Stickers cuadrados;13cm x 13cm;300;380
Stickers;;Stickers cuadrados;13cm x 13cm;500;600
Stickers;;Stickers cuadrados;13cm x 13cm;1000;1400
Stickers;;Stickers cuadrados;13cm x 13cm;2000;2500
Stickers;;Stickers cuadrados;15cm x 15cm;10;70
Stickers;;Stickers cuadrados;15cm x 15cm;20;90
Stickers;;Stickers cuadrados;15cm x 15cm;50;120
Stickers;;Stickers cuadrados;15cm x 15cm;100;240
Stickers;;Stickers cuadrados;15cm x 15cm;200;440
Stickers;;Stickers cuadrados;15cm x 15cm;300;680
Stickers;;Stickers cuadrados;15cm x 15cm;500;1400
Stickers;;Stickers cuadrados;15cm x 15cm;1000;2200
Stickers;;Stickers cuadrados;15cm x 15cm;2000;4400
Stickers;;Stickers circulares;3cm x 3cm;10;10
Stickers;;Stickers circulares;3cm x 3cm;20;20
Stickers;;Stickers circulares;3cm x 3cm;50;30
Stickers;;Stickers circulares;3cm x 3cm;100;50
Stickers;;Stickers circulares;3cm x 3cm;200;80
Stickers;;Stickers circulares;3cm x 3cm;300;140
Stickers;;Stickers circulares;3cm x 3cm;500;200
Stickers;;Stickers circulares;3cm x 3cm;1000;300
Stickers;;Stickers circulares;3cm x 3cm;2000;600
Stickers;;Stickers circulares;5cm x 5cm;10;20
Stickers;;Stickers circulares;5cm x 5cm;20;30
Stickers;;Stickers circulares;5cm x 5cm;50;50
Stickers;;Stickers circulares;5cm x 5cm;100;60
Stickers;;Stickers circulares;5cm x 5cm;200;130
Stickers;;Stickers circulares;5cm x 5cm;300;170
Stickers;;Stickers circulares;5cm x 5cm;500;220
Stickers;;Stickers circulares;5cm x 5cm;1000;400
Stickers;;Stickers circulares;5cm x 5cm;2000;900
Stickers;;Stickers circulares;7cm x 7cm;10;30
Stickers;;Stickers circulares;7cm x 7cm;20;50
Stickers;;Stickers circulares;7cm x 7cm;50;80
Stickers;;Stickers circulares;7cm x 7cm;100;100
Stickers;;Stickers circulares;7cm x 7cm;200;170
Stickers;;Stickers circulares;7cm x 7cm;300;220
Stickers;;Stickers circulares;7cm x 7cm;500;270
Stickers;;Stickers circulares;7cm x 7cm;1000;480
Stickers;;Stickers circulares;7cm x 7cm;2000;950
Stickers;;Stickers circulares;10cm x 10cm;10;50
Stickers;;Stickers circulares;10cm x 10cm;20;60
Stickers;;Stickers circulares;10cm x 10cm;50;90
Stickers;;Stickers circulares;10cm x 10cm;100;130
Stickers;;Stickers circulares;10cm x 10cm;200;240
Stickers;;Stickers circulares;10cm x 10cm;300;380
Stickers;;Stickers circulares;10cm x 10cm;500;580
Stickers;;Stickers circulares;10cm x 10cm;1000;1240
Stickers;;Stickers circulares;10cm x 10cm;2000;2200
Stickers;;Stickers circulares;13cm x 13cm;10;60
Stickers;;Stickers circulares;13cm x 13cm;20;70
Stickers;;Stickers circulares;13cm x 13cm;50;100
Stickers;;Stickers circulares;13cm x 13cm;100;140
Stickers;;Stickers circulares;13cm x 13cm;200;270
Stickers;;Stickers circulares;13cm x 13cm;300;380
Stickers;;Stickers circulares;13cm x 13cm;500;600
Stickers;;Stickers circulares;13cm x 13cm;1000;1400
Stickers;;Stickers circulares;13cm x 13cm;2000;2500
Stickers;;Stickers circulares;15cm x 15cm;10;70
Stickers;;Stickers circulares;15cm x 15cm;20;90
Stickers;;Stickers circulares;15cm x 15cm;50;120
Stickers;;Stickers circulares;15cm x 15cm;100;240
Stickers;;Stickers circulares;15cm x 15cm;200;440
Stickers;;Stickers circulares;15cm x 15cm;300;680
Stickers;;Stickers circulares;15cm x 15cm;500;1400
Stickers;;Stickers circulares;15cm x 15cm;1000;2200
Stickers;;Stickers circulares;15cm x 15cm;2000;4400
Empaques;;Accesorios de empaques;;;
Empaques;;Bolsas para compras y regalos;;;
Empaques;;Bolsas personalizadas;;;
Empaques;;Cajas de productos;;;
Empaques;;Cajas y sobres de envíos;;;
Empaques;;Empaques sin marca;;;
Empaques;;Envases para alimentos;;;
Empaques;;Etiquetas para envíos;;;
Empaques;;Etiquetas para ropa;;;
Empaques;;Insertos de empaques;;;
Empaques;;Muestras de empaques;;;
Empaques;;Sellos y tintas;;;
Tarjetas de negocios;;Standard;;;
Tarjetas de negocios;;Matte (diferentes gramajes);;;
Tarjetas de negocios;;Brillante;;;
Tarjetas de negocios;;Sin capa (se puede escribir sobre ellas);;;
Tarjetas de negocios;;Lámina en relieve;;;
Tarjetas de negocios;;De Lino;;;
Tarjetas de negocios;;Kraft;;;
Tarjetas de negocios;;Bamboo;;;
Materiales de marketing;;Flyers;;;
Materiales de marketing;;Brochures Bípticos;;;
Materiales de marketing;;Brochures Trípticos;;;
Materiales de marketing;;Imanes;;;
Ropa;Polos;Manga corta;XL;1;50
Ropa;Polos;Manga corta;XL;2;40
Ropa;Polos;Manga corta;XL;5;45
Ropa;Polos;Manga corta;XL;10;30
Ropa;Polos;Manga corta;XL;20;30
Ropa;Polos;Manga corta;XL;40;40
Ropa;Polos;Manga corta;XL;50;50
Ropa;Polos;Manga corta;XL;100;100
Ropa;Polos;Manga corta;XL;200;500
Ropa;Polos;Manga corta;L;1;50
Ropa;Polos;Manga corta;L;2;40
Ropa;Polos;Manga corta;L;5;45
Ropa;Polos;Manga corta;L;10;30
Ropa;Polos;Manga corta;L;20;30
Ropa;Polos;Manga corta;L;40;40
Ropa;Polos;Manga corta;L;50;50
Ropa;Polos;Manga corta;L;100;100
Ropa;Polos;Manga corta;L;200;500
Ropa;Polos;Manga corta;M;1;50
Ropa;Polos;Manga corta;M;2;40
Ropa;Polos;Manga corta;M;5;45
;;Manga corta;M;10;30
;;Manga corta;M;20;30
;;Manga corta;M;40;40
;;Manga corta;M;50;50
;;Manga corta;M;100;100
;;Manga corta;M;200;500
;;Manga corta;S;1;50
;;Manga corta;S;2;40
;;Manga corta;S;5;45
;;Manga corta;S;10;30
;;Manga corta;S;20;30
;;Manga corta;S;40;40
;;Manga corta;S;50;50
;;Manga corta;S;100;100
;;Manga corta;S;200;500
;;Manga corta;XS;1;50
;;Manga corta;XS;2;40
;;Manga corta;XS;5;45
;;Manga corta;XS;10;30
;;Manga corta;XS;20;30
;;Manga corta;XS;40;40
;;Manga corta;XS;50;50
;;Manga corta;XS;100;100
;;Manga corta;XS;200;500
Ropa;Polos;Manga larga;XL;1;50
Ropa;Polos;Manga larga;XL;2;40
Ropa;Polos;Manga larga;XL;5;45
Ropa;Polos;Manga larga;XL;10;30
Ropa;Polos;Manga larga;XL;20;30
Ropa;Polos;Manga larga;XL;40;40
Ropa;Polos;Manga larga;XL;50;50
Ropa;Polos;Manga larga;XL;100;100
Ropa;Polos;Manga larga;XL;200;500
Ropa;Polos;Manga larga;L;1;50
Ropa;Polos;Manga larga;L;2;40
Ropa;Polos;Manga larga;L;5;45
Ropa;Polos;Manga larga;L;10;30
Ropa;Polos;Manga larga;L;20;30
Ropa;Polos;Manga larga;L;40;40
Ropa;Polos;Manga larga;L;50;50
Ropa;Polos;Manga larga;L;100;100
Ropa;Polos;Manga larga;L;200;500
Ropa;Polos;Manga larga;M;1;50
Ropa;Polos;Manga larga;M;2;40
Ropa;Polos;Manga larga;M;5;45
Ropa;Polos;Manga larga;M;10;30
Ropa;Polos;Manga larga;M;20;30
Ropa;Polos;Manga larga;M;40;40
Ropa;Polos;Manga larga;M;50;50
Ropa;Polos;Manga larga;M;100;100
Ropa;Polos;Manga larga;M;200;500
Ropa;Polos;Manga larga;S;1;50
Ropa;Polos;Manga larga;S;2;40
Ropa;Polos;Manga larga;S;5;45
Ropa;Polos;Manga larga;S;10;30
Ropa;Polos;Manga larga;S;20;30
Ropa;Polos;Manga larga;S;40;40
Ropa;Polos;Manga larga;S;50;50
Ropa;Polos;Manga larga;S;100;100
Ropa;Polos;Manga larga;S;200;500
Ropa;Polos;Manga larga;XS;1;50
Ropa;Polos;Manga larga;XS;2;40
Ropa;Polos;Manga larga;XS;5;45
Ropa;Polos;Manga larga;XS;10;30
Ropa;Polos;Manga larga;XS;20;30
Ropa;Polos;Manga larga;XS;40;40
Ropa;Polos;Manga larga;XS;50;50
Ropa;Polos;Manga larga;XS;100;100
Ropa;Polos;Manga larga;XS;200;500
Ropa;Sudaderas;Sin capucha con cierre;;;
Ropa;Camisas;Magan corta;;;
Ropa;Camisas;Manga larga;;;
