product_slug;product_name;category_slug;subcategory_slug;sku;description;base_image_url;status;genero;tipo_cuello;tipo_manga;marca;colores;colores_hex
postal-estandar-4x6;Postal EstÐ±ndar 4x6;postales-publicidad;postales-estandar;PO-EST-001;Postal tamaÑo estÐ±ndar 4x6 pulgadas;/images/products/postal-4x6.jpg;active;;;;;;
postal-estandar-5x7;Postal EstÐ±ndar 5x7;postales-publicidad;postales-estandar;PO-EST-002;Postal tamaÑo 5x7 pulgadas;/images/products/postal-5x7.jpg;active;;;;;;
postal-panoramica;Postal PanorÐ±mica;postales-publicidad;postales-panoramicas;PO-PAN-001;Postal en formato panorÐ±mico alargado;/images/products/postal-panoramica.jpg;active;;;;;;
flyer-carta;Flyer TamaÑo Carta;postales-publicidad;flyers;FL-001;Volante publicitario tamaÑo carta;/images/products/flyer-carta.jpg;active;;;;;;
flyer-media-carta;Flyer Media Carta;postales-publicidad;flyers;FL-002;Volante publicitario media carta;/images/products/flyer-media-carta.jpg;active;;;;;;
folleto-a4;Folleto A4;postales-publicidad;folletos;FO-001;Folleto informativo tamaÑo A4;/images/products/folleto-a4.jpg;active;;;;;;
triptico-carta;TrÐ½ptico Carta;postales-publicidad;tripticos;TR-001;Folleto doblado en tres partes tamaÑo carta;/images/products/triptico.jpg;active;;;;;;
diptico-carta;DÐ½ptico Carta;postales-publicidad;dipticos;DI-001;Folleto doblado por la mitad tamaÑo carta;/images/products/diptico.jpg;active;;;;;;
catalogo-grapado;CatÐ±logo Grapado;postales-publicidad;catalogos;CA-001;CatÐ±logo de productos con grapa central;/images/products/catalogo-grapado.jpg;active;;;;;;
catalogo-anillado;CatÐ±logo Anillado;postales-publicidad;catalogos;CA-002;CatÐ±logo con anillado espiral;/images/products/catalogo-anillado.jpg;active;;;;;;
banner-vinil-1x2;Banner VinÐ½lico 1x2m;letreros-banners;banners-vinilicos;BV-001;Banner de vinilo 1x2 metros;/images/products/banner-1x2.jpg;active;;;;;;
banner-vinil-2x3;Banner VinÐ½lico 2x3m;letreros-banners;banners-vinilicos;BV-002;Banner de vinilo 2x3 metros;/images/products/banner-2x3.jpg;active;;;;;;
banner-vinil-personalizado;Banner VinÐ½lico Personalizado;letreros-banners;banners-vinilicos;BV-003;Banner de vinilo tamaÑo personalizado;/images/products/banner-personalizado.jpg;active;;;;;;
poster-a3;PÑster A3;letreros-banners;posters-impresos;POS-001;PÑster impreso tamaÑo A3;/images/products/poster-a3.jpg;active;;;;;;
poster-a2;PÑster A2;letreros-banners;posters-impresos;POS-002;PÑster impreso tamaÑo A2;/images/products/poster-a2.jpg;active;;;;;;
poster-a1;PÑster A1;letreros-banners;posters-impresos;POS-003;PÑster impreso tamaÑo A1;/images/products/poster-a1.jpg;active;;;;;;
letrero-forex;Letrero en Forex;letreros-banners;letreros-rigidos;LE-FOR-001;Letrero en PVC forex rÐ½gido;/images/products/letrero-forex.jpg;active;;;;;;
letrero-acrilico;Letrero AcrÐ½lico;letreros-banners;letreros-rigidos;LE-ACR-001;Letrero en acrÐ½lico transparente;/images/products/letrero-acrilico.jpg;active;;;;;;
display-retractil-80;Display RetrÐ±ctil 80cm;letreros-banners;displays-retractiles;DR-001;Roll-up banner 80cm ancho;/images/products/display-80.jpg;active;;;;;;
display-retractil-100;Display RetrÐ±ctil 100cm;letreros-banners;displays-retractiles;DR-002;Roll-up banner 100cm ancho;/images/products/display-100.jpg;active;;;;;;
letrero-aluminio;Letrero Aluminio Exterior;letreros-banners;senalizacion-exterior;LE-EXT-001;SeÑalizaciÑn para exteriores en aluminio;/images/products/letrero-aluminio.jpg;active;;;;;;
bandera-pluma;Bandera Pluma;letreros-banners;banderas-publicitarias;BA-001;Bandera publicitaria tipo pluma;/images/products/bandera-pluma.jpg;active;;;;;;
bandera-gota;Bandera Gota;letreros-banners;banderas-publicitarias;BA-002;Bandera publicitaria tipo gota;/images/products/bandera-gota.jpg;active;;;;;;
marco-a4;Marco para PÑster A4;letreros-banners;marcos-displays;MA-001;Marco porta pÑster tamaÑo A4;/images/products/marco-a4.jpg;active;;;;;;
display-mesa;Display de Mesa;letreros-banners;marcos-displays;DM-001;Display promocional para mesa;/images/products/display-mesa.jpg;active;;;;;;
stickers-personalizados;Stickers Personalizados;stickers-etiquetas;stickers-individuales;ST-IND-001;Stickers con diseÑo personalizado;/images/products/stickers-personalizados.jpg;active;;;;;;
plancha-stickers-a4;Plancha de Stickers A4;stickers-etiquetas;plancha-stickers;ST-PLA-001;Plancha completa de stickers tamaÑo A4;/images/products/plancha-stickers-a4.jpg;active;;;;;;
rollo-stickers-1000;Rollo de Stickers 1000 unidades;stickers-etiquetas;rollo-stickers;ST-ROL-001;Rollo con 1000 stickers;/images/products/rollo-1000.jpg;active;;;;;;
etiqueta-producto-circular;Etiqueta Circular;stickers-etiquetas;etiquetas-productos;ET-PRO-001;Etiqueta circular para productos;/images/products/etiqueta-circular.jpg;active;;;;;;
etiqueta-producto-rectangular;Etiqueta Rectangular;stickers-etiquetas;etiquetas-productos;ET-PRO-002;Etiqueta rectangular para productos;/images/products/etiqueta-rectangular.jpg;active;;;;;;
stickers-auto;CalcomanÐ½as para Auto;stickers-etiquetas;calcomanias-vehiculos;CA-VEH-001;Stickers de gran formato para vehÐ½culos;/images/products/calcomanias-auto.jpg;active;;;;;;
gorros;Gorros;ropa-bolsos;gorros;GOR-001;Gorros unisex;;active;;;;;;
viseras;Viseras;ropa-bolsos;gorros;GOR-002;Viseras unisex;;active;;;;;;
chullos;Chullos;ropa-bolsos;gorros;GOR-003;Chullos;;;;;;;;
sombrero-de-cubo;Sombrero de cubo;ropa-bolsos;gorros;GOR-004;Sombrero de cubo;;;;;;;;
taza-ceramica;Taza de CerÐ±mica;productos-promocionales;tazas-vasos;TAZ-001;Taza de cerÐ±mica 11oz personalizable;/images/products/taza-ceramica.jpg;active;;;;;;
taza-magica;Taza MÐ±gica;productos-promocionales;tazas-vasos;TAZ-002;Taza que cambia con temperatura;/images/products/taza-magica.jpg;active;;;;;;
vaso-termico;Vaso TÐ¹rmico;productos-promocionales;tazas-vasos;VAS-001;Vaso tÐ¹rmico para bebidas;/images/products/vaso-termico.jpg;active;;;;;;
llavero-acrilico;Llavero AcrÐ½lico;productos-promocionales;llaveros;LLA-001;Llavero en acrÐ½lico personalizado;/images/products/llavero-acrilico.jpg;active;;;;;;
llavero-metal;Llavero Metal;productos-promocionales;llaveros;LLA-002;Llavero de metal grabado;/images/products/llavero-metal.jpg;active;;;;;;
boligrafo-plastico;BolÐ½grafo PlÐ±stico;productos-promocionales;plumas-boligrafos;BOL-001;BolÐ½grafo plÐ±stico con logo;/images/products/boligrafo-plastico.jpg;active;;;;;;
boligrafo-metal;BolÐ½grafo Metal;productos-promocionales;plumas-boligrafos;BOL-002;BolÐ½grafo de metal premium;/images/products/boligrafo-metal.jpg;active;;;;;;
usb-8gb;USB 8GB;productos-promocionales;usb-tecnologia;USB-001;Memoria USB 8GB personalizada;/images/products/usb-8gb.jpg;active;;;;;;
usb-16gb;USB 16GB;productos-promocionales;usb-tecnologia;USB-002;Memoria USB 16GB personalizada;/images/products/usb-16gb.jpg;active;;;;;;
mousepad;Mousepad;productos-promocionales;articulos-escritorio;ESC-001;Pad para mouse personalizado;/images/products/mousepad.jpg;active;;;;;;
libreta-notas;Libreta de Notas;productos-promocionales;articulos-escritorio;ESC-002;Libreta con logo corporativo;/images/products/libreta-notas.jpg;active;;;;;;
termo-acero;Termo Acero Inoxidable;productos-promocionales;termos-botellas;TER-001;Termo tÐ¹rmico de acero 500ml;/images/products/termo-acero.jpg;active;;;;;;
botella-plastico;Botella PlÐ±stica;productos-promocionales;termos-botellas;BOT-001;Botella deportiva 750ml;/images/products/botella-plastico.jpg;active;;;;;;
toalla-microfibra;Toalla Microfibra;productos-promocionales;articulos-deportivos;DEP-001;Toalla de microfibra personalizada;/images/products/toalla-microfibra.jpg;active;;;;;;
balon-futbol;BalÑn de FÑtbol;productos-promocionales;articulos-deportivos;DEP-002;BalÑn de fÑtbol con logo;/images/products/balon-futbol.jpg;active;;;;;;
peluche-oso;Peluche Oso;productos-promocionales;juguetes-peluches;JUG-001;Oso de peluche personalizable;/images/products/peluche-oso.jpg;active;;;;;;
caja-carton-pequena;Caja PequeÑa;embalaje;cajas-personalizadas;CAJ-001;Caja de cartÑn personalizada pequeÑa;/images/products/caja-pequena.jpg;active;;;;;;
caja-carton-mediana;Caja Mediana;embalaje;cajas-personalizadas;CAJ-002;Caja de cartÑn personalizada mediana;/images/products/caja-mediana.jpg;active;;;;;;
caja-carton-grande;Caja Grande;embalaje;cajas-personalizadas;CAJ-003;Caja de cartÑn personalizada grande;/images/products/caja-grande.jpg;active;;;;;;
bolsa-papel-kraft;Bolsa Kraft;embalaje;bolsas-papel;BPA-001;Bolsa de papel kraft con asa;/images/products/bolsa-kraft.jpg;active;;;;;;
etiqueta-packaging;Etiqueta para Packaging;embalaje;etiquetas-packaging;ETP-001;Etiqueta adhesiva para empaques;/images/products/etiqueta-packaging.jpg;active;;;;;;
tape-logo;Tape con Logo;embalaje;tape-personalizado;TAP-001;Cinta adhesiva personalizada;/images/products/tape-logo.jpg;active;;;;;;
papel-seda-colores;Papel Seda;embalaje;papel-seda;PSE-001;Papel de seda para envolver;/images/products/papel-seda.jpg;active;;;;;;
sobre-c5;Sobre C5;embalaje;sobres-personalizados;SOB-001;Sobre tamaÑo C5 personalizado;/images/products/sobre-c5.jpg;active;;;;;;
invitacion-boda-clasica;InvitaciÑn Boda ClÐ±sica;invitaciones-papeleria;invitaciones-boda;INV-BOD-001;InvitaciÑn elegante para bodas;/images/products/invitacion-boda-clasica.jpg;active;;;;;;
invitacion-boda-moderna;InvitaciÑn Boda Moderna;invitaciones-papeleria;invitaciones-boda;INV-BOD-002;InvitaciÑn de boda con diseÑo moderno;/images/products/invitacion-boda-moderna.jpg;active;;;;;;
save-date-postal;Save the Date Postal;invitaciones-papeleria;save-the-date;STD-001;Postal save the date para bodas;/images/products/save-date.jpg;active;;;;;;
programa-boda;Programa de Boda;invitaciones-papeleria;programas-evento;PRO-001;Programa impreso para ceremonia;/images/products/programa-boda.jpg;active;;;;;;
menu-boda;MenÑ de Boda;invitaciones-papeleria;menus-personalizados;MEN-001;MenÑ personalizado para evento;/images/products/menu-boda.jpg;active;;;;;;
tarjeta-gracias;Tarjeta de Agradecimiento;invitaciones-papeleria;tarjetas-agradecimiento;TAG-001;Thank you card personalizada;/images/products/tarjeta-gracias.jpg;active;;;;;;
invitacion-cumpleanos-infantil;InvitaciÑn CumpleaÑos Infantil;invitaciones-papeleria;invitaciones-cumpleanos;INV-CUM-001;InvitaciÑn para fiesta infantil;/images/products/invitacion-cumple-nino.jpg;active;;;;;;
invitacion-cumpleanos-adulto;InvitaciÑn CumpleaÑos Adulto;invitaciones-papeleria;invitaciones-cumpleanos;INV-CUM-002;InvitaciÑn elegante para adultos;/images/products/invitacion-cumple-adulto.jpg;active;;;;;;
membreteado;Hoja Membretada;invitaciones-papeleria;papeleria-corporativa;PAP-001;Papel membretado corporativo;/images/products/membreteado.jpg;active;;;;;;
logo-basico;DiseÑo de Logo BÐ±sico;logo-web-social;diseno-logo;LOG-001;DiseÑo de logotipo profesional bÐ±sico;/images/products/logo-basico.jpg;active;;;;;;
logo-premium;DiseÑo de Logo Premium;logo-web-social;diseno-logo;LOG-002;DiseÑo de logotipo premium completo;/images/products/logo-premium.jpg;active;;;;;;
web-landing;Landing Page;logo-web-social;diseno-web;WEB-001;DiseÑo de pÐ±gina de aterrizaje;/images/products/web-landing.jpg;active;;;;;;
web-completo;Sitio Web Completo;logo-web-social;diseno-web;WEB-002;DiseÑo de sitio web multipÐ±gina;/images/products/web-completo.jpg;active;;;;;;
pack-redes-sociales;Pack Redes Sociales;logo-web-social;diseno-redes-sociales;RED-001;Pack de contenido para redes sociales;/images/products/pack-redes.jpg;active;;;;;;
manual-marca;Manual de Marca;logo-web-social;identidad-corporativa;IDE-001;Manual de identidad corporativa completo;/images/products/manual-marca.jpg;active;;;;;;
diseno-personalizado;DiseÑo GrÐ±fico Personalizado;servicios-diseno;diseno-grafico;DIS-001;Servicio de diseÑo grÐ±fico a medida;/images/products/diseno-personalizado.jpg;active;;;;;;
diseno-packaging-caja;DiseÑo de Caja;servicios-diseno;diseno-packaging;PAC-001;DiseÑo de packaging para caja;/images/products/diseno-caja.jpg;active;;;;;;
diseno-etiqueta;DiseÑo de Etiqueta;servicios-diseno;diseno-packaging;PAC-002;DiseÑo de etiqueta para producto;/images/products/diseno-etiqueta.jpg;active;;;;;;
diseno-catalogo;DiseÑo de CatÐ±logo;servicios-diseno;diseno-editorial;EDI-001;DiseÑo de catÐ±logo profesional;/images/products/diseno-catalogo.jpg;active;;;;;;
diseno-revista;DiseÑo de Revista;servicios-diseno;diseno-editorial;EDI-002;DiseÑo de revista o magazine;/images/products/diseno-revista.jpg;active;;;;;;
campana-publicitaria;CampaÑa Publicitaria;servicios-diseno;diseno-publicitario;PUB-001;DiseÑo de campaÑa publicitaria completa;/images/products/campana-publicitaria.jpg;active;;;;;;
pack-stickers-bf;Pack Stickers Black Friday;black-friday;ofertas-stickers;BF-ST-001;Pack especial de stickers con descuento;/images/products/pack-stickers-bf.jpg;seasonal;;;;;;
pack-ropa-bf;Pack Ropa Black Friday;black-friday;ofertas-ropa;BF-ROP-001;Pack de prendas con descuento especial;/images/products/pack-ropa-bf.jpg;seasonal;;;;;;
pack-tarjetas-bf;Pack Tarjetas Black Friday;black-friday;ofertas-tarjetas;BF-TAR-001;Pack de tarjetas con precio especial;/images/products/pack-tarjetas-bf.jpg;seasonal;;;;;;
combo-promocional-bf;Combo Promocional Black Friday;black-friday;paquetes-black-friday;BF-COM-001;Combo de productos variados con descuento;/images/products/combo-bf.jpg;seasonal;;;;;;
tarjeta-navidad-tradicional;Tarjeta Navidad Tradicional;tarjetas-navidad;tarjetas-navidad-clasicas;TNA-001;Tarjeta navideÑa clÐ±sica;/images/products/tarjeta-navidad-tradicional.jpg;seasonal;;;;;;
tarjeta-navidad-moderna;Tarjeta Navidad Moderna;tarjetas-navidad;tarjetas-navidad-clasicas;TNA-002;Tarjeta navideÑa con diseÑo moderno;/images/products/tarjeta-navidad-moderna.jpg;seasonal;;;;;;
tarjeta-ano-nuevo;Tarjeta AÑo Nuevo;tarjetas-navidad;tarjetas-ano-nuevo;TAN-001;Tarjeta para celebrar el nuevo aÑo;/images/products/tarjeta-ano-nuevo.jpg;seasonal;;;;;;
tarjeta-empresarial-navidena;Tarjeta Empresarial NavideÑa;tarjetas-navidad;tarjetas-empresariales;TEM-001;Tarjeta corporativa para fin de aÑo;/images/products/tarjeta-empresarial-navidad.jpg;seasonal;;;;;;
calendario-pared-2025;Calendario de Pared 2025;calendarios-regalos;calendarios-pared;CAL-PAR-001;Calendario de pared tamaÑo grande;/images/products/calendario-pared.jpg;active;;;;;;
calendario-escritorio-2025;Calendario de Escritorio 2025;calendarios-regalos;calendarios-escritorio;CAL-ESC-001;Calendario compacto para mesa;/images/products/calendario-escritorio.jpg;active;;;;;;
agenda-personalizada;Agenda Personalizada;calendarios-regalos;agendas-personalizadas;AGE-001;Agenda anual personalizada;/images/products/agenda-personalizada.jpg;active;;;;;;
libreta-corporativa;Libreta Corporativa;calendarios-regalos;libretas-cuadernos;LIB-001;Cuaderno con logo corporativo;/images/products/libreta-corporativa.jpg;active;;;;;;
set-regalo-corporativo;Set Regalo Corporativo;calendarios-regalos;regalos-corporativos;REG-001;Set de regalo para empresas;/images/products/set-regalo.jpg;active;;;;;;
bambu;Bambú;tarjetas-presentacion;deluxe;TP-BAMBOO;Tarjetas de presentaciÑn en material de bambÑ ecolÑgico;/media/product_images/tarjetas_presentacion/bamboo.jpg;active;;;;;;
fine-grit;Grano Fino;tarjetas-presentacion;premium;TP-FINEGRIT;Tarjetas de presentaciÑn con textura de grano fino;/media/product_images/tarjetas_presentacion/fine_grit.jpg;active;;;;;;
clear-plastic;PlÐ±stico Transparente;tarjetas-presentacion;deluxe;TP-CLEARPLASTIC;Tarjetas de presentaciÑn en plÐ±stico transparente;/media/product_images/tarjetas_presentacion/clear_plastic.jpg;active;;;;;;
algodon;AlgodÑn;tarjetas-presentacion;premium;TP-COTTON;Tarjetas de presentaciÑn en papel de algodÑn premium;/media/product_images/tarjetas_presentacion/cotton.jpg;active;;;;;;
pearl;Perlado;tarjetas-presentacion;deluxe;TP-PEARL;Tarjetas de presentaciÑn con acabado perlado elegante;/media/product_images/tarjetas_presentacion/pearl.jpg;active;;;;;;
premium-plus;Premium Plus;tarjetas-presentacion;premium;TP-PREMIUMPLUS;Tarjetas de presentaciÑn premium de alta calidad;/media/product_images/tarjetas_presentacion/premium_plus.jpg;active;;;;;;
ultra-thick;Ultra Grueso;tarjetas-presentacion;deluxe;TP-ULTRATHICK;Tarjetas de presentaciÑn extra gruesas y resistentes;/media/product_images/tarjetas_presentacion/ultra_thick.jpg;active;;;;;;
recycled-matte;Reciclado Mate;tarjetas-presentacion;estandar;TP-RECYCLEDMATTE;Tarjetas de presentaciÑn en papel reciclado mate;/media/product_images/tarjetas_presentacion/recycled_matte.jpg;active;;;;;;
frosted-plastic;PlÐ±stico Esmerilado;tarjetas-presentacion;deluxe;TP-FROSTEDPLASTIC;Tarjetas de presentaciÑn en plÐ±stico esmerilado;/media/product_images/tarjetas_presentacion/frosted_plastic.jpg;active;;;;;;
embossed-gloss;Relieve Brillante;tarjetas-presentacion;deluxe;TP-EMBOSSEDGLOSS;Tarjetas de presentaciÑn con relieve y acabado brillante;/media/product_images/tarjetas_presentacion/embossed_gloss.jpg;active;;;;;;
mate;Mate;tarjetas-presentacion;estandar;TP-MATE;Tarjetas de presentaciÑn con acabado mate clÐ±sico;/media/product_images/tarjetas_presentacion/mate.jpg;active;;;;;;
kraft;Kraft;tarjetas-presentacion;estandar;TP-KRAFT;Tarjetas de presentaciÑn en papel kraft natural;/media/product_images/tarjetas_presentacion/kraft.jpg;active;;;;;;
painted-edge;Borde Pintado;tarjetas-presentacion;deluxe;TP-PAINTEDEDGE;Tarjetas de presentaciÑn con bordes pintados;/media/product_images/tarjetas_presentacion/painted_edge.jpg;active;;;;;;
glossy;Brillante;tarjetas-presentacion;estandar;TP-GLOSSY;Tarjetas de presentaciÑn con acabado brillante;/media/product_images/tarjetas_presentacion/glossy.jpg;active;;;;;;
plastico-blanco;PlÐ±stico Blanco;tarjetas-presentacion;premium;TP-WHITEPLASTIC;Tarjetas de presentaciÑn en plÐ±stico blanco;/media/product_images/tarjetas_presentacion/white_plastic.jpg;active;;;;;;
natural-textured;Textura Natural;tarjetas-presentacion;premium;TP-NATURALTEXTURED;Tarjetas de presentaciÑn con textura natural;/media/product_images/tarjetas_presentacion/natural_textured.jpg;active;;;;;;
linen;Lino;tarjetas-presentacion;premium;TP-LINEN;Tarjetas de presentaciÑn con textura de lino;/media/product_images/tarjetas_presentacion/linen.jpg;active;;;;;;
raised-foil;Foil Relieve;tarjetas-presentacion;deluxe;TP-RAISEDFOIL;Tarjetas de presentaciÑn con foil en relieve;/media/product_images/tarjetas_presentacion/raised_foil.jpg;active;;;;;;
uncoated;Sin Recubrimiento;tarjetas-presentacion;estandar;TP-UNCOATED;Tarjetas de presentaciÑn sin recubrimiento;/media/product_images/tarjetas_presentacion/uncoated.jpg;active;;;;;;
canamo;CÐ±Ñamo;tarjetas-presentacion;premium;TP-HEMP;Tarjetas de presentaciÑn en papel de cÐ±Ñamo ecolÑgico;/media/product_images/tarjetas_presentacion/hemp.jpg;active;;;;;;
foil-accent;Detalles Foil;tarjetas-presentacion;deluxe;TP-FOILACCENT;Tarjetas de presentaciÑn con detalles en foil;/media/product_images/tarjetas_presentacion/foil_accent.jpg;active;;;;;;
soft-touch;Tacto Suave;tarjetas-presentacion;premium;TP-SOFTTOUCH;Tarjetas de presentaciÑn con acabado suave al tacto;/media/product_images/tarjetas_presentacion/soft_touch.jpg;active;;;;;;
gildan-r-softstyle-r-unisex-t-shirt;Polo Unisex Gildan® Softstyle® Cuello Redondo;ropa-bolsos;polos;PRD-XEHU3NESB;Polo Unisex Gildan® Softstyle® Cuello Redondo - Disponible en múltiples colores y tallas;/media/product_images/ropa_y_bolsos/polos/gildan-r-softstyle-r-unisex-t-shirt-negro.jpg;active;unisex;cuello_redondo;manga_corta;Gildan;Negro, Coral Seda, Blanco, Gris Deportivo, Azul Real, Azul Marino Jaspeado, Morado, Rojo;negro:04080b|coral-seda:f67875|blanco:f2f2f2|gris-deportivo:d5d5d7|azul-real:3e63b1|azul-marino-jaspeado:555a65|morado:402768|rojo:cd2f3c
bella-canvas-r-ultra-soft-jersey-unisex-t-shirt;Polo Unisex Bella + Canvas® Jersey Ultra Suave;ropa-bolsos;polos;PRD-J6SYEJEXK;Polo Unisex Bella + Canvas® Jersey Ultra Suave - Disponible en múltiples colores y tallas;/media/product_images/ropa_y_bolsos/polos/bella-canvas-r-ultra-soft-jersey-unisex-t-shirt-azul-real.jpg;active;unisex;cuello_redondo;manga_corta;Bella + Canvas;Azul Real, Negro, Blanco, Azul Marino, Asfalto, Rojo, Rosa, Natural;azul-real:064fab|negro:1d1d1d|blanco:fcfcfc|azul-marino:393b47|asfalto:575757|rojo:ad132a|rosa:e8d1d7|natural:dedac8
allmade-r-organic-cotton-unisex-t-shirt;Polo Unisex Allmade® Algodón Orgánico;ropa-bolsos;polos;PRD-TWEKBFWTX;Polo Unisex Allmade® Algodón Orgánico - Disponible en múltiples colores y tallas;/media/product_images/ropa_y_bolsos/polos/allmade-r-organic-cotton-unisex-t-shirt-azul-cielo-nocturno.jpg;active;unisex;cuello_redondo;manga_corta;Allmade;Azul Cielo Nocturno, Negro Profundo, Gris Terreno, Blanco Brillante;azul-cielo-nocturno:28263a|negro-profundo:242224|gris-terreno:545556|blanco-brillante:f6f5f7
district-r-very-important-tee-r-with-left-chest-and-back-print;Polo Unisex District® V.I.T.® con Estampado Pecho y Espalda;ropa-bolsos;polos;PRD-M4LEZOBPJ;Polo Unisex District® V.I.T.® con Estampado Pecho y Espalda - Disponible en múltiples colores y tallas;/media/product_images/ropa_y_bolsos/polos/district-r-very-important-tee-r-with-left-chest-and-back-print-azul-marino.jpg;active;unisex;cuello_redondo;manga_corta;District;Azul Marino, Rojo, Azul Real, Verde, Morado;azul-marino:1a1e33|rojo:b43a49|azul-real:6381ce|verde:30534d|morado:503b76
soft-touch-mens-t-shirt;Polo Unisex District® Tacto Suave;ropa-bolsos;polos;PRD-RU50RIWPS;Polo Unisex District® Tacto Suave - Disponible en múltiples colores y tallas;/media/product_images/ropa_y_bolsos/polos/soft-touch-mens-t-shirt-negro.jpg;active;unisex;cuello_redondo;manga_corta;District;Negro, Blanco, Rojo, Carbon, Azul Marino, Azul Real, Rosa Fucsia;negro:0|blanco:ffffff|rojo:ba0c2f|carbon:53535a|azul-marino:1f2a44|azul-real:1d428a|rosa-fucsia:f67599
gildan-r-softstyle-long-sleeve-t-shirt;Polo Unisex Gildan® Softstyle® Manga Larga;ropa-bolsos;polos;PRD-5ONR2SNR5;Polo Unisex Gildan® Softstyle® Manga Larga - Disponible en múltiples colores y tallas;/media/product_images/ropa_y_bolsos/polos/gildan-r-softstyle-long-sleeve-t-shirt-azul-marino.jpg;active;unisex;cuello_redondo;manga_larga;Gildan;Azul Marino, Gris Deportivo, Verde Militar, Carbon, Negro, Rojo Cereza;azul-marino:2c3041|gris-deportivo:d5d8df|verde-militar:7a805e|carbon:83827c|negro:312f31|rojo-cereza:de043e
district-r-very-important-tee-r-long-sleeve-with-left-chest-print-and-back-printing;Polo Unisex District® V.I.T.® Manga Larga con Estampado;ropa-bolsos;polos;PRD-SJSSJY2V6;Polo Unisex District® V.I.T.® Manga Larga con Estampado - Disponible en múltiples colores y tallas;/media/product_images/ropa_y_bolsos/polos/district-r-very-important-tee-r-long-sleeve-with-left-chest-print-and-back-printing-negro.jpg;active;unisex;cuello_redondo;manga_larga;District;Negro, Blanco, Gris, Azul Marino, Carbon;negro:1e1e1e|blanco:ececec|gris:c0c0c0|azul-marino:4a5364|carbon:58575b
district-r-very-important-tee-r-with-left-chest-print;Polo Unisex District® V.I.T.® con Estampado en Pecho;ropa-bolsos;polos;PRD-KEC6VZAR2;Polo Unisex District® V.I.T.® con Estampado en Pecho - Disponible en múltiples colores y tallas;/media/product_images/ropa_y_bolsos/polos/district-r-very-important-tee-r-with-left-chest-print-rojo.jpg;active;unisex;cuello_redondo;manga_corta;District;Rojo, Verde, Morado, Azul Marino, Carbon, Gris;rojo:b13947|verde:2d4d48|morado:443263|azul-marino:566478|carbon:3c4042|gris:ababab
soft-touch-womens-t-shirt;Polo Mujer District® Tacto Suave;ropa-bolsos;polos;PRD-J2VM1PY8B;Polo Mujer District® Tacto Suave - Disponible en múltiples colores y tallas;/media/product_images/ropa_y_bolsos/polos/soft-touch-womens-t-shirt-azul-real.jpg;active;mujer;cuello_redondo;manga_corta;District;Azul Real, Blanco, Negro, Carbon, Azul Marino, Rojo, Rosa Fucsia;azul-real:1d428a|blanco:ffffff|negro:0|carbon:53535a|azul-marino:1f2a44|rojo:ba0c2f|rosa-fucsia:f67599
district-r-women-s-very-important-tee-r-with-full-front-print;Polo Mujer District® V.I.T.® con Estampado Frontal;ropa-bolsos;polos;PRD-XMJYT4MI5;Polo Mujer District® V.I.T.® con Estampado Frontal - Disponible en múltiples colores y tallas;/media/product_images/ropa_y_bolsos/polos/district-r-women-s-very-important-tee-r-with-full-front-print-negro.jpg;active;mujer;cuello_redondo;manga_corta;District;Negro, Azul Real, Morado, Carbon, Azul Marino, Gris;negro:2b2726|azul-real:5565a4|morado:6a3595|carbon:5.64E+53|azul-marino:2c2b3d|gris:bcb6b4
hanes-r-essential-unisex-t-shirt;Polo Unisex Hanes® Esencial Cuello Redondo;ropa-bolsos;polos;PRD-RHQMTEUMM;Polo Unisex Hanes® Esencial Cuello Redondo - Disponible en múltiples colores y tallas;/media/product_images/ropa_y_bolsos/polos/hanes-r-essential-unisex-t-shirt-naranja.jpg;active;unisex;cuello_redondo;manga_corta;Hanes;Naranja, Azul Real, Deep Forest, Morado, Azul Marino, Light Steel, Gris, Negro;naranja:f36c40|azul-real:1b4587|deep-forest:152926|morado:52458d|azul-marino:72846|light-steel:bfbcc3|gris:5e5f65|negro:151020
port-company-r-performance-tee;Port & Company® Performance Tee;ropa-bolsos;polos;PRD-OJHC0V2BC;Port & Company® Performance Tee - Disponible en múltiples colores y tallas;/media/product_images/ropa_y_bolsos/polos/port-company-r-performance-tee-negro.jpg;active;unisex;cuello_redondo;manga_corta;Port & Company;Negro, Azul Real, Azul Real Verdadero, Morado Equipo, Gris, Azul Carolina, Amarillo, Rosa;negro:212121|azul-real:4064a9|azul-real-verdadero:1f3d8e|morado-equipo:4d2a6e|gris:a09f9b|azul-carolina:6e84b6|amarillo:d1f86b|rosa:fe6995
district-r-women-s-v-i-t-tm-gathered-back-tank-with-full-front-print;District® Women’s V.I.T.™ Gathered Back Camiseta Sin Mangas con Estampado Frontal;ropa-bolsos;polos;PRD-YCW6KTPHY;District® Women’s V.I.T.™ Gathered Back Camiseta Sin Mangas con Estampado Frontal - Disponible en múltiples colores y tallas;/media/product_images/ropa_y_bolsos/polos/district-r-women-s-v-i-t-tm-gathered-back-tank-with-full-front-print-rojo.jpg;active;mujer;sin_mangas;sin_mangas;District;Rojo, Blanco, Azul Marino, Azul Real, Gris, Negro, Carbon;rojo:2e93cf|blanco:f2f2f2|azul-marino:22222e|azul-real:2b3486|gris:7c7770|negro:24201f|carbon:524a4d
district-r-women-s-very-important-tee-r-v-neck-with-left-chest-and-back-print;District® Women’s Very Important Tee® Cuello V with Left Chest and Back Print;ropa-bolsos;polos;PRD-GURKDU3VZ;District® Women’s Very Important Tee® Cuello V with Left Chest and Back Print - Disponible en múltiples colores y tallas;/media/product_images/ropa_y_bolsos/polos/district-r-women-s-very-important-tee-r-v-neck-with-left-chest-and-back-print-blanco.jpg;active;mujer;cuello_v;manga_corta;District;Blanco, Azul Real, Gris, Azul Marino, Carbon, Fuchsia Frost;blanco:eeeeee|azul-real:505fa0|gris:b7b3b0|azul-marino:4e4e64|carbon:5a5254|fuchsia-frost:ec3f79
district-r-youth-very-important-tee-r-with-full-front-print-and-back;District® Youth Very Important Tee® con Estampado Frontal and Back Print;ropa-bolsos;polos;PRD-M1SNAWARB;District® Youth Very Important Tee® con Estampado Frontal and Back Print - Disponible en múltiples colores y tallas;/media/product_images/ropa_y_bolsos/polos/district-r-youth-very-important-tee-r-with-full-front-print-and-back-negro.jpg;active;juvenil;cuello_redondo;manga_corta;District;Negro, Azul Real, Rojo, Azul Marino, Gris, Carbon;negro:222222|azul-real:4c69b5|rojo:cf0831|azul-marino:2e2d40|gris:919191|carbon:4c4d4f
district-r-very-important-tee-r-with-full-front-and-back-print;District® Very Important Tee® with Full Front and Back Print;ropa-bolsos;polos;PRD-PPLECE4MD;District® Very Important Tee® with Full Front and Back Print - Disponible en múltiples colores y tallas;/media/product_images/ropa_y_bolsos/polos/district-r-very-important-tee-r-with-full-front-and-back-print-morado.jpg;active;unisex;cuello_redondo;manga_corta;District;Morado, Verde, Azul Marino, Gris, Rojo, Azul Real, Negro;morado:5.03E+75|verde:2b4a45|azul-marino:515f6e|gris:a4a4a4|rojo:56966f|azul-real:5c7bcc|negro:1f1f1f
next-level-triblend-short-sleeve-crew;Next Level Triblend T-Shirt;ropa-bolsos;polos;PRD-QTRNRKNHR;Next Level Triblend T-Shirt - Disponible en múltiples colores y tallas;/media/product_images/ropa_y_bolsos/polos/next-level-triblend-short-sleeve-crew-azul.jpg;active;unisex;cuello_redondo;manga_corta;Next Level;Azul, Vintage Turquoise, Azul Real, Rojo, Indigo, Morado, Azul Marino;azul:94e1e7|vintage-turquoise:39a4c6|azul-real:526ba2|rojo:be242a|indigo:51606c|morado:59434e|azul-marino:595b6e
district-r-women-s-very-important-tee-r-v-neck-with-left-chest-print-and-back-printing;District® Women’s Very Important Tee® Cuello V con Estampado en Pecho;ropa-bolsos;polos;PRD-0HBESMDP5;District® Women’s Very Important Tee® Cuello V con Estampado en Pecho - Disponible en múltiples colores y tallas;/media/product_images/ropa_y_bolsos/polos/district-r-women-s-very-important-tee-r-v-neck-with-left-chest-print-and-back-printing-negro.jpg;active;mujer;cuello_v;manga_corta;District;Negro, Azul Real, Rojo, Carbon, Gris, Azul Marino, Fuchsia Frost;negro:272323|azul-real:505fa0|rojo:ad3041|carbon:5a5254|gris:b7b3b0|azul-marino:4e4e64|fuchsia-frost:ec3f79
gildan-r-heavy-cotton-tm-youth-t-shirt;Polo Juvenil Gildan® Heavy Cotton™ Cuello Redondo;ropa-bolsos;polos;PRD-E9J8SM8FR;Polo Juvenil Gildan® Heavy Cotton™ Cuello Redondo - Disponible en múltiples colores y tallas;/media/product_images/ropa_y_bolsos/polos/gildan-r-heavy-cotton-tm-youth-t-shirt-arena.jpg;active;juvenil;cuello_redondo;manga_corta;Gildan;Arena, Amarillo, Margarita, Cardenal, Violeta, Verde, Verde Irlandes, Azalea;arena:ebdfc9|amarillo:fdce7c|margarita:fee34b|cardenal:b1333e|violeta:a7a0c2|verde:77cf55|verde-irlandes:01bb6e|azalea:fe8fa8
tultex-unisex-poly-rich-t-shirt;Polo Unisex Tultex® Poly-Rich;ropa-bolsos;polos;PRD-BUJTP98EI;Polo Unisex Tultex® Poly-Rich - Disponible en múltiples colores y tallas;/media/product_images/ropa_y_bolsos/polos/tultex-unisex-poly-rich-t-shirt-heather-peach.jpg;active;unisex;cuello_redondo;manga_corta;Tultex;Heather Peach, Azul Marino Jaspeado, Negro, Azul, Verde, Rojo, Naranja, Azul Marino;heather-peach:e38062|azul-marino-jaspeado:686872|negro:0|azul:a1b9e2|verde:afbc92|rojo:c82030|naranja:d56e51|azul-marino:2d3044
jerzees-r-dri-power-r-active-unisex-t-shirt;Polo Unisex JERZEES® Dri-Power® Deportivo;ropa-bolsos;polos;PRD-L7BZCAPM3;Polo Unisex JERZEES® Dri-Power® Deportivo - Disponible en múltiples colores y tallas;/media/product_images/ropa_y_bolsos/polos/jerzees-r-dri-power-r-active-unisex-t-shirt-rosa.jpg;active;unisex;cuello_redondo;manga_corta;JERZEES;Rosa, Rojo, Azul Claro, Blanco, Verde Militar, Verde, Morado;rosa:ec81a5|rojo:7d060f|azul-claro:bfcfe6|blanco:f6f7f9|verde-militar:4b5232|verde:cef878|morado:35274a
district-r-v-i-t-tm-muscle-tank-with-full-front-and-back-print;Tank Top Unisex District® V.I.T.™ con Estampado;ropa-bolsos;polos;PRD-5WKYM9NMU;Tank Top Unisex District® V.I.T.™ con Estampado - Disponible en múltiples colores y tallas;/media/product_images/ropa_y_bolsos/polos/district-r-v-i-t-tm-muscle-tank-with-full-front-and-back-print-negro.jpg;active;unisex;sin_mangas;sin_mangas;District;Negro, Azul Real, Gris, Blanco;negro:1d1d1d|azul-real:5e7cc7|gris:8d8d8d|blanco:f7f7f7
port-company-r-fan-favorite-tm-unisex-t-shirt;Polo Unisex Port & Company® Fan Favorite™;ropa-bolsos;polos;PRD-HSQNEH9DV;Polo Unisex Port & Company® Fan Favorite™ - Disponible en múltiples colores y tallas;/media/product_images/ropa_y_bolsos/polos/port-company-r-fan-favorite-tm-unisex-t-shirt-negro.jpg;active;unisex;cuello_redondo;manga_corta;Port & Company;Negro, Gris, Granate;negro:2c2c2c|gris:393939|granate:5b202c
gildan-r-dryblend-tm-long-sleeve-t-shirt;Polo Unisex Gildan® DryBlend™ Manga Larga;ropa-bolsos;polos;PRD-1SRJVPVAY;Polo Unisex Gildan® DryBlend™ Manga Larga - Disponible en múltiples colores y tallas;/media/product_images/ropa_y_bolsos/polos/gildan-r-dryblend-tm-long-sleeve-t-shirt-negro.jpg;active;unisex;cuello_redondo;manga_larga;Gildan;Negro, Gris Deportivo, Azul Real, Naranja, Azul Marino, Verde Bosque, Rojo, Blanco;negro:0|gris-deportivo:cdcdcd|azul-real:4.17E+04|naranja:ffa500|azul-marino:80|verde-bosque:347235|rojo:ff0000|blanco:ffffff
hanes-r-cool-dri-r-performance-t-shirt;Hanes® Cool Dri® Short Sleeve Performance T-Shirt;ropa-bolsos;polos;PRD-EFSSVRMEX;Hanes® Cool Dri® Short Sleeve Performance T-Shirt - Disponible en múltiples colores y tallas;/media/product_images/ropa_y_bolsos/polos/hanes-r-cool-dri-r-performance-t-shirt-azul-claro.jpg;active;unisex;cuello_redondo;manga_corta;Hanes;Azul Claro, Negro, Rojo, Blanco, Graphite, Azul Marino;azul-claro:b2cae4|negro:312c30|rojo:d00449|blanco:ebecf0|graphite:948e9a|azul-marino:2d3e70
port-company-r-men-s-core-cotton-t-shirt-screenprint;Port & Company® Men's Core Cotton T-Shirt Screenprint;ropa-bolsos;polos;PRD-I8ER8YMUI;Port & Company® Men's Core Cotton T-Shirt Screenprint - Disponible en múltiples colores y tallas;/media/product_images/ropa_y_bolsos/polos/port-company-r-men-s-core-cotton-t-shirt-screenprint-verde-azulado.jpg;active;hombre;cuello_redondo;manga_corta;Port & Company;Verde Azulado, Cardenal, Kelly, Verde Oscuro, Sangria, Azul Claro, Amarillo, Heather Sangria;verde-azulado:006f7a|cardenal:8.41E+35|kelly:00af74|verde-oscuro:3.94E+43|sangria:f85582|azul-claro:b7d2dd|amarillo:edf063|heather-sangria:f76685
port-company-r-ladies-fan-favorite-tee;Port & Company® Ladies Fan Favorite Tee;ropa-bolsos;polos;PRD-T3XZ8EPPH;Port & Company® Ladies Fan Favorite Tee - Disponible en múltiples colores y tallas;/media/product_images/ropa_y_bolsos/polos/port-company-r-ladies-fan-favorite-tee-naranja.jpg;active;mujer;cuello_redondo;manga_corta;Port & Company;Naranja, Blanco, Azul Marino, Morado Equipo, Rojo, Azul Real Verdadero, Rosa, Verde Bosque;naranja:fe510d|blanco:f8f8f8|azul-marino:1f2437|morado-equipo:34194a|rojo:da1d33|azul-real-verdadero:022d64|rosa:fe87a5|verde-bosque:244331
elevate-men-s-omi-short-sleeve-tech-t-shirt;Elevate Men's Omi Short Sleeve Tech T-Shirt;ropa-bolsos;polos;PRD-ASID68BLC;Elevate Men's Omi Short Sleeve Tech T-Shirt - Disponible en múltiples colores y tallas;/media/product_images/ropa_y_bolsos/polos/elevate-men-s-omi-short-sleeve-tech-t-shirt-blanco.jpg;active;hombre;cuello_redondo;manga_corta;;Blanco, Negro, Gris, Azul Marino, Azul Real, Naranja, Rojo, Sky;blanco:efefef|negro:20202|gris:949293|azul-marino:323846|azul-real:00448f|naranja:f36b39|rojo:a11e2b|sky:abc9e5
hanes-r-authentic-short-sleeve-t-shirt;Hanes® Authentic Short Sleeve T-Shirt;ropa-bolsos;polos;PRD-PWSEOHXQV;Hanes® Authentic Short Sleeve T-Shirt - Disponible en múltiples colores y tallas;/media/product_images/ropa_y_bolsos/polos/hanes-r-authentic-short-sleeve-t-shirt-rosa.jpg;active;unisex;cuello_redondo;manga_corta;Hanes;Rosa, Naranja, Gris, Rojo, Azul Claro, Verde Kelly, Morado;rosa:ff668f|naranja:fe5629|gris:9f9f9f|rojo:df0037|azul-claro:bbd2dc|verde-kelly:02a774|morado:5b418a
gildan-r-ultra-cotton-tm-long-sleeve-t-shirt;Gildan® Ultra Cotton™ Manga Larga T-Shirt;ropa-bolsos;polos;PRD-PDCCDECIR;Gildan® Ultra Cotton™ Manga Larga T-Shirt - Disponible en múltiples colores y tallas;/media/product_images/ropa_y_bolsos/polos/gildan-r-ultra-cotton-tm-long-sleeve-t-shirt-azul-real.jpg;active;unisex;cuello_redondo;manga_larga;Gildan;Azul Real, Naranja, Morado, Gris Deportivo, Azul, Carbon, Verde Militar;azul-real:2858ba|naranja:bf6f3a|morado:420078|gris-deportivo:c3c5d1|azul:4f678a|carbon:756e6f|verde-militar:646545
district-r-very-important-tee-r-long-sleeve-with-full-front-and-back-print;District® Very Important Tee® Manga Larga with Full-Front and Back Print;ropa-bolsos;polos;PRD-WOIDWFFII;District® Very Important Tee® Manga Larga with Full-Front and Back Print - Disponible en múltiples colores y tallas;/media/product_images/ropa_y_bolsos/polos/district-r-very-important-tee-r-long-sleeve-with-full-front-and-back-print-gris.jpg;active;unisex;cuello_redondo;manga_larga;District;Gris, Negro, Carbon, Azul Marino, Blanco;gris:c0c0c0|negro:1e1e1e|carbon:58575b|azul-marino:3c4556|blanco:ececec
district-r-very-important-tee-r-with-full-front-print-and-back-printing;District® Very Important Tee® with Full Front Print and Back Printing;ropa-bolsos;polos;PRD-A9UJBKWHR;District® Very Important Tee® with Full Front Print and Back Printing - Disponible en múltiples colores y tallas;/media/product_images/ropa_y_bolsos/polos/district-r-very-important-tee-r-with-full-front-print-and-back-printing-azul-marino.jpg;active;unisex;cuello_redondo;manga_corta;District;Azul Marino, Azul Real, Rojo, Morado, Negro;azul-marino:1a1e33|azul-real:2b4082|rojo:569c72|morado:4a356d|negro:1f1f1f
district-r-women-s-very-important-tee-r-long-sleeve-v-neck-with-left-chest-print-and-back-printing;District® Women's Very Important Tee® Manga Larga Cuello V con Estampado en Pecho and Back Printing;ropa-bolsos;polos;PRD-F2MFGXAZE;District® Women's Very Important Tee® Manga Larga Cuello V con Estampado en Pecho and Back Printing - Disponible en múltiples colores y tallas;/media/product_images/ropa_y_bolsos/polos/district-r-women-s-very-important-tee-r-long-sleeve-v-neck-with-left-chest-print-and-back-printing-gris.jpg;active;mujer;cuello_v;manga_larga;District;Gris, Azul Marino, Carbon, Negro, Blanco;gris:bab7b4|azul-marino:47485d|carbon:554c4f|negro:2b2727|blanco:f1f1f1
district-r-very-important-tee-r-v-neck-with-full-front-and-back-print;District® Very Important Tee® Cuello V with Full-Front and Back Print;ropa-bolsos;polos;PRD-I8PDE6L63;District® Very Important Tee® Cuello V with Full-Front and Back Print - Disponible en múltiples colores y tallas;/media/product_images/ropa_y_bolsos/polos/district-r-very-important-tee-r-v-neck-with-full-front-and-back-print-negro.jpg;active;unisex;cuello_v;manga_corta;District;Negro, Azul Marino, Azul Real, Gris, Carbon, Blanco, Rojo;negro:212121|azul-marino:454f61|azul-real:5c80ce|gris:afafaf|carbon:46464a|blanco:ededed|rojo:8f1520
gildan-r-performance-long-sleeve-shirt;Gildan® Performance Manga Larga Shirt;ropa-bolsos;polos;PRD-0NZLVK7YQ;Gildan® Performance Manga Larga Shirt - Disponible en múltiples colores y tallas;/media/product_images/ropa_y_bolsos/polos/gildan-r-performance-long-sleeve-shirt-verde.jpg;active;unisex;cuello_redondo;manga_larga;Gildan;Verde, Blanco, Azul Real, Azul Marino, Carbon, Negro, Naranja, Morado;verde:dde00f|blanco:ffffff|azul-real:4.17E+04|azul-marino:80|carbon:34282c|negro:0|naranja:ffa500|morado:800080
gildan-r-heavy-cotton-women-s-t-shirt;Gildan® Algodón Pesado Polo Mujer;ropa-bolsos;polos;PRD-PFKK5FPRR;Gildan® Algodón Pesado Polo Mujer - Disponible en múltiples colores y tallas;/media/product_images/ropa_y_bolsos/polos/gildan-r-heavy-cotton-women-s-t-shirt-negro.jpg;active;mujer;cuello_redondo;manga_corta;Gildan;Negro, Margarita, Coral Seda, Zafiro, Azul, Naranja, Rosa Claro, Azul Claro;negro:151515|margarita:fecf08|coral-seda:fe6f6a|zafiro:5cafd8|azul:328d86|naranja:fe4b28|rosa-claro:ebb8c7|azul-claro:c4d7db
district-r-v-i-t-tm-muscle-tank-with-left-chest-and-back-print;District® V.I.T.™ Muscle Camiseta Sin Mangas with Left Chest and Back Print;ropa-bolsos;polos;PRD-JPVAHITLF;District® V.I.T.™ Muscle Camiseta Sin Mangas with Left Chest and Back Print - Disponible en múltiples colores y tallas;/media/product_images/ropa_y_bolsos/polos/district-r-v-i-t-tm-muscle-tank-with-left-chest-and-back-print-gris.jpg;active;unisex;sin_mangas;sin_mangas;District;Gris, Negro, Azul Real;gris:8d8d8d|negro:1d1d1d|azul-real:5e7cc7
port-company-r-fan-favorite-tm-long-sleeve-t-shirt;Port & Company® Fan Favorite™ Manga Larga T-shirt;ropa-bolsos;polos;PRD-NUSDNKNTA;Port & Company® Fan Favorite™ Manga Larga T-shirt - Disponible en múltiples colores y tallas;/media/product_images/ropa_y_bolsos/polos/port-company-r-fan-favorite-tm-long-sleeve-t-shirt-azul-real-verdadero.jpg;active;unisex;cuello_redondo;manga_larga;Port & Company;Azul Real Verdadero, Rojo, Cardenal, Azul Marino, Carbon, Negro, Verde Bosque, Gris;azul-real-verdadero:2943a0|rojo:d6323d|cardenal:af2b39|azul-marino:303749|carbon:424240|negro:2c2c2c|verde-bosque:304c3d|gris:494949
tultex-unisex-fine-jersey-tank-top;Tultex Fine Jersey Camiseta Sin Mangas;ropa-bolsos;polos;PRD-WNTFUHEU3;Tultex Fine Jersey Camiseta Sin Mangas - Disponible en múltiples colores y tallas;/media/product_images/ropa_y_bolsos/polos/tultex-unisex-fine-jersey-tank-top-negro.jpg;active;unisex;sin_mangas;sin_mangas;;Negro, Azul Marino, Blanco, Rojo, Gris Jaspeado;negro:0|azul-marino:2f3246|blanco:ffffff|rojo:c82030|gris-jaspeado:a8a8a8
district-r-very-important-tee-r-v-neck-with-left-chest-and-back-print;District® Very Important Tee® Cuello V with Left Chest and Back Print;ropa-bolsos;polos;PRD-4DFJULNAR;District® Very Important Tee® Cuello V with Left Chest and Back Print - Disponible en múltiples colores y tallas;/media/product_images/ropa_y_bolsos/polos/district-r-very-important-tee-r-v-neck-with-left-chest-and-back-print-azul-marino.jpg;active;unisex;cuello_v;manga_corta;District;Azul Marino, Negro, Carbon, Gris, Azul Real, Blanco, Rojo;azul-marino:131728|negro:212121|carbon:46464a|gris:afafaf|azul-real:5c80ce|blanco:ededed|rojo:8f1520
next-level-tm-women-s-ideal-racerback-tank;Next Level™ Women's Ideal Racerback Camiseta Sin Mangas;ropa-bolsos;polos;PRD-VSA13NCKX;Next Level™ Women's Ideal Racerback Camiseta Sin Mangas - Disponible en múltiples colores y tallas;/media/product_images/ropa_y_bolsos/polos/next-level-tm-women-s-ideal-racerback-tank-verde-kelly.jpg;active;mujer;sin_mangas;sin_mangas;Next Level;Verde Kelly, Azul, Lila, Rojo, Azul Real, Cardenal, Turquoise, Gris;verde-kelly:00b564|azul:00cfc9|lila:e7b0cd|rojo:bf0932|azul-real:114587|cardenal:771c2d|turquoise:016dab|gris:615d5e
port-company-r-tri-blend-unisex-tee;Port & Company® Tri-Blend Unisex Tee;ropa-bolsos;polos;PRD-QBAQTUIUR;Port & Company® Tri-Blend Unisex Tee - Disponible en múltiples colores y tallas;/media/product_images/ropa_y_bolsos/polos/port-company-r-tri-blend-unisex-tee-negro.jpg;active;unisex;cuello_redondo;manga_corta;Port & Company;Negro, Azul Real, Naranja, Verde Azulado, Verde, Morado, Marron;negro:1a1a1a|azul-real:4a6dbd|naranja:ea5e34|verde-azulado:437683|verde:3c4c3b|morado:3d2c57|marron:685b3d
district-r-youth-very-important-tee-r-with-full-front-and-back-print;District® Youth Very Important Tee® with Full-Front and Back Print;ropa-bolsos;polos;PRD-Z5HAWRD3D;District® Youth Very Important Tee® with Full-Front and Back Print - Disponible en múltiples colores y tallas;/media/product_images/ropa_y_bolsos/polos/district-r-youth-very-important-tee-r-with-full-front-and-back-print-azul-real.jpg;active;juvenil;cuello_redondo;manga_corta;District;Azul Real, Rojo, Gris, Carbon, Negro;azul-real:2a4a8b|rojo:548d6c|gris:919191|carbon:575254|negro:222222
jerzees-r-dri-power-r-active-long-sleeve-t-shirt;Polo Unisex JERZEES® Dri-Power® Manga Larga;ropa-bolsos;polos;PRD-EXX98EXIX;Polo Unisex JERZEES® Dri-Power® Manga Larga - Disponible en múltiples colores y tallas;/media/product_images/ropa_y_bolsos/polos/jerzees-r-dri-power-r-active-long-sleeve-t-shirt-negro.jpg;active;unisex;cuello_redondo;manga_larga;JERZEES;Negro, Azul, Rosa, Naranja, Azul Marino, Cardenal, Arena;negro:0|azul:0189a1|rosa:e43975|naranja:fe4f26|azul-marino:121420|cardenal:8f1025|arena:d4cbbd
district-r-very-important-tee-r-v-neck-with-full-front-print-and-back;Polo Unisex District® V.I.T.® Cuello V Estampado Completo;ropa-bolsos;polos;PRD-0DZGFKNVD;Polo Unisex District® V.I.T.® Cuello V Estampado Completo - Disponible en múltiples colores y tallas;/media/product_images/ropa_y_bolsos/polos/district-r-very-important-tee-r-v-neck-with-full-front-print-and-back-azul-marino.jpg;active;unisex;cuello_v;manga_corta;District;Azul Marino, Azul Real, Negro, Blanco, Carbon, Gris;azul-marino:131728|azul-real:5c80ce|negro:212121|blanco:ededed|carbon:46464a|gris:afafaf
district-r-women-s-v-i-t-tm-gathered-back-tank-with-left-chest-print;District® Women’s V.I.T.™ Gathered Back Camiseta Sin Mangas con Estampado en Pecho;ropa-bolsos;polos;PRD-DWOTAYAUF;District® Women’s V.I.T.™ Gathered Back Camiseta Sin Mangas con Estampado en Pecho - Disponible en múltiples colores y tallas;/media/product_images/ropa_y_bolsos/polos/district-r-women-s-v-i-t-tm-gathered-back-tank-with-left-chest-print-rojo.jpg;active;mujer;sin_mangas;sin_mangas;District;Rojo, Azul Marino, Negro, Azul Real, Carbon, Blanco, Gris;rojo:2e93cf|azul-marino:22222e|negro:24201f|azul-real:2b3486|carbon:524a4d|blanco:f2f2f2|gris:7c7770
next-level-apparel-ladies-festival-cali-crop-t-shirt;Top Crop Mujer Next Level Festival;ropa-bolsos;polos;PRD-S33PK8AIF;Top Crop Mujer Next Level Festival - Disponible en múltiples colores y tallas;/media/product_images/ropa_y_bolsos/polos/next-level-apparel-ladies-festival-cali-crop-t-shirt-negro.jpg;active;mujer;crop_top;manga_corta;Next Level;Negro, Azul Real, Rosa, Dorado, Smoked Paprika, Shiraz, Ceniza, Carbon;negro:0|azul-real:547564|rosa:f1beab|dorado:c69d45|smoked-paprika:6d4344|shiraz:593541|ceniza:a4acb9|carbon:42474b
district-r-women-s-racerback-tank-top-heat-transfer;Tank Top Mujer District® Espalda Atlética;ropa-bolsos;polos;PRD-NTXDCUXST;Tank Top Mujer District® Espalda Atlética - Disponible en múltiples colores y tallas;/media/product_images/ropa_y_bolsos/polos/district-r-women-s-racerback-tank-top-heat-transfer-negro.jpg;active;mujer;sin_mangas;sin_mangas;District;Negro, Turquoise Frost, Blanco, Rojo, Morado, Fuchsia Frost, Azul Marino, Azul Real;negro:333333|turquoise-frost:67aece|blanco:e5e6e8|rojo:b63a44|morado:52457d|fuchsia-frost:e25982|azul-marino:545a68|azul-real:5760aa
